time_us,sensor,value,status
0,PRESSURE,101.2199,OK
0,TEMPERATURE,21.79863,OK
0,VIBRATION,-0.5220748,OK
0,HUMIDITY,45.05422,OK
1482,VIBRATION,0.07897034,OK
2519,VIBRATION,-0.03240669,OK
3750,VIBRATION,-0.09742206,OK
5000,VIBRATION,-0.5319202,OK
6250,VIBRATION,-0.5776624,OK
7500,VIBRATION,-0.5060476,OK
8750,VIBRATION,-0.4143068,OK
10000,PRESSURE,101.15,OK
10000,TEMPERATURE,21.79159,OK
10000,VIBRATION,-0.9466609,OK
11250,VIBRATION,-0.7486015,OK
12500,VIBRATION,-0.2356284,OK
13750,VIBRATION,-0.3076222,OK
15046,VIBRATION,-0.197319,OK
16250,VIBRATION,-0.01663439,OK
17500,VIBRATION,0.2899723,OK
18750,VIBRATION,0.1025635,OK
20000,PRESSURE,101.1343,OK
20000,TEMPERATURE,21.79793,OK
20000,VIBRATION,0.5083663,OK
21250,VIBRATION,0.3594687,OK
22500,VIBRATION,0.5294523,OK
23750,VIBRATION,-0.04868182,OK
25000,VIBRATION,0.1289753,OK
26250,VIBRATION,-0.2158113,OK
27500,VIBRATION,-0.3470046,OK
28750,VIBRATION,0.02140207,OK
30000,PRESSURE,101.1857,OK
30000,TEMPERATURE,21.70351,OK
30000,VIBRATION,-0.1349218,OK
31250,VIBRATION,0.4246404,OK
32500,VIBRATION,0.8125312,OK
33802,VIBRATION,0.7152947,OK
35000,VIBRATION,1.593981,OK
36250,VIBRATION,1.270196,OK
37500,VIBRATION,1.076065,OK
38750,VIBRATION,0.7861683,OK
40000,PRESSURE,101.2012,OK
40000,TEMPERATURE,21.71676,OK
40000,VIBRATION,0.7423167,OK
41250,VIBRATION,0.5812899,OK
42500,VIBRATION,0.4966903,OK
43750,VIBRATION,0.5780325,OK
45000,VIBRATION,0.8706234,OK
46250,VIBRATION,1.072733,OK
47500,VIBRATION,0.647999,OK
48750,VIBRATION,0.9762355,OK
50000,PRESSURE,101.1289,OK
50000,TEMPERATURE,21.93141,OK
50000,VIBRATION,1.305929,OK
51250,VIBRATION,1.15154,OK
52500,VIBRATION,0.9249833,OK
53750,VIBRATION,1.217205,OK
55000,VIBRATION,0.9473266,OK
56250,VIBRATION,1.175698,OK
57500,VIBRATION,0.9617299,OK
58750,VIBRATION,1.104789,OK
60000,PRESSURE,101.1713,OK
60000,TEMPERATURE,21.9665,OK
60000,VIBRATION,0.846154,OK
61250,VIBRATION,0.9774931,OK
62500,VIBRATION,0.7676243,OK
63750,VIBRATION,0.467589,OK
65000,VIBRATION,1.277694,OK
66250,VIBRATION,1.25137,OK
67500,VIBRATION,0.9268581,OK
68750,VIBRATION,0.5957796,OK
70000,PRESSURE,101.1724,OK
70000,TEMPERATURE,21.80269,OK
70000,VIBRATION,0.4962026,OK
71250,VIBRATION,0.5375425,OK
72500,VIBRATION,0.3534027,OK
73750,VIBRATION,1.241341,OK
75000,VIBRATION,1.355868,OK
76250,VIBRATION,1.134746,OK
77500,VIBRATION,1.046632,OK
78750,VIBRATION,0.6281335,OK
80000,PRESSURE,101.2347,OK
80000,TEMPERATURE,21.74915,OK
80000,VIBRATION,0.9143602,OK
81251,VIBRATION,1.120222,OK
82500,VIBRATION,0.9923378,OK
83750,VIBRATION,0.7863442,OK
85000,VIBRATION,0.6887707,OK
86250,VIBRATION,0.4035304,OK
87500,VIBRATION,0.6437353,OK
88750,VIBRATION,0.4665891,OK
90000,PRESSURE,101.2407,OK
90000,TEMPERATURE,21.72665,OK
90000,VIBRATION,0.7542641,OK
91250,VIBRATION,1.167376,OK
92500,VIBRATION,0.940321,OK
93750,VIBRATION,1.166226,OK
95000,VIBRATION,0.8167857,OK
96250,VIBRATION,1.013695,OK
97500,VIBRATION,0.9036327,OK
98750,VIBRATION,1.044271,OK
100000,PRESSURE,101.2355,OK
100000,TEMPERATURE,21.59478,OK
100000,VIBRATION,0.574969,OK
101250,VIBRATION,0.7054066,OK
102500,VIBRATION,0.8658063,OK
103750,VIBRATION,1.010607,OK
105000,VIBRATION,0.9165159,OK
106250,VIBRATION,0.5890738,OK
107500,VIBRATION,0.3640605,OK
108750,VIBRATION,0.8247066,OK
110000,PRESSURE,101.2345,OK
110000,TEMPERATURE,21.64945,OK
110000,VIBRATION,0.5947883,OK
111250,VIBRATION,0.1993853,OK
112500,VIBRATION,0.7760523,OK
113750,VIBRATION,-0.09370137,OK
115000,VIBRATION,0.1647742,OK
116250,VIBRATION,0.06473943,OK
117500,VIBRATION,-0.05400723,OK
118750,VIBRATION,-0.467236,OK
120000,PRESSURE,101.1932,OK
120000,TEMPERATURE,21.62407,OK
120000,VIBRATION,0.1538892,OK
121250,VIBRATION,-0.194242,OK
122500,VIBRATION,-0.8548718,OK
123750,VIBRATION,-1.112794,OK
125000,VIBRATION,-1.353127,OK
126250,VIBRATION,-1.213305,OK
127500,VIBRATION,-1.179496,OK
128750,VIBRATION,-1.067357,OK
130000,PRESSURE,101.2853,OK
130000,TEMPERATURE,21.53534,OK
130000,VIBRATION,-1.025858,OK
131250,VIBRATION,-0.9000116,OK
132500,VIBRATION,-0.6846432,OK
133750,VIBRATION,-0.8734832,OK
135000,VIBRATION,-0.664466,OK
136250,VIBRATION,-0.2701285,OK
137500,VIBRATION,-0.6513556,OK
138750,VIBRATION,-0.5801531,OK
140000,PRESSURE,101.3048,OK
140000,TEMPERATURE,21.62001,OK
140000,VIBRATION,-0.6088432,OK
141250,VIBRATION,-0.7225757,OK
142500,VIBRATION,-0.2590257,OK
143750,VIBRATION,-0.2433432,OK
145000,VIBRATION,-0.4527642,OK
146250,VIBRATION,-0.3179435,OK
147514,VIBRATION,-0.02175532,OK
148750,VIBRATION,-0.155667,OK
150000,PRESSURE,101.2809,OK
150000,TEMPERATURE,21.74945,OK
150000,VIBRATION,-0.2039982,OK
151250,VIBRATION,-0.1516224,OK
152500,VIBRATION,-0.5723249,OK
153750,VIBRATION,-0.1822002,OK
155000,VIBRATION,-0.03718088,OK
156250,VIBRATION,0.09765921,OK
157500,VIBRATION,0.2829376,OK
158750,VIBRATION,0.3499717,OK
160000,PRESSURE,101.357,OK
160000,TEMPERATURE,21.76518,OK
160000,VIBRATION,0.2905232,OK
161250,VIBRATION,0.02397178,OK
162500,VIBRATION,-0.1700077,OK
163750,VIBRATION,-0.3730796,OK
165000,VIBRATION,-0.2409886,OK
166250,VIBRATION,-0.2484711,OK
167500,VIBRATION,0.09790614,OK
168750,VIBRATION,0.1296671,OK
170000,PRESSURE,101.4122,OK
170000,TEMPERATURE,21.89516,OK
170000,VIBRATION,0.4841832,OK
171250,VIBRATION,0.5109509,OK
172500,VIBRATION,0.8690948,OK
173750,VIBRATION,1.335787,OK
175000,VIBRATION,1.781504,OK
176250,VIBRATION,1.866071,OK
177500,VIBRATION,1.393476,OK
178750,VIBRATION,1.407812,OK
180000,PRESSURE,101.3608,OK
180000,TEMPERATURE,21.78833,OK
180000,VIBRATION,1.471324,OK
181250,VIBRATION,1.372635,OK
182500,VIBRATION,0.9290795,OK
183750,VIBRATION,1.407729,OK
185000,VIBRATION,1.530196,OK
186250,VIBRATION,1.017189,OK
187500,VIBRATION,1.41427,OK
188750,VIBRATION,1.67336,OK
190000,PRESSURE,101.3543,OK
190000,TEMPERATURE,21.71311,OK
190000,VIBRATION,2.088934,OK
191250,VIBRATION,1.966624,OK
192500,VIBRATION,1.871472,OK
193750,VIBRATION,1.522219,OK
195000,VIBRATION,1.219864,OK
196250,VIBRATION,1.198721,OK
197500,VIBRATION,1.243093,OK
198750,VIBRATION,0.5553616,OK
200000,PRESSURE,101.309,OK
200000,TEMPERATURE,21.55205,OK
200000,VIBRATION,0.3284432,OK
201250,VIBRATION,0.7921915,OK
202500,VIBRATION,0.9921329,OK
203750,VIBRATION,0.8926019,OK
205000,VIBRATION,0.6643222,OK
206251,VIBRATION,0.5548672,OK
207500,VIBRATION,0.5899952,OK
208750,VIBRATION,1.006365,OK
210000,PRESSURE,101.3111,OK
210000,TEMPERATURE,21.54947,OK
210000,VIBRATION,0.4910395,OK
211250,VIBRATION,0.4343792,OK
212500,VIBRATION,0.2557968,OK
213750,VIBRATION,-0.02028684,OK
215000,VIBRATION,-0.3324445,OK
216250,VIBRATION,0.253322,OK
217500,VIBRATION,0.4619533,OK
218750,VIBRATION,0.6013073,OK
220108,PRESSURE,101.3458,OK
220108,TEMPERATURE,21.41965,OK
220108,VIBRATION,0.5432934,OK
221250,VIBRATION,0.2323876,OK
222500,VIBRATION,0.3212696,OK
223750,VIBRATION,0.4978167,OK
225000,VIBRATION,0.5834941,OK
226250,VIBRATION,0.3570148,OK
227500,VIBRATION,0.1591684,OK
228750,VIBRATION,0.1397867,OK
230001,PRESSURE,101.2595,OK
230001,TEMPERATURE,21.45694,OK
230001,VIBRATION,0.06826285,OK
231250,VIBRATION,-0.04378068,OK
232500,VIBRATION,-0.02242388,OK
233750,VIBRATION,0.1501586,OK
235000,VIBRATION,-0.007895052,OK
236250,VIBRATION,-0.07223539,OK
237500,VIBRATION,0.2917464,OK
238750,VIBRATION,0.9195387,OK
240000,PRESSURE,101.2712,OK
240000,TEMPERATURE,21.67444,OK
240000,VIBRATION,0.6383238,OK
241250,VIBRATION,0.8514517,OK
242500,VIBRATION,0.5366051,OK
243750,VIBRATION,0.1719641,OK
245000,VIBRATION,0.1836272,OK
246250,VIBRATION,0.3395409,OK
247500,VIBRATION,0.5795035,OK
248750,VIBRATION,1.206602,OK
250000,PRESSURE,101.195,OK
250000,TEMPERATURE,21.69355,OK
250000,VIBRATION,0.8995108,OK
251250,VIBRATION,1.015133,OK
252500,VIBRATION,1.197572,OK
253750,VIBRATION,0.9909722,OK
255000,VIBRATION,0.564814,OK
256250,VIBRATION,0.5175222,OK
257500,VIBRATION,0.6927726,OK
258750,VIBRATION,0.4667528,OK
260000,PRESSURE,101.2782,OK
260000,TEMPERATURE,21.70048,OK
260000,VIBRATION,0.7722718,OK
261250,VIBRATION,1.141326,OK
262500,VIBRATION,1.030198,OK
263750,VIBRATION,0.9977464,OK
265000,VIBRATION,0.6344939,OK
266250,VIBRATION,1.264651,OK
267500,VIBRATION,1.020673,OK
268750,VIBRATION,1.191146,OK
270000,PRESSURE,101.2912,OK
270000,TEMPERATURE,21.76768,OK
270000,VIBRATION,1.650011,OK
271250,VIBRATION,1.612953,OK
272500,VIBRATION,1.622851,OK
273750,VIBRATION,1.375287,OK
275000,VIBRATION,1.220688,OK
276307,VIBRATION,0.5558515,OK
277500,VIBRATION,0.757248,OK
278750,VIBRATION,0.5747602,OK
280000,PRESSURE,101.297,OK
280000,TEMPERATURE,21.79637,OK
280000,VIBRATION,0.7740122,OK
281250,VIBRATION,0.3471082,OK
282500,VIBRATION,0.6912977,OK
283750,VIBRATION,0.5874743,OK
285000,VIBRATION,0.3364382,OK
286250,VIBRATION,0.5926398,OK
287500,VIBRATION,0.4212748,OK
288750,VIBRATION,0.48572,OK
290000,PRESSURE,101.3479,OK
290000,TEMPERATURE,21.84151,OK
290000,VIBRATION,-0.09193459,OK
291250,VIBRATION,-0.2718722,OK
292500,VIBRATION,-0.3565886,OK
293750,VIBRATION,-0.4464601,OK
295000,VIBRATION,-0.4651107,OK
296250,VIBRATION,-1.307656,OK
297500,VIBRATION,-1.549323,OK
298750,VIBRATION,-0.9607556,OK
300000,PRESSURE,101.3805,OK
300000,TEMPERATURE,22.06038,OK
300000,VIBRATION,-1.10674,OK
301250,VIBRATION,-0.9090732,OK
302500,VIBRATION,-0.8556492,OK
303750,VIBRATION,-0.7875534,OK
305000,VIBRATION,-0.455214,OK
306250,VIBRATION,-0.3498339,OK
307500,VIBRATION,-0.6816006,OK
308750,VIBRATION,-0.7449865,OK
310000,PRESSURE,101.2652,OK
310000,TEMPERATURE,22.211,OK
310000,VIBRATION,-0.44798,OK
311250,VIBRATION,-0.8020995,OK
312500,VIBRATION,-0.2702711,OK
313750,VIBRATION,-0.7153608,OK
315000,VIBRATION,-0.694887,OK
316250,VIBRATION,-0.4564194,OK
317500,VIBRATION,-0.3134186,OK
318750,VIBRATION,-0.5531428,OK
320000,PRESSURE,101.3631,OK
320000,TEMPERATURE,22.0816,OK
320000,VIBRATION,-0.8198483,OK
321250,VIBRATION,-0.9155929,OK
322500,VIBRATION,-0.8415113,OK
323750,VIBRATION,-0.817025,OK
325000,VIBRATION,-0.7081648,OK
326250,VIBRATION,-0.7491315,OK
327500,VIBRATION,-1.404011,OK
328750,VIBRATION,-1.607512,OK
330000,PRESSURE,101.4095,OK
330000,TEMPERATURE,22.01779,OK
330000,VIBRATION,-1.500333,OK
331250,VIBRATION,-1.167932,OK
332500,VIBRATION,-0.9105146,OK
333750,VIBRATION,-0.883875,OK
335000,VIBRATION,-0.5110385,OK
336250,VIBRATION,-0.2853413,OK
337500,VIBRATION,-1.052073,OK
338750,VIBRATION,-0.5799321,OK
340000,PRESSURE,101.3381,OK
340000,TEMPERATURE,22.02225,OK
340000,VIBRATION,-0.9725518,OK
341250,VIBRATION,-0.8307434,OK
342500,VIBRATION,-0.52159,OK
343750,VIBRATION,-0.3897609,OK
345000,VIBRATION,-0.6647533,OK
346250,VIBRATION,-0.3807761,OK
347500,VIBRATION,-0.579937,OK
348750,VIBRATION,-1.466017,OK
350000,PRESSURE,101.4029,OK
350000,TEMPERATURE,21.79345,OK
350000,VIBRATION,-1.07353,OK
351250,VIBRATION,-0.6628486,OK
352500,VIBRATION,-0.3989608,OK
353750,VIBRATION,-0.2070053,OK
355000,VIBRATION,-0.5474401,OK
356250,VIBRATION,-0.5110633,OK
357500,VIBRATION,-0.1953673,OK
358750,VIBRATION,-0.1580514,OK
360001,PRESSURE,101.4226,OK
360001,TEMPERATURE,21.77112,OK
360001,VIBRATION,0.00361262,OK
361250,VIBRATION,0.04521693,OK
362500,VIBRATION,-0.06209347,OK
363750,VIBRATION,-0.3785345,OK
365000,VIBRATION,-1.044472,OK
366250,VIBRATION,-0.9362154,OK
367500,VIBRATION,-1.103531,OK
368750,VIBRATION,-1.26459,OK
370000,PRESSURE,101.4329,OK
370000,TEMPERATURE,21.90333,OK
370000,VIBRATION,-1.421191,OK
371250,VIBRATION,-1.333948,OK
372500,VIBRATION,-1.111363,OK
373751,VIBRATION,-1.405524,OK
375000,VIBRATION,-1.099467,OK
376250,VIBRATION,-0.8342158,OK
377500,VIBRATION,-1.172101,OK
378750,VIBRATION,-1.632824,OK
380000,PRESSURE,101.4171,OK
380000,TEMPERATURE,21.94988,OK
380000,VIBRATION,-1.277329,OK
381250,VIBRATION,-1.100775,OK
382500,VIBRATION,-1.25342,OK
383750,VIBRATION,-1.510266,OK
385000,VIBRATION,-1.275045,OK
386250,VIBRATION,-1.064515,OK
387500,VIBRATION,-1.521633,OK
388750,VIBRATION,-1.429396,OK
390000,PRESSURE,101.3836,OK
390000,TEMPERATURE,21.94172,OK
390000,VIBRATION,-1.190889,OK
391250,VIBRATION,-1.117617,OK
392500,VIBRATION,-1.115186,OK
393750,VIBRATION,-1.051599,OK
395000,VIBRATION,-1.620829,OK
396250,VIBRATION,-1.764542,OK
397500,VIBRATION,-1.652643,OK
398750,VIBRATION,-1.55024,OK
400000,PRESSURE,101.4174,OK
400000,TEMPERATURE,21.8841,OK
400000,VIBRATION,-1.309935,OK
401250,VIBRATION,-1.306071,OK
402500,VIBRATION,-0.9736343,OK
403750,VIBRATION,-0.8069531,OK
405000,VIBRATION,-0.4273959,OK
406250,VIBRATION,0.141517,OK
407500,VIBRATION,0.1252573,OK
408750,VIBRATION,-0.2014938,OK
410000,PRESSURE,101.4483,OK
410000,TEMPERATURE,21.95777,OK
410000,VIBRATION,0.3870492,OK
411250,VIBRATION,0.3391554,OK
412500,VIBRATION,0.9690695,OK
413750,VIBRATION,0.8002896,OK
415000,VIBRATION,0.2533075,OK
416250,VIBRATION,0.1688763,OK
417500,VIBRATION,-0.2643422,OK
418750,VIBRATION,-0.01736985,OK
420000,PRESSURE,101.4538,OK
420000,TEMPERATURE,21.97647,OK
420000,VIBRATION,0.07645224,OK
421263,VIBRATION,-0.4298669,OK
422500,VIBRATION,-0.349646,OK
423750,VIBRATION,0.5559658,OK
425000,VIBRATION,0.02698156,OK
426250,VIBRATION,-0.003919656,OK
427500,VIBRATION,0.008884301,OK
428750,VIBRATION,-0.411812,OK
430715,PRESSURE,101.3892,OK
430715,TEMPERATURE,22.12527,OK
430715,VIBRATION,-0.5810874,OK
431250,VIBRATION,-0.3636055,OK
432500,VIBRATION,0.2606204,OK
433750,VIBRATION,0.727224,OK
435000,VIBRATION,1.003418,OK
436250,VIBRATION,0.9985874,OK
437500,VIBRATION,0.6046162,OK
438750,VIBRATION,0.5487292,OK
440000,PRESSURE,101.4637,OK
440000,TEMPERATURE,21.86115,OK
440000,VIBRATION,0.3719106,OK
441250,VIBRATION,0.8685661,OK
442500,VIBRATION,1.040163,OK
443750,VIBRATION,1.150152,OK
445000,VIBRATION,1.519679,OK
446250,VIBRATION,1.649693,OK
447500,VIBRATION,1.986673,OK
448750,VIBRATION,1.914801,OK
450000,PRESSURE,101.4467,OK
450000,TEMPERATURE,21.79238,OK
450000,VIBRATION,1.475429,OK
451250,VIBRATION,1.521496,OK
452500,VIBRATION,1.272471,OK
453750,VIBRATION,1.33285,OK
455000,VIBRATION,1.442528,OK
456250,VIBRATION,1.136191,OK
457500,VIBRATION,0.6948201,OK
458750,VIBRATION,0.5184959,OK
460000,PRESSURE,101.4491,OK
460000,TEMPERATURE,21.67856,OK
460000,VIBRATION,0.1982869,OK
461250,VIBRATION,0.06904626,OK
462500,VIBRATION,0.2195981,OK
463750,VIBRATION,-0.8241949,OK
465000,VIBRATION,-0.7540003,OK
466250,VIBRATION,-0.632451,OK
467500,VIBRATION,-1.294022,OK
468750,VIBRATION,-1.436476,OK
470000,PRESSURE,101.504,OK
470000,TEMPERATURE,21.63721,OK
470000,VIBRATION,-1.384998,OK
471250,VIBRATION,-1.092288,OK
472500,VIBRATION,-0.9031152,OK
473750,VIBRATION,-0.4509321,OK
475000,VIBRATION,-0.4683434,OK
476250,VIBRATION,-0.3899676,OK
477500,VIBRATION,-0.03807505,OK
478750,VIBRATION,0.01482882,OK
480000,PRESSURE,101.4551,OK
480000,TEMPERATURE,21.74952,OK
480000,VIBRATION,0.02804895,OK
481250,VIBRATION,-0.01978818,OK
482500,VIBRATION,-0.1549451,OK
483794,VIBRATION,0.227062,OK
485000,VIBRATION,0.3449776,OK
486250,VIBRATION,0.2101985,OK
487500,VIBRATION,-0.1201391,OK
488750,VIBRATION,-0.4898802,OK
490000,PRESSURE,101.4778,OK
490000,TEMPERATURE,21.77504,OK
490000,VIBRATION,-0.2316909,OK
491250,VIBRATION,0.03822156,OK
492500,VIBRATION,0.1561721,OK
493750,VIBRATION,0.208369,OK
495000,VIBRATION,-0.1565651,OK
496250,VIBRATION,-0.4065627,OK
497500,VIBRATION,-0.175597,OK
498750,VIBRATION,-0.09278827,OK
500019,PRESSURE,101.3955,OK
500019,TEMPERATURE,21.83628,OK
500019,VIBRATION,-0.3405247,OK
501250,VIBRATION,0.1353711,OK
502500,VIBRATION,-0.2905075,OK
503750,VIBRATION,-0.3380411,OK
505000,VIBRATION,-0.469344,OK
506250,VIBRATION,-0.7152038,OK
507500,VIBRATION,-0.05591496,OK
508750,VIBRATION,0.3004679,OK
510000,PRESSURE,101.3928,OK
510000,TEMPERATURE,21.87383,OK
510000,VIBRATION,0.01544834,OK
511250,VIBRATION,0.6042487,OK
512500,VIBRATION,0.2492908,OK
513750,VIBRATION,0.5796795,OK
515000,VIBRATION,-0.01800267,OK
516291,VIBRATION,0.4350035,OK
517500,VIBRATION,0.1475059,OK
518750,VIBRATION,0.3467425,OK
520000,PRESSURE,101.3697,OK
520000,TEMPERATURE,21.78629,OK
520000,VIBRATION,0.4204958,OK
521250,VIBRATION,0.3234595,OK
522500,VIBRATION,0.4384149,OK
523750,VIBRATION,0.4937262,OK
525000,VIBRATION,-0.0534932,OK
526250,VIBRATION,0.118453,OK
527500,VIBRATION,-0.2633454,OK
528750,VIBRATION,0.2982122,OK
530000,PRESSURE,101.3079,OK
530000,TEMPERATURE,21.63376,OK
530000,VIBRATION,-0.1418269,OK
531250,VIBRATION,0.07666239,OK
532500,VIBRATION,-0.03875019,OK
533750,VIBRATION,-0.05538892,OK
535000,VIBRATION,-0.2950759,OK
536250,VIBRATION,-0.451741,OK
537500,VIBRATION,0,COMM_ERROR
538750,VIBRATION,-0.2401365,OK
540000,PRESSURE,101.2923,OK
540000,TEMPERATURE,21.76891,OK
540000,VIBRATION,-0.2538732,OK
541250,VIBRATION,-0.07471625,OK
542500,VIBRATION,0.1433,OK
543750,VIBRATION,0.2283045,OK
545000,VIBRATION,0.5256836,OK
546250,VIBRATION,0.436568,OK
547500,VIBRATION,0.5643824,OK
548750,VIBRATION,0.6779298,OK
550000,PRESSURE,101.2642,OK
550000,TEMPERATURE,21.76844,OK
550000,VIBRATION,0.6099964,OK
551250,VIBRATION,0.2409769,OK
552500,VIBRATION,0.2528115,OK
553750,VIBRATION,0.1289855,OK
555000,VIBRATION,0.8823582,OK
556250,VIBRATION,0.5213643,OK
557500,VIBRATION,0.9129767,OK
558750,VIBRATION,0.7449966,OK
560000,PRESSURE,101.2194,OK
560000,TEMPERATURE,0,COMM_ERROR
560000,VIBRATION,0.5583176,OK
561250,VIBRATION,0.186297,OK
562500,VIBRATION,0.0278901,OK
563750,VIBRATION,0.2571133,OK
565000,VIBRATION,-0.05019378,OK
566288,VIBRATION,-0.02391089,OK
567500,VIBRATION,-0.1672959,OK
568750,VIBRATION,-0.3305196,OK
570000,PRESSURE,101.1847,OK
570000,TEMPERATURE,21.78601,OK
570000,VIBRATION,-0.2228621,OK
571250,VIBRATION,-0.1505577,OK
572500,VIBRATION,0.3176536,OK
573750,VIBRATION,0.3146795,OK
575000,VIBRATION,-0.5715424,OK
576250,VIBRATION,-1.193508,OK
577500,VIBRATION,-1.045534,OK
578750,VIBRATION,-0.5937042,OK
580000,PRESSURE,101.0987,OK
580000,TEMPERATURE,21.66568,OK
580000,VIBRATION,-0.5499724,OK
581250,VIBRATION,-0.07305799,OK
582500,VIBRATION,0.1581331,OK
583750,VIBRATION,0.8258121,OK
585000,VIBRATION,0.01559588,OK
586250,VIBRATION,0.1465655,OK
587500,VIBRATION,0.25686,OK
588750,VIBRATION,0.1061474,OK
590000,PRESSURE,101.0518,OK
590000,TEMPERATURE,21.50675,OK
590000,VIBRATION,-0.1295489,OK
591250,VIBRATION,-0.03522972,OK
592500,VIBRATION,-0.08035905,OK
593750,VIBRATION,-0.05419614,OK
595000,VIBRATION,-0.006601805,OK
596250,VIBRATION,0.05170343,OK
597500,VIBRATION,0.1299793,OK
598750,VIBRATION,-0.1302153,OK
600000,PRESSURE,101.1031,OK
600000,TEMPERATURE,21.55457,OK
600000,VIBRATION,-0.2735755,OK
601250,VIBRATION,-0.473433,OK
602500,VIBRATION,-0.3257659,OK
603750,VIBRATION,-0.2770619,OK
605000,VIBRATION,-0.4609027,OK
606250,VIBRATION,-0.8308675,OK
607500,VIBRATION,-0.5721354,OK
608750,VIBRATION,-0.8736099,OK
610000,PRESSURE,101.1879,OK
610000,TEMPERATURE,21.50622,OK
610000,VIBRATION,-0.7617026,OK
611250,VIBRATION,-0.2100871,OK
612500,VIBRATION,-0.07156842,OK
613750,VIBRATION,0.1136854,OK
615000,VIBRATION,0.4728336,OK
616250,VIBRATION,0.2830923,OK
617500,VIBRATION,0.6057633,OK
618750,VIBRATION,0.5789626,OK
620000,PRESSURE,101.1046,OK
620000,TEMPERATURE,21.48622,OK
620000,VIBRATION,0.4173426,OK
621250,VIBRATION,0.8555536,OK
622500,VIBRATION,0.5078829,OK
623750,VIBRATION,0.8967889,OK
625000,VIBRATION,1.07209,OK
626250,VIBRATION,0.80914,OK
627500,VIBRATION,1.05562,OK
628750,VIBRATION,1.188496,OK
630000,PRESSURE,101.0248,OK
630000,TEMPERATURE,21.46608,OK
630000,VIBRATION,0.9220555,OK
631250,VIBRATION,0.9603042,OK
632500,VIBRATION,0.5572693,OK
633750,VIBRATION,0.5978406,OK
635000,VIBRATION,0.3327825,OK
636250,VIBRATION,0.8107596,OK
637500,VIBRATION,1.131597,OK
638750,VIBRATION,1.291818,OK
640000,PRESSURE,101.0654,OK
640000,TEMPERATURE,21.43755,OK
640000,VIBRATION,0.7968308,OK
641250,VIBRATION,0.5222499,OK
642500,VIBRATION,0.3654141,OK
643750,VIBRATION,-0.1066383,OK
645000,VIBRATION,-0.5814807,OK
646250,VIBRATION,-0.5819123,OK
647500,VIBRATION,-0.7136772,OK
648750,VIBRATION,-0.4362013,OK
650000,PRESSURE,101.1421,OK
650000,TEMPERATURE,21.47992,OK
650000,VIBRATION,-0.5313268,OK
651250,VIBRATION,0.2676149,OK
652500,VIBRATION,0.1008653,OK
653761,VIBRATION,0.2211126,OK
655000,VIBRATION,0.009496223,OK
656250,VIBRATION,0.07383611,OK
657500,VIBRATION,0.5636216,OK
658750,VIBRATION,0.3694884,OK
660000,PRESSURE,101.1302,OK
660000,TEMPERATURE,21.45408,OK
660000,VIBRATION,0.6363823,OK
661250,VIBRATION,0.006899891,OK
662500,VIBRATION,-0.2699118,OK
663750,VIBRATION,-0.3009355,OK
665000,VIBRATION,0.6912902,OK
666250,VIBRATION,0.697113,OK
667500,VIBRATION,0.9408828,OK
668750,VIBRATION,0.9357234,OK
670000,PRESSURE,101.1031,OK
670000,TEMPERATURE,21.44537,OK
670000,VIBRATION,0.9903739,OK
671250,VIBRATION,1.240124,OK
672500,VIBRATION,1.236029,OK
673750,VIBRATION,1.583414,OK
675000,VIBRATION,1.745237,OK
676250,VIBRATION,1.569231,OK
677500,VIBRATION,1.335356,OK
678750,VIBRATION,1.458871,OK
680000,PRESSURE,101.0882,OK
680000,TEMPERATURE,21.47653,OK
680000,VIBRATION,1.268283,OK
681250,VIBRATION,1.173638,OK
682500,VIBRATION,0.7560189,OK
683750,VIBRATION,0.1931351,OK
685000,VIBRATION,0.4970997,OK
686250,VIBRATION,0.7390009,OK
687500,VIBRATION,0.6671476,OK
688750,VIBRATION,0.3397238,OK
690000,PRESSURE,101.0918,OK
690000,TEMPERATURE,21.58062,OK
690000,VIBRATION,-0.1573255,OK
691250,VIBRATION,0.1234285,OK
692500,VIBRATION,0.2580001,OK
693750,VIBRATION,-0.1102624,OK
695000,VIBRATION,-0.5409583,OK
696250,VIBRATION,-0.2653758,OK
697500,VIBRATION,-1.026538,OK
698750,VIBRATION,-0.5288864,OK
700000,PRESSURE,101.1157,OK
700000,TEMPERATURE,21.58083,OK
700000,VIBRATION,-0.5341497,OK
701250,VIBRATION,-0.8139288,OK
702500,VIBRATION,-0.5778811,OK
703750,VIBRATION,-0.9253562,OK
705000,VIBRATION,-1.043756,OK
706250,VIBRATION,-1.129456,OK
707500,VIBRATION,-0.891734,OK
708750,VIBRATION,-0.7079088,OK
710006,PRESSURE,101.1453,OK
710006,TEMPERATURE,21.5543,OK
710006,VIBRATION,-0.8151597,OK
711250,VIBRATION,-0.7327282,OK
712500,VIBRATION,-0.2677353,OK
713750,VIBRATION,-0.3506905,OK
715000,VIBRATION,-0.4844626,OK
716250,VIBRATION,-0.7774435,OK
717500,VIBRATION,-0.04981211,OK
718750,VIBRATION,-0.04522106,OK
720000,PRESSURE,101.1818,OK
720000,TEMPERATURE,21.57153,OK
720000,VIBRATION,-0.2326366,OK
721250,VIBRATION,-0.112369,OK
722500,VIBRATION,-0.0002230244,OK
723750,VIBRATION,-0.228069,OK
725000,VIBRATION,-0.04484414,OK
726250,VIBRATION,-0.09519585,OK
727500,VIBRATION,-0.3543579,OK
728750,VIBRATION,-0.1393632,OK
730000,PRESSURE,101.222,OK
730000,TEMPERATURE,21.78918,OK
730000,VIBRATION,-0.1143312,OK
731250,VIBRATION,-0.3669498,OK
732500,VIBRATION,-0.2546022,OK
733750,VIBRATION,-0.3738008,OK
735000,VIBRATION,-0.1543355,OK
736250,VIBRATION,0.462677,OK
737500,VIBRATION,0.1785723,OK
738750,VIBRATION,-0.4590434,OK
740000,PRESSURE,101.1509,OK
740000,TEMPERATURE,21.65059,OK
740000,VIBRATION,0.01212398,OK
741250,VIBRATION,-0.5902971,OK
742500,VIBRATION,-0.7066764,OK
743750,VIBRATION,-0.9355478,OK
745000,VIBRATION,-0.7029564,OK
746250,VIBRATION,-0.7618071,OK
747500,VIBRATION,-0.2497164,OK
748750,VIBRATION,-0.006166372,OK
750000,PRESSURE,101.1606,OK
750000,TEMPERATURE,21.75785,OK
750000,VIBRATION,0.3063304,OK
751250,VIBRATION,0.497222,OK
752500,VIBRATION,0.7143774,OK
753750,VIBRATION,1.284566,OK
755000,VIBRATION,1.161338,OK
756250,VIBRATION,1.065537,OK
757500,VIBRATION,0.773694,OK
758750,VIBRATION,0.9540367,OK
760000,PRESSURE,101.186,OK
760000,TEMPERATURE,21.73685,OK
760000,VIBRATION,0.8303103,OK
761250,VIBRATION,0.5690057,OK
762500,VIBRATION,0.6251914,OK
763750,VIBRATION,0.4070899,OK
765000,VIBRATION,0.2404741,OK
766250,VIBRATION,0.5824813,OK
767500,VIBRATION,0.7997218,OK
768750,VIBRATION,0.8690443,OK
770000,PRESSURE,101.1661,OK
770000,TEMPERATURE,21.67102,OK
770000,VIBRATION,1.220805,OK
771250,VIBRATION,1.48382,OK
772500,VIBRATION,1.694496,OK
773750,VIBRATION,2.047084,OK
775029,VIBRATION,2.1834,OK
776250,VIBRATION,1.668328,OK
777500,VIBRATION,1.694729,OK
778750,VIBRATION,2.388628,OK
780000,PRESSURE,101.136,OK
780000,TEMPERATURE,21.80134,OK
780000,VIBRATION,2.673569,OK
781250,VIBRATION,2.464307,OK
782500,VIBRATION,2.629547,OK
783750,VIBRATION,2.574606,OK
785000,VIBRATION,2.738522,OK
786250,VIBRATION,2.282368,OK
787500,VIBRATION,1.671953,OK
788750,VIBRATION,1.519029,OK
790000,PRESSURE,101.1312,OK
790000,TEMPERATURE,21.76622,OK
790000,VIBRATION,2.031098,OK
791250,VIBRATION,1.598673,OK
792500,VIBRATION,1.737029,OK
793750,VIBRATION,1.437107,OK
795000,VIBRATION,1.456077,OK
796250,VIBRATION,1.214309,OK
797500,VIBRATION,1.512861,OK
798750,VIBRATION,1.334618,OK
800024,PRESSURE,101.1983,OK
800024,TEMPERATURE,21.83903,OK
800024,VIBRATION,0.9656818,OK
801251,VIBRATION,0.446543,OK
802500,VIBRATION,0.2301265,OK
803750,VIBRATION,0.206098,OK
805000,VIBRATION,0.007567305,OK
806250,VIBRATION,-0.04241525,OK
807500,VIBRATION,-0.08002946,OK
808750,VIBRATION,-0.05765901,OK
810000,PRESSURE,101.2166,OK
810000,TEMPERATURE,21.83644,OK
810000,VIBRATION,0.5514862,OK
811250,VIBRATION,0.8771258,OK
812500,VIBRATION,0.9469344,OK
813750,VIBRATION,1.055427,OK
815000,VIBRATION,0.9245257,OK
816250,VIBRATION,-0.0117978,OK
817500,VIBRATION,-0.1900459,OK
818750,VIBRATION,-0.2595971,OK
820000,PRESSURE,101.2296,OK
820000,TEMPERATURE,21.86766,OK
820000,VIBRATION,-0.6916078,OK
821250,VIBRATION,-0.8028644,OK
822500,VIBRATION,-0.3649937,OK
823750,VIBRATION,-0.2384893,OK
825000,VIBRATION,-0.02322526,OK
826250,VIBRATION,-0.05064797,OK
827500,VIBRATION,-0.08806135,OK
828750,VIBRATION,-0.4689985,OK
830097,PRESSURE,101.321,OK
830097,TEMPERATURE,21.9099,OK
830097,VIBRATION,-1.006871,OK
831250,VIBRATION,-1.151915,OK
832500,VIBRATION,-0.6546231,OK
833750,VIBRATION,-0.1573364,OK
835000,VIBRATION,0.260981,OK
836250,VIBRATION,-0.0469462,OK
837500,VIBRATION,0.4778088,OK
838750,VIBRATION,0.8050936,OK
840000,PRESSURE,101.2851,OK
840000,TEMPERATURE,21.87795,OK
840000,VIBRATION,0.6612806,OK
841261,VIBRATION,0.3674174,OK
842500,VIBRATION,-0.06793181,OK
843750,VIBRATION,-0.1937436,OK
845000,VIBRATION,-0.03636483,OK
846250,VIBRATION,-0.2600308,OK
847500,VIBRATION,-0.2508058,OK
848750,VIBRATION,0.2091113,OK
850000,PRESSURE,101.3748,OK
850000,TEMPERATURE,21.90234,OK
850000,VIBRATION,0.5187029,OK
851250,VIBRATION,-0.1626061,OK
852500,VIBRATION,-0.01428786,OK
853750,VIBRATION,0.01338971,OK
855001,VIBRATION,-0.3279949,OK
856250,VIBRATION,-0.3910032,OK
857500,VIBRATION,-0.05824063,OK
858750,VIBRATION,-0.1360471,OK
860000,PRESSURE,101.4066,OK
860000,TEMPERATURE,21.84555,OK
860000,VIBRATION,-0.3865139,OK
861250,VIBRATION,-0.2365042,OK
862500,VIBRATION,0.05511381,OK
863750,VIBRATION,-0.2513869,OK
865000,VIBRATION,-0.5761713,OK
866250,VIBRATION,-0.4170614,OK
867500,VIBRATION,-0.0565832,OK
868750,VIBRATION,-0.4287971,OK
870000,PRESSURE,101.3927,OK
870000,TEMPERATURE,21.96485,OK
870000,VIBRATION,-0.3452191,OK
871250,VIBRATION,0.1936229,OK
872500,VIBRATION,0.3261089,OK
873750,VIBRATION,-0.2723368,OK
875000,VIBRATION,-0.2477935,OK
876250,VIBRATION,-0.4191086,OK
877500,VIBRATION,-0.5567348,OK
878750,VIBRATION,-0.5467415,OK
880023,PRESSURE,101.3779,OK
880023,TEMPERATURE,21.94837,OK
880023,VIBRATION,-1.164167,OK
881250,VIBRATION,-1.347894,OK
882500,VIBRATION,-1.199499,OK
883750,VIBRATION,-1.384638,OK
885000,VIBRATION,-1.622876,OK
886250,VIBRATION,-1.67176,OK
887500,VIBRATION,-1.498396,OK
888750,VIBRATION,-1.973421,OK
890000,PRESSURE,101.3951,OK
890000,TEMPERATURE,21.91325,OK
890000,VIBRATION,-1.798467,OK
891250,VIBRATION,-1.163033,OK
892500,VIBRATION,-1.106711,OK
893750,VIBRATION,-0.8192013,OK
895000,VIBRATION,-0.7941109,OK
896250,VIBRATION,-0.7832496,OK
897500,VIBRATION,-0.5760002,OK
898750,VIBRATION,-0.4416805,OK
900000,PRESSURE,101.4582,OK
900000,TEMPERATURE,22.06034,OK
900000,VIBRATION,-0.5201528,OK
901250,VIBRATION,-0.2837039,OK
902500,VIBRATION,-0.4066393,OK
903750,VIBRATION,-0.5469133,OK
905000,VIBRATION,-0.8361634,OK
906250,VIBRATION,-1.000934,OK
907500,VIBRATION,-0.7196626,OK
908750,VIBRATION,-0.4178848,OK
910000,PRESSURE,101.4398,OK
910000,TEMPERATURE,22.20035,OK
910000,VIBRATION,-0.6648974,OK
911250,VIBRATION,-0.8021,OK
912500,VIBRATION,-0.5894618,OK
913750,VIBRATION,-0.6386647,OK
915000,VIBRATION,-0.4475021,OK
916250,VIBRATION,-0.8996117,OK
917500,VIBRATION,-1.021467,OK
918750,VIBRATION,-0.6383081,OK
920000,PRESSURE,101.428,OK
920000,TEMPERATURE,22.15552,OK
920000,VIBRATION,-0.9830874,OK
921250,VIBRATION,-0.9690077,OK
922500,VIBRATION,-0.8377662,OK
923750,VIBRATION,-0.95936,OK
925000,VIBRATION,-1.118017,OK
926250,VIBRATION,-0.9323029,OK
927500,VIBRATION,-1.393928,OK
928750,VIBRATION,-1.074974,OK
930000,PRESSURE,101.4063,OK
930000,TEMPERATURE,22.23756,OK
930000,VIBRATION,-0.6182476,OK
931250,VIBRATION,-0.5604518,OK
932624,VIBRATION,-0.6851547,OK
933750,VIBRATION,-0.6422907,OK
935000,VIBRATION,-0.7844594,OK
936250,VIBRATION,-0.8605833,OK
937500,VIBRATION,-0.8126343,OK
938750,VIBRATION,-0.5620286,OK
940000,PRESSURE,101.3998,OK
940000,TEMPERATURE,22.0406,OK
940000,VIBRATION,-0.5178438,OK
941250,VIBRATION,-0.7001409,OK
942500,VIBRATION,-0.4028977,OK
943750,VIBRATION,-0.4030156,OK
945000,VIBRATION,-0.4271621,OK
946250,VIBRATION,-0.1848517,OK
947500,VIBRATION,-0.7830585,OK
948750,VIBRATION,-0.5786391,OK
950000,PRESSURE,101.3799,OK
950000,TEMPERATURE,22.02011,OK
950000,VIBRATION,-0.6049081,OK
951250,VIBRATION,-0.7245828,OK
952500,VIBRATION,-0.8756172,OK
953750,VIBRATION,-0.2784723,OK
955000,VIBRATION,-0.4789473,OK
956250,VIBRATION,-0.7771917,OK
957500,VIBRATION,-0.1531089,OK
958750,VIBRATION,-0.7288899,OK
960000,PRESSURE,101.3276,OK
960000,TEMPERATURE,21.99195,OK
960000,VIBRATION,-0.572178,OK
961250,VIBRATION,-0.3144141,OK
962500,VIBRATION,-0.1305063,OK
963750,VIBRATION,-0.2633302,OK
965000,VIBRATION,-0.5276584,OK
966250,VIBRATION,-0.5691724,OK
967500,VIBRATION,-0.650007,OK
968750,VIBRATION,-0.8970294,OK
970000,PRESSURE,101.3228,OK
970000,TEMPERATURE,22.10666,OK
970000,VIBRATION,-1.076316,OK
971250,VIBRATION,-0.5891285,OK
972545,VIBRATION,-0.3681195,OK
973750,VIBRATION,-0.355666,OK
975000,VIBRATION,-0.5584604,OK
976250,VIBRATION,-0.4399707,OK
977500,VIBRATION,-0.07020025,OK
978750,VIBRATION,0.01526497,OK
980000,PRESSURE,101.2325,OK
980000,TEMPERATURE,22.02387,OK
980000,VIBRATION,-0.1416664,OK
981250,VIBRATION,0.3898302,OK
982500,VIBRATION,0.5018827,OK
983750,VIBRATION,0.3706522,OK
985000,VIBRATION,0.7477071,OK
986250,VIBRATION,0.9668122,OK
987500,VIBRATION,1.279501,OK
988829,VIBRATION,1.295482,OK
990000,PRESSURE,101.2499,OK
990000,TEMPERATURE,22.08728,OK
990000,VIBRATION,1.714059,OK
991250,VIBRATION,1.644842,OK
992500,VIBRATION,1.222205,OK
993750,VIBRATION,0.7860965,OK
995000,VIBRATION,0.5045616,OK
996250,VIBRATION,0.5355682,OK
997500,VIBRATION,0.9944733,OK
998750,VIBRATION,0.9166344,OK
1000000,PRESSURE,101.2488,OK
1000000,TEMPERATURE,22.04237,OK
1000000,VIBRATION,1.170613,OK
1000000,HUMIDITY,45.00161,OK
1001250,VIBRATION,0.850986,OK
1002500,VIBRATION,1.086751,OK
1003750,VIBRATION,1.161537,OK
1005000,VIBRATION,0.9341441,OK
1006250,VIBRATION,0.9422699,OK
1007500,VIBRATION,0.9330545,OK
1008750,VIBRATION,0.8502023,OK
1010000,PRESSURE,101.2755,OK
1010000,TEMPERATURE,22.19319,OK
1010000,VIBRATION,0.8176552,OK
1011250,VIBRATION,1.190056,OK
1012500,VIBRATION,1.353965,OK
1013957,VIBRATION,1.148899,OK
1015000,VIBRATION,0.7243469,OK
1016255,VIBRATION,1.339608,OK
1017500,VIBRATION,1.633202,OK
1018750,VIBRATION,1.572678,OK
1020000,PRESSURE,101.2901,OK
1020000,TEMPERATURE,22.02091,OK
1020000,VIBRATION,1.445483,OK
1021250,VIBRATION,1.680612,OK
1022500,VIBRATION,2.04635,OK
1023750,VIBRATION,1.481703,OK
1025000,VIBRATION,1.2149,OK
1026250,VIBRATION,1.404417,OK
1027500,VIBRATION,1.315561,OK
1028750,VIBRATION,1.228811,OK
1030000,PRESSURE,101.2851,OK
1030000,TEMPERATURE,22.06872,OK
1030000,VIBRATION,1.166524,OK
1031250,VIBRATION,1.228681,OK
1032500,VIBRATION,1.372574,OK
1033750,VIBRATION,1.572254,OK
1035000,VIBRATION,1.746641,OK
1036250,VIBRATION,1.526273,OK
1037500,VIBRATION,1.367355,OK
1038750,VIBRATION,0.7838917,OK
1040000,PRESSURE,101.2667,OK
1040000,TEMPERATURE,22.05746,OK
1040000,VIBRATION,1.315173,OK
1041250,VIBRATION,0.9440305,OK
1042500,VIBRATION,1.358358,OK
1043750,VIBRATION,1.188412,OK
1045000,VIBRATION,1.117016,OK
1046250,VIBRATION,0.9104456,OK
1047500,VIBRATION,1.221569,OK
1048750,VIBRATION,1.810286,OK
1050000,PRESSURE,101.2946,OK
1050000,TEMPERATURE,22.17876,OK
1050000,VIBRATION,1.917002,OK
1051250,VIBRATION,2.02939,OK
1052500,VIBRATION,1.542399,OK
1053750,VIBRATION,1.915672,OK
1055000,VIBRATION,1.565262,OK
1056250,VIBRATION,1.491401,OK
1057500,VIBRATION,1.479161,OK
1058750,VIBRATION,1.073084,OK
1060000,PRESSURE,101.3133,OK
1060000,TEMPERATURE,22.03805,OK
1060000,VIBRATION,0.9971406,OK
1061250,VIBRATION,0.7336454,OK
1062500,VIBRATION,0.4572027,OK
1063750,VIBRATION,0.0851568,OK
1065000,VIBRATION,-0.09428482,OK
1066250,VIBRATION,0.2712038,OK
1067500,VIBRATION,-0.2247607,OK
1068750,VIBRATION,-0.2267138,OK
1070000,PRESSURE,101.2487,OK
1070000,TEMPERATURE,22.00648,OK
1070000,VIBRATION,0.1901542,OK
1071250,VIBRATION,0.2952509,OK
1072500,VIBRATION,1.118103,OK
1073750,VIBRATION,1.151368,OK
1075000,VIBRATION,1.275836,OK
1076250,VIBRATION,1.404749,OK
1077500,VIBRATION,1.767556,OK
1078750,VIBRATION,1.364634,OK
1080000,PRESSURE,101.2451,OK
1080000,TEMPERATURE,22.16784,OK
1080000,VIBRATION,0.9738455,OK
1081250,VIBRATION,0.5064359,OK
1082500,VIBRATION,0.3298878,OK
1083750,VIBRATION,0,COMM_ERROR
1085000,VIBRATION,0.1928979,OK
1086250,VIBRATION,0.474454,OK
1087500,VIBRATION,-0.08470895,OK
1088750,VIBRATION,-0.2230765,OK
1090000,PRESSURE,101.2202,OK
1090000,TEMPERATURE,22.08713,OK
1090000,VIBRATION,0.004658905,OK
1091250,VIBRATION,0.3293276,OK
1092500,VIBRATION,0.465109,OK
1093750,VIBRATION,0.9067685,OK
1095000,VIBRATION,0.6231919,OK
1096250,VIBRATION,0.6368665,OK
1097500,VIBRATION,0.4581059,OK
1098750,VIBRATION,0.01593372,OK
1100000,PRESSURE,101.1896,OK
1100000,TEMPERATURE,22.23244,OK
1100000,VIBRATION,-0.1133784,OK
1101250,VIBRATION,-0.04347388,OK
1102500,VIBRATION,0.2532129,OK
1103750,VIBRATION,0.03473595,OK
1105000,VIBRATION,0.1538376,OK
1106250,VIBRATION,0.3790728,OK
1107500,VIBRATION,-0.1717343,OK
1108750,VIBRATION,-0.1503743,OK
1110000,PRESSURE,101.2355,OK
1110000,TEMPERATURE,22.1855,OK
1110000,VIBRATION,0.2055412,OK
1111250,VIBRATION,0.410937,OK
1112500,VIBRATION,0.2331597,OK
1113750,VIBRATION,0.1321442,OK
1115000,VIBRATION,0.304326,OK
1116250,VIBRATION,0.2152769,OK
1117500,VIBRATION,0.1629768,OK
1118750,VIBRATION,0.132528,OK
1120000,PRESSURE,101.2193,OK
1120000,TEMPERATURE,22.03914,OK
1120000,VIBRATION,-0.1373457,OK
1121250,VIBRATION,0.5298352,OK
1122500,VIBRATION,0.6738775,OK
1123750,VIBRATION,0.7682235,OK
1125000,VIBRATION,0.7052918,OK
1126250,VIBRATION,0.7778039,OK
1127500,VIBRATION,0.2002983,OK
1128750,VIBRATION,0.1532868,OK
1130000,PRESSURE,101.155,OK
1130000,TEMPERATURE,21.90874,OK
1130000,VIBRATION,0.005439024,OK
1131250,VIBRATION,0.001435725,OK
1132500,VIBRATION,-0.2392832,OK
1133750,VIBRATION,-0.1377154,OK
1135000,VIBRATION,0.002758356,OK
1136250,VIBRATION,-0.3172989,OK
1137500,VIBRATION,-0.670022,OK
1138750,VIBRATION,-0.7978874,OK
1140000,PRESSURE,101.1393,OK
1140000,TEMPERATURE,21.77304,OK
1140000,VIBRATION,-1.148306,OK
1141250,VIBRATION,-0.8686826,OK
1142500,VIBRATION,-0.8205393,OK
1143750,VIBRATION,-0.5508101,OK
1145000,VIBRATION,-0.553535,OK
1146250,VIBRATION,0.0006733199,OK
1147500,VIBRATION,0.5790522,OK
1148750,VIBRATION,0.4435737,OK
1150000,PRESSURE,101.158,OK
1150000,TEMPERATURE,21.88704,OK
1150000,VIBRATION,1.192799,OK
1151250,VIBRATION,1.406628,OK
1152500,VIBRATION,1.599276,OK
1153750,VIBRATION,1.356846,OK
1155000,VIBRATION,1.451064,OK
1156250,VIBRATION,1.439584,OK
1157500,VIBRATION,1.07684,OK
1158750,VIBRATION,0.8888523,OK
1160000,PRESSURE,101.1533,OK
1160000,TEMPERATURE,21.89765,OK
1160000,VIBRATION,1.089997,OK
1161250,VIBRATION,1.231212,OK
1162500,VIBRATION,1.139064,OK
1163750,VIBRATION,1.074091,OK
1165000,VIBRATION,1.034158,OK
1166250,VIBRATION,1.080158,OK
1167500,VIBRATION,1.527243,OK
1168775,VIBRATION,0.9914845,OK
1170000,PRESSURE,101.0753,OK
1170000,TEMPERATURE,21.95846,OK
1170000,VIBRATION,0.9140147,OK
1171250,VIBRATION,0.5188634,OK
1172500,VIBRATION,0.4136652,OK
1173750,VIBRATION,0.1446712,OK
1175000,VIBRATION,0.1131726,OK
1176250,VIBRATION,0.6898352,OK
1177500,VIBRATION,0.7428268,OK
1178750,VIBRATION,0.9993265,OK
1180000,PRESSURE,101.0879,OK
1180000,TEMPERATURE,21.91363,OK
1180000,VIBRATION,0.9756023,OK
1181250,VIBRATION,0.726159,OK
1182500,VIBRATION,1.120692,OK
1183750,VIBRATION,0.7239127,OK
1185000,VIBRATION,0.6901304,OK
1186251,VIBRATION,0.9984775,OK
1187500,VIBRATION,0.7025265,OK
1188750,VIBRATION,0.8250732,OK
1190000,PRESSURE,101.0773,OK
1190000,TEMPERATURE,21.83711,OK
1190000,VIBRATION,1.272451,OK
1191250,VIBRATION,1.175667,OK
1192500,VIBRATION,0.7761079,OK
1193750,VIBRATION,0.5714231,OK
1195014,VIBRATION,0.6399339,OK
1196250,VIBRATION,0.8171967,OK
1197500,VIBRATION,1.208875,OK
1198750,VIBRATION,1.005159,OK
1200000,PRESSURE,101.0742,OK
1200000,TEMPERATURE,22.09103,OK
1200000,VIBRATION,1.05437,OK
1201250,VIBRATION,1.265798,OK
1202500,VIBRATION,0.994788,OK
1203750,VIBRATION,0.7723478,OK
1205000,VIBRATION,0.5415326,OK
1206250,VIBRATION,0.6624713,OK
1207500,VIBRATION,0.4585056,OK
1208750,VIBRATION,1.128695,OK
1210000,PRESSURE,101.0254,OK
1210000,TEMPERATURE,21.84758,OK
1210000,VIBRATION,0.592878,OK
1211250,VIBRATION,0.7580975,OK
1212500,VIBRATION,0.821989,OK
1213750,VIBRATION,0.8927182,OK
1215000,VIBRATION,0.9453671,OK
1216250,VIBRATION,1.233994,OK
1217500,VIBRATION,1.926825,OK
1218750,VIBRATION,1.935179,OK
1220000,PRESSURE,101.0438,OK
1220000,TEMPERATURE,21.9348,OK
1220000,VIBRATION,2.157565,OK
1221250,VIBRATION,2.508874,OK
1222500,VIBRATION,2.342857,OK
1223750,VIBRATION,2.364444,OK
1225000,VIBRATION,2.758499,OK
1226250,VIBRATION,2.885354,OK
1227500,VIBRATION,2.689289,OK
1228750,VIBRATION,2.636363,OK
1230038,PRESSURE,101.132,OK
1230038,TEMPERATURE,21.92847,OK
1230038,VIBRATION,1.939559,OK
1231250,VIBRATION,1.693237,OK
1232500,VIBRATION,1.231091,OK
1233750,VIBRATION,1.437506,OK
1235000,VIBRATION,1.24653,OK
1236250,VIBRATION,1.525668,OK
1237500,VIBRATION,1.707373,OK
1238750,VIBRATION,1.028586,OK
1240000,PRESSURE,101.1968,OK
1240000,TEMPERATURE,21.86898,OK
1240000,VIBRATION,0.9365155,OK
1241250,VIBRATION,1.055145,OK
1242500,VIBRATION,1.057871,OK
1243750,VIBRATION,0.8457672,OK
1245000,VIBRATION,0.6105656,OK
1246250,VIBRATION,1.044787,OK
1247500,VIBRATION,1.367756,OK
1248750,VIBRATION,1.27285,OK
1250000,PRESSURE,101.2084,OK
1250000,TEMPERATURE,21.7896,OK
1250000,VIBRATION,1.754888,OK
1251250,VIBRATION,1.353702,OK
1252500,VIBRATION,1.171514,OK
1253750,VIBRATION,0.8556393,OK
1255000,VIBRATION,1.038768,OK
1256250,VIBRATION,1.467367,OK
1257500,VIBRATION,1.060703,OK
1258750,VIBRATION,0.6246766,OK
1260000,PRESSURE,101.2094,OK
1260000,TEMPERATURE,21.86608,OK
1260000,VIBRATION,0.7863944,OK
1261250,VIBRATION,0.2691075,OK
1262500,VIBRATION,-0.1994792,OK
1263750,VIBRATION,-0.3406669,OK
1265000,VIBRATION,-0.4231217,OK
1266250,VIBRATION,-0.2707982,OK
1267500,VIBRATION,0.1885268,OK
1268750,VIBRATION,0.4517821,OK
1270000,PRESSURE,101.1849,OK
1270000,TEMPERATURE,21.81222,OK
1270000,VIBRATION,0.2393421,OK
1271250,VIBRATION,-0.2320064,OK
1272500,VIBRATION,-0.4010547,OK
1273750,VIBRATION,-0.2460955,OK
1275000,VIBRATION,-0.3949473,OK
1276250,VIBRATION,-0.1807417,OK
1277500,VIBRATION,-0.3167515,OK
1278750,VIBRATION,-1.046354,OK
1280000,PRESSURE,101.2155,OK
1280000,TEMPERATURE,21.77913,OK
1280000,VIBRATION,-0.6654888,OK
1281250,VIBRATION,-0.8359274,OK
1282500,VIBRATION,-0.8871299,OK
1283750,VIBRATION,-1.193855,OK
1285000,VIBRATION,-0.5930624,OK
1286250,VIBRATION,-0.2977438,OK
1287500,VIBRATION,-0.4503398,OK
1288750,VIBRATION,-0.584673,OK
1290000,PRESSURE,101.2766,OK
1290000,TEMPERATURE,21.85687,OK
1290000,VIBRATION,-0.5349043,OK
1291250,VIBRATION,-0.4866058,OK
1292500,VIBRATION,-0.7676863,OK
1293750,VIBRATION,-0.7612381,OK
1295000,VIBRATION,-0.6717973,OK
1296250,VIBRATION,-0.3572231,OK
1297500,VIBRATION,-0.2553856,OK
1298750,VIBRATION,0.1502442,OK
1300000,PRESSURE,101.3122,OK
1300000,TEMPERATURE,21.7578,OK
1300000,VIBRATION,-0.07807626,OK
1301250,VIBRATION,-0.1078066,OK
1302500,VIBRATION,-0.4250553,OK
1303750,VIBRATION,-0.8592383,OK
1305000,VIBRATION,-1.158756,OK
1306250,VIBRATION,-1.193114,OK
1307500,VIBRATION,-1.274924,OK
1308758,VIBRATION,-1.636662,OK
1310000,PRESSURE,101.291,OK
1310000,TEMPERATURE,21.66594,OK
1310000,VIBRATION,-2.235005,OK
1311250,VIBRATION,-2.433845,OK
1312500,VIBRATION,-2.369763,OK
1313750,VIBRATION,-2.391593,OK
1315000,VIBRATION,-2.143387,OK
1316250,VIBRATION,-1.961321,OK
1317500,VIBRATION,-2.765544,OK
1318750,VIBRATION,-2.835019,OK
1320000,PRESSURE,101.2963,OK
1320000,TEMPERATURE,21.65893,OK
1320000,VIBRATION,-2.730787,OK
1321250,VIBRATION,-2.927241,OK
1322500,VIBRATION,-2.807551,OK
1323750,VIBRATION,-3.430991,OK
1325000,VIBRATION,-2.9997,OK
1326250,VIBRATION,-2.600058,OK
1327500,VIBRATION,-1.940566,OK
1328750,VIBRATION,-1.468587,OK
1330000,PRESSURE,101.2283,OK
1330000,TEMPERATURE,21.64584,OK
1330000,VIBRATION,-1.232884,OK
1331250,VIBRATION,-1.367977,OK
1332500,VIBRATION,-0.9770623,OK
1333750,VIBRATION,-0.7596,OK
1335000,VIBRATION,-0.7109487,OK
1336250,VIBRATION,-0.5456745,OK
1337500,VIBRATION,-0.9510643,OK
1338750,VIBRATION,-0.9437974,OK
1340000,PRESSURE,101.2441,OK
1340000,TEMPERATURE,21.78022,OK
1340000,VIBRATION,-0.7196205,OK
1341250,VIBRATION,-0.1097689,OK
1342500,VIBRATION,-0.1206788,OK
1343750,VIBRATION,-0.2239997,OK
1345000,VIBRATION,-0.09488163,OK
1346250,VIBRATION,-0.2975641,OK
1347500,VIBRATION,0.4329147,OK
1348750,VIBRATION,0.3802108,OK
1350000,PRESSURE,101.2594,OK
1350000,TEMPERATURE,21.81803,OK
1350000,VIBRATION,0.6177555,OK
1351250,VIBRATION,0.8441775,OK
1352500,VIBRATION,0.6497307,OK
1353750,VIBRATION,0.7586982,OK
1355000,VIBRATION,0.665678,OK
1356250,VIBRATION,0.3194681,OK
1357500,VIBRATION,0.1580399,OK
1358750,VIBRATION,-0.07563905,OK
1360000,PRESSURE,101.1865,OK
1360000,TEMPERATURE,21.80932,OK
1360000,VIBRATION,0.1002336,OK
1361250,VIBRATION,-0.06291543,OK
1362500,VIBRATION,-0.3476781,OK
1363750,VIBRATION,-0.1392356,OK
1365000,VIBRATION,-0.1407132,OK
1366250,VIBRATION,-0.09648932,OK
1367500,VIBRATION,-0.1254299,OK
1368750,VIBRATION,-0.4753823,OK
1370000,PRESSURE,101.1834,OK
1370000,TEMPERATURE,21.88977,OK
1370000,VIBRATION,-0.7576871,OK
1371250,VIBRATION,-1.425559,OK
1372500,VIBRATION,-1.460871,OK
1373750,VIBRATION,-0.9156821,OK
1375000,VIBRATION,-0.7761816,OK
1376250,VIBRATION,-1.055123,OK
1377500,VIBRATION,-1.445145,OK
1378750,VIBRATION,-1.291777,OK
1380000,PRESSURE,101.2922,OK
1380000,TEMPERATURE,21.7979,OK
1380000,VIBRATION,-1.185464,OK
1381250,VIBRATION,-1.01364,OK
1382500,VIBRATION,-1.121338,OK
1383750,VIBRATION,-0.8518981,OK
1385000,VIBRATION,-0.8819,OK
1386250,VIBRATION,-0.5056681,OK
1387500,VIBRATION,-0.03796226,OK
1388750,VIBRATION,-0.04706366,OK
1390000,PRESSURE,101.2958,OK
1390000,TEMPERATURE,21.60283,OK
1390000,VIBRATION,0.07870467,OK
1391250,VIBRATION,0.555539,OK
1392500,VIBRATION,1.150877,OK
1393750,VIBRATION,1.100598,OK
1395000,VIBRATION,0.6524554,OK
1396250,VIBRATION,0.9451235,OK
1397500,VIBRATION,1.29315,OK
1398750,VIBRATION,1.681397,OK
1400000,PRESSURE,101.2153,OK
1400000,TEMPERATURE,21.63751,OK
1400000,VIBRATION,1.980926,OK
1401250,VIBRATION,1.727086,OK
1402500,VIBRATION,1.872534,OK
1403750,VIBRATION,1.493829,OK
1405000,VIBRATION,1.20389,OK
1406250,VIBRATION,1.417629,OK
1407500,VIBRATION,0.9920352,OK
1408750,VIBRATION,0.6863078,OK
1410000,PRESSURE,101.2665,OK
1410000,TEMPERATURE,21.7883,OK
1410000,VIBRATION,0.8799319,OK
1411250,VIBRATION,0.2883601,OK
1412500,VIBRATION,0.1381507,OK
1413750,VIBRATION,0.5020292,OK
1415000,VIBRATION,0.04693905,OK
1416250,VIBRATION,0.1876525,OK
1417500,VIBRATION,0.5588938,OK
1418750,VIBRATION,0.2773687,OK
1420000,PRESSURE,101.2361,OK
1420000,TEMPERATURE,21.72709,OK
1420000,VIBRATION,0.479178,OK
1421250,VIBRATION,0.8607505,OK
1422500,VIBRATION,1.039752,OK
1423750,VIBRATION,0.6089685,OK
1425000,VIBRATION,0.8094089,OK
1426250,VIBRATION,0.5415277,OK
1427500,VIBRATION,0.7038932,OK
1428750,VIBRATION,0.6569242,OK
1430000,PRESSURE,101.2091,OK
1430000,TEMPERATURE,21.81604,OK
1430000,VIBRATION,0.247113,OK
1431250,VIBRATION,0.03976505,OK
1432500,VIBRATION,0.03777902,OK
1433750,VIBRATION,0.172148,OK
1435000,VIBRATION,-0.07729432,OK
1436251,VIBRATION,-0.1467918,OK
1437500,VIBRATION,0.03369711,OK
1438750,VIBRATION,0.184986,OK
1440000,PRESSURE,101.2291,OK
1440000,TEMPERATURE,21.76545,OK
1440000,VIBRATION,0.3980549,OK
1441250,VIBRATION,0.5231445,OK
1442500,VIBRATION,0.5693835,OK
1443750,VIBRATION,0.5452551,OK
1445000,VIBRATION,0.4337629,OK
1446250,VIBRATION,0.9922074,OK
1447500,VIBRATION,0.9401363,OK
1448750,VIBRATION,1.094185,OK
1450000,PRESSURE,101.233,OK
1450000,TEMPERATURE,21.81521,OK
1450000,VIBRATION,1.232427,OK
1451250,VIBRATION,0.6227957,OK
1452500,VIBRATION,0.4245252,OK
1453750,VIBRATION,0.6624572,OK
1455000,VIBRATION,0.5682021,OK
1456250,VIBRATION,0.7103726,OK
1457500,VIBRATION,0.5153521,OK
1458750,VIBRATION,0.7283795,OK
1460000,PRESSURE,101.2512,OK
1460000,TEMPERATURE,21.70623,OK
1460000,VIBRATION,0.5740333,OK
1461250,VIBRATION,0.7604783,OK
1462500,VIBRATION,0.5615365,OK
1463750,VIBRATION,0.4041993,OK
1465000,VIBRATION,0.3826991,OK
1466250,VIBRATION,0.1481361,OK
1467500,VIBRATION,0.4708371,OK
1468750,VIBRATION,0.4229961,OK
1470000,PRESSURE,101.2811,OK
1470000,TEMPERATURE,21.84656,OK
1470000,VIBRATION,0.2381496,OK
1471250,VIBRATION,0.1830548,OK
1472500,VIBRATION,0.5673212,OK
1473750,VIBRATION,0.1938801,OK
1475000,VIBRATION,0.7653724,OK
1476250,VIBRATION,0.8645304,OK
1477500,VIBRATION,1.205244,OK
1478750,VIBRATION,1.754503,OK
1480000,PRESSURE,101.2707,OK
1480000,TEMPERATURE,21.72129,OK
1480000,VIBRATION,1.453514,OK
1481250,VIBRATION,1.301696,OK
1482500,VIBRATION,1.294186,OK
1483750,VIBRATION,1.246709,OK
1485000,VIBRATION,1.132766,OK
1486250,VIBRATION,0.8107437,OK
1487500,VIBRATION,0.3938289,OK
1488750,VIBRATION,0.3611192,OK
1490000,PRESSURE,101.2398,OK
1490000,TEMPERATURE,21.77949,OK
1490000,VIBRATION,0.01140709,OK
1491250,VIBRATION,-0.1963935,OK
1492500,VIBRATION,0.5920207,OK
1493750,VIBRATION,1.332911,OK
1495000,VIBRATION,0.7920254,OK
1496250,VIBRATION,0.8186966,OK
1497500,VIBRATION,0.5035349,OK
1498750,VIBRATION,0.3305489,OK
1500000,PRESSURE,101.2681,OK
1500000,TEMPERATURE,21.83295,OK
1500000,VIBRATION,0.1314918,OK
1501250,VIBRATION,0.08736984,OK
1502500,VIBRATION,0.5132326,OK
1503750,VIBRATION,0.5632437,OK
1505000,VIBRATION,1.102365,OK
1506250,VIBRATION,0.6088339,OK
1507500,VIBRATION,1.016143,OK
1508750,VIBRATION,0.5566457,OK
1510000,PRESSURE,101.2091,OK
1510000,TEMPERATURE,21.91234,OK
1510000,VIBRATION,0.1334928,OK
1511250,VIBRATION,0.335938,OK
1512500,VIBRATION,0.4076856,OK
1513750,VIBRATION,0.6364764,OK
1515000,VIBRATION,0.5697382,OK
1516250,VIBRATION,0.8707474,OK
1517500,VIBRATION,0.9918095,OK
1518750,VIBRATION,1.187148,OK
1520000,PRESSURE,101.2603,OK
1520000,TEMPERATURE,21.96097,OK
1520000,VIBRATION,1.683621,OK
1521250,VIBRATION,1.091149,OK
1522500,VIBRATION,1.248943,OK
1523750,VIBRATION,1.08083,OK
1525000,VIBRATION,0.5244898,OK
1526250,VIBRATION,0.3711555,OK
1527500,VIBRATION,0.7539503,OK
1528750,VIBRATION,0.9617334,OK
1530000,PRESSURE,101.3025,OK
1530000,TEMPERATURE,22.07385,OK
1530000,VIBRATION,0.9052829,OK
1531250,VIBRATION,1.026661,OK
1532500,VIBRATION,1.000449,OK
1533750,VIBRATION,0.7470821,OK
1535000,VIBRATION,0.5487479,OK
1536250,VIBRATION,0.3320679,OK
1537500,VIBRATION,-0.01249367,OK
1538750,VIBRATION,0.0528975,OK
1540000,PRESSURE,101.3236,OK
1540000,TEMPERATURE,21.93727,OK
1540000,VIBRATION,-0.1943221,OK
1541250,VIBRATION,-0.0251454,OK
1542500,VIBRATION,-0.05753623,OK
1543750,VIBRATION,0.2539967,OK
1545000,VIBRATION,0.5646074,OK
1546250,VIBRATION,0.826975,OK
1547500,VIBRATION,0.6686723,OK
1548750,VIBRATION,0.3710175,OK
1550000,PRESSURE,101.3263,OK
1550000,TEMPERATURE,21.95547,OK
1550000,VIBRATION,0.09166163,OK
1551250,VIBRATION,-0.3151361,OK
1552500,VIBRATION,-0.5474385,OK
1553750,VIBRATION,-0.3948263,OK
1555000,VIBRATION,-0.3468021,OK
1556250,VIBRATION,-0.1008959,OK
1557500,VIBRATION,0.008710177,OK
1558750,VIBRATION,-0.07547047,OK
1560000,PRESSURE,101.3601,OK
1560000,TEMPERATURE,21.9141,OK
1560000,VIBRATION,-0.2244029,OK
1561250,VIBRATION,-0.1529977,OK
1562500,VIBRATION,-0.04692665,OK
1563750,VIBRATION,0.3655266,OK
1565000,VIBRATION,0.9116659,OK
1566250,VIBRATION,0.9523826,OK
1567500,VIBRATION,1.102742,OK
1568750,VIBRATION,1.485056,OK
1570000,PRESSURE,101.3013,OK
1570000,TEMPERATURE,21.88976,OK
1570000,VIBRATION,1.668669,OK
1571250,VIBRATION,1.702784,OK
1572500,VIBRATION,2.05014,OK
1573750,VIBRATION,2.450383,OK
1575000,VIBRATION,1.93708,OK
1576250,VIBRATION,1.860368,OK
1577500,VIBRATION,1.693841,OK
1578750,VIBRATION,1.27984,OK
1580000,PRESSURE,101.2766,OK
1580000,TEMPERATURE,21.94905,OK
1580000,VIBRATION,1.341707,OK
1581250,VIBRATION,1.360566,OK
1582500,VIBRATION,0.8115782,OK
1583750,VIBRATION,0.7826837,OK
1585000,VIBRATION,1.474511,OK
1586250,VIBRATION,1.303533,OK
1587500,VIBRATION,1.314373,OK
1588750,VIBRATION,1.374174,OK
1590000,PRESSURE,101.284,OK
1590000,TEMPERATURE,21.92916,OK
1590000,VIBRATION,1.347202,OK
1591250,VIBRATION,1.553163,OK
1592500,VIBRATION,1.619202,OK
1593750,VIBRATION,1.303328,OK
1595000,VIBRATION,0.8782658,OK
1596250,VIBRATION,0.8447137,OK
1597500,VIBRATION,0.8343639,OK
1598750,VIBRATION,0.9792649,OK
1600000,PRESSURE,101.3241,OK
1600000,TEMPERATURE,22.13601,OK
1600000,VIBRATION,0.9688973,OK
1601250,VIBRATION,0.9557297,OK
1602500,VIBRATION,0.8360862,OK
1603750,VIBRATION,0.5393829,OK
1605000,VIBRATION,0.8615368,OK
1606250,VIBRATION,0.5215061,OK
1607500,VIBRATION,0.4651278,OK
1608750,VIBRATION,0.5305233,OK
1610000,PRESSURE,101.2207,OK
1610000,TEMPERATURE,22.15831,OK
1610000,VIBRATION,0.2630177,OK
1611250,VIBRATION,0.4202089,OK
1612500,VIBRATION,0.5356506,OK
1613751,VIBRATION,0.2916205,OK
1615000,VIBRATION,0.4580756,OK
1616250,VIBRATION,0.4006088,OK
1617500,VIBRATION,0.5056594,OK
1618750,VIBRATION,0.3654107,OK
1620000,PRESSURE,101.2782,OK
1620000,TEMPERATURE,22.09754,OK
1620000,VIBRATION,0.665939,OK
1621250,VIBRATION,0.3751551,OK
1622500,VIBRATION,0.2676916,OK
1623750,VIBRATION,0.6342572,OK
1625000,VIBRATION,0.7701608,OK
1626250,VIBRATION,0.6636541,OK
1627500,VIBRATION,0.4484793,OK
1628750,VIBRATION,0.7291002,OK
1630000,PRESSURE,101.3069,OK
1630000,TEMPERATURE,21.97744,OK
1630000,VIBRATION,0.5986782,OK
1631250,VIBRATION,0.7168507,OK
1632500,VIBRATION,0.98075,OK
1633750,VIBRATION,0.8034807,OK
1635000,VIBRATION,1.068186,OK
1636250,VIBRATION,1.146733,OK
1637500,VIBRATION,1.147356,OK
1638750,VIBRATION,0.4647793,OK
1640000,PRESSURE,101.4287,OK
1640000,TEMPERATURE,22.03259,OK
1640000,VIBRATION,0.7511174,OK
1641250,VIBRATION,0.8087141,OK
1642500,VIBRATION,0.7088759,OK
1643750,VIBRATION,0.6636258,OK
1645000,VIBRATION,-0.1635156,OK
1646250,VIBRATION,-0.1541521,OK
1647500,VIBRATION,-0.5718152,OK
1648750,VIBRATION,-0.5734748,OK
1650000,PRESSURE,101.4759,OK
1650000,TEMPERATURE,21.84765,OK
1650000,VIBRATION,-0.2219312,OK
1651250,VIBRATION,0.03729166,OK
1652500,VIBRATION,0.3906105,OK
1653750,VIBRATION,0.5913261,OK
1655000,VIBRATION,0.3788581,OK
1656250,VIBRATION,-0.2438449,OK
1657500,VIBRATION,-0.02666853,OK
1658750,VIBRATION,-0.06477268,OK
1660000,PRESSURE,101.5092,OK
1660000,TEMPERATURE,21.99715,OK
1660000,VIBRATION,0.007965641,OK
1661250,VIBRATION,-0.2795511,OK
1662500,VIBRATION,-0.04073053,OK
1663750,VIBRATION,-0.2163739,OK
1665000,VIBRATION,-0.2324283,OK
1666250,VIBRATION,-0.2876802,OK
1667500,VIBRATION,-0.8415804,OK
1668750,VIBRATION,-0.7991231,OK
1670000,PRESSURE,101.5299,OK
1670000,TEMPERATURE,22.17446,OK
1670000,VIBRATION,-0.8702091,OK
1671250,VIBRATION,-0.5242942,OK
1672500,VIBRATION,-0.6620228,OK
1673750,VIBRATION,-1.100041,OK
1675000,VIBRATION,-0.8154317,OK
1676250,VIBRATION,-0.5892013,OK
1677500,VIBRATION,-0.06891982,OK
1678750,VIBRATION,0.3332979,OK
1680000,PRESSURE,101.5282,OK
1680000,TEMPERATURE,22.15752,OK
1680000,VIBRATION,0.5102636,OK
1681250,VIBRATION,-0.03180377,OK
1682500,VIBRATION,0.04318129,OK
1683750,VIBRATION,0.07329675,OK
1685000,VIBRATION,0.1179501,OK
1686250,VIBRATION,-0.1011918,OK
1687500,VIBRATION,0.138411,OK
1688750,VIBRATION,0.1687993,OK
1690000,PRESSURE,101.5767,OK
1690000,TEMPERATURE,22.07269,OK
1690000,VIBRATION,0.3510828,OK
1691250,VIBRATION,-0.1749338,OK
1692500,VIBRATION,-0.03050224,OK
1693750,VIBRATION,-0.5932413,OK
1695000,VIBRATION,-0.3088015,OK
1696250,VIBRATION,-0.4900639,OK
1697500,VIBRATION,-0.4001181,OK
1698750,VIBRATION,-0.4572954,OK
1700000,PRESSURE,101.5174,OK
1700000,TEMPERATURE,21.96717,OK
1700000,VIBRATION,-0.09711919,OK
1701250,VIBRATION,-0.3929068,OK
1702500,VIBRATION,-0.16967,OK
1703750,VIBRATION,-0.07453052,OK
1705000,VIBRATION,-0.5432272,OK
1706250,VIBRATION,0.1651136,OK
1707510,VIBRATION,0.02560079,OK
1708750,VIBRATION,0.5515657,OK
1710000,PRESSURE,101.4695,OK
1710000,TEMPERATURE,22.09476,OK
1710000,VIBRATION,0.3707951,OK
1711250,VIBRATION,0.506096,OK
1712500,VIBRATION,-0.15926,OK
1713750,VIBRATION,-0.3826373,OK
1715000,VIBRATION,-0.1413376,OK
1716250,VIBRATION,0.1635551,OK
1717500,VIBRATION,0.3506616,OK
1718750,VIBRATION,0.7314287,OK
1720000,PRESSURE,101.4753,OK
1720000,TEMPERATURE,22.1556,OK
1720000,VIBRATION,0.846005,OK
1721250,VIBRATION,0.531543,OK
1722500,VIBRATION,0.09768209,OK
1723815,VIBRATION,0.4350838,OK
1725000,VIBRATION,0.2340278,OK
1726250,VIBRATION,-0.177893,OK
1727500,VIBRATION,-0.2052905,OK
1728750,VIBRATION,-0.5716259,OK
1730000,PRESSURE,101.4553,OK
1730000,TEMPERATURE,22.11581,OK
1730000,VIBRATION,-0.5169674,OK
1731276,VIBRATION,-0.8768514,OK
1732500,VIBRATION,-0.6164312,OK
1733750,VIBRATION,-0.9989166,OK
1735000,VIBRATION,-1.161157,OK
1736250,VIBRATION,-0.8689146,OK
1737500,VIBRATION,-0.5523063,OK
1738750,VIBRATION,-0.5121348,OK
1740000,PRESSURE,101.4421,OK
1740000,TEMPERATURE,22.06871,OK
1740000,VIBRATION,-0.4095611,OK
1741250,VIBRATION,-0.2331854,OK
1742500,VIBRATION,0.1311054,OK
1743750,VIBRATION,-0.01685804,OK
1745000,VIBRATION,-0.2011599,OK
1746250,VIBRATION,-0.05957067,OK
1747500,VIBRATION,-0.05694218,OK
1748750,VIBRATION,-0.3156996,OK
1750000,PRESSURE,101.3388,OK
1750000,TEMPERATURE,22.06394,OK
1750000,VIBRATION,-0.8855485,OK
1751250,VIBRATION,-0.5962909,OK
1752500,VIBRATION,-0.6702916,OK
1753750,VIBRATION,-0.5882901,OK
1755000,VIBRATION,-0.06641283,OK
1756250,VIBRATION,-0.548855,OK
1757500,VIBRATION,-1.099982,OK
1758750,VIBRATION,-1.263739,OK
1760000,PRESSURE,101.3374,OK
1760000,TEMPERATURE,22.00637,OK
1760000,VIBRATION,0,COMM_ERROR
1761250,VIBRATION,-1.182661,OK
1762500,VIBRATION,-1.282051,OK
1763750,VIBRATION,-1.571602,OK
1765000,VIBRATION,-1.484995,OK
1766250,VIBRATION,-1.531872,OK
1767500,VIBRATION,-1.596916,OK
1768750,VIBRATION,-1.410628,OK
1770000,PRESSURE,101.2721,OK
1770000,TEMPERATURE,22.22904,OK
1770000,VIBRATION,-1.469275,OK
1771250,VIBRATION,-1.2471,OK
1772500,VIBRATION,-0.8709663,OK
1773750,VIBRATION,-0.9509076,OK
1775000,VIBRATION,-0.8168427,OK
1776250,VIBRATION,-0.7079535,OK
1777500,VIBRATION,-0.8141309,OK
1778750,VIBRATION,-0.7261848,OK
1780000,PRESSURE,101.3093,OK
1780000,TEMPERATURE,22.04457,OK
1780000,VIBRATION,-0.5457595,OK
1781250,VIBRATION,-0.6127142,OK
1782500,VIBRATION,-0.4696986,OK
1783750,VIBRATION,-0.3457557,OK
1785000,VIBRATION,-0.3341081,OK
1786250,VIBRATION,-0.2045504,OK
1787500,VIBRATION,-0.2589937,OK
1788750,VIBRATION,-0.3104195,OK
1790000,PRESSURE,101.2666,OK
1790000,TEMPERATURE,22.00208,OK
1790000,VIBRATION,0.1598703,OK
1791250,VIBRATION,-0.1848775,OK
1792500,VIBRATION,-0.03335569,OK
1793750,VIBRATION,-0.373105,OK
1795000,VIBRATION,-0.1550836,OK
1796250,VIBRATION,-0.3280092,OK
1797500,VIBRATION,-0.5778185,OK
1798750,VIBRATION,-0.5364446,OK
1800000,PRESSURE,101.2519,OK
1800000,TEMPERATURE,21.96966,OK
1800000,VIBRATION,-0.5938886,OK
1801250,VIBRATION,-0.451652,OK
1802500,VIBRATION,-0.01945376,OK
1803750,VIBRATION,-0.018057,OK
1805000,VIBRATION,0.2388456,OK
1806250,VIBRATION,-0.2089327,OK
1807500,VIBRATION,-0.4510721,OK
1808750,VIBRATION,-0.4880248,OK
1810000,PRESSURE,101.207,OK
1810000,TEMPERATURE,21.83912,OK
1810000,VIBRATION,-0.7108442,OK
1811250,VIBRATION,-0.5139737,OK
1812500,VIBRATION,-0.5545472,OK
1813750,VIBRATION,-0.3808925,OK
1815000,VIBRATION,0.1697492,OK
1816250,VIBRATION,0.146339,OK
1817500,VIBRATION,-0.02693861,OK
1818750,VIBRATION,0.3856862,OK
1820000,PRESSURE,101.1909,OK
1820000,TEMPERATURE,21.8626,OK
1820000,VIBRATION,0.3706206,OK
1821250,VIBRATION,0.3932603,OK
1822500,VIBRATION,0.1304466,OK
1823750,VIBRATION,0.08069279,OK
1825000,VIBRATION,-0.3542517,OK
1826250,VIBRATION,-0.3196116,OK
1827500,VIBRATION,-0.4562402,OK
1828750,VIBRATION,-0.7547756,OK
1830000,PRESSURE,101.2901,OK
1830000,TEMPERATURE,21.80212,OK
1830000,VIBRATION,-0.3834702,OK
1831250,VIBRATION,0.07052934,OK
1832500,VIBRATION,-0.09760788,OK
1833750,VIBRATION,0.4582542,OK
1835000,VIBRATION,0.8829917,OK
1836250,VIBRATION,1.133454,OK
1837500,VIBRATION,1.308014,OK
1838750,VIBRATION,1.726105,OK
1840000,PRESSURE,101.2844,OK
1840000,TEMPERATURE,21.79679,OK
1840000,VIBRATION,1.20897,OK
1841250,VIBRATION,1.361607,OK
1842500,VIBRATION,1.035398,OK
1843751,VIBRATION,1.090762,OK
1845000,VIBRATION,0.9554409,OK
1846250,VIBRATION,0.9588369,OK
1847500,VIBRATION,1.539137,OK
1848778,VIBRATION,1.441993,OK
1850000,PRESSURE,101.2601,OK
1850000,TEMPERATURE,21.70997,OK
1850000,VIBRATION,1.281864,OK
1851250,VIBRATION,0.9958788,OK
1852500,VIBRATION,0.6859529,OK
1853750,VIBRATION,0.5910177,OK
1855000,VIBRATION,0.9771901,OK
1856250,VIBRATION,0.2809266,OK
1857500,VIBRATION,0.4400595,OK
1858750,VIBRATION,0.2835126,OK
1860000,PRESSURE,101.2495,OK
1860000,TEMPERATURE,21.66072,OK
1860000,VIBRATION,0.4237804,OK
1861250,VIBRATION,0.7634818,OK
1862500,VIBRATION,0.3281034,OK
1863750,VIBRATION,0.5216458,OK
1865036,VIBRATION,0.7814469,OK
1866250,VIBRATION,0.887611,OK
1867500,VIBRATION,0.5191907,OK
1868750,VIBRATION,0.3621464,OK
1870000,PRESSURE,101.2753,OK
1870000,TEMPERATURE,21.80078,OK
1870000,VIBRATION,0.5247904,OK
1871250,VIBRATION,0.391423,OK
1872500,VIBRATION,-0.1495519,OK
1873750,VIBRATION,0.08920206,OK
1875000,VIBRATION,0.171634,OK
1876250,VIBRATION,-0.3349138,OK
1877500,VIBRATION,0.1632086,OK
1878750,VIBRATION,-0.4067559,OK
1880000,PRESSURE,101.3578,OK
1880000,TEMPERATURE,21.67215,OK
1880000,VIBRATION,-0.2328354,OK
1881250,VIBRATION,-0.5342178,OK
1882500,VIBRATION,-0.7147141,OK
1883750,VIBRATION,-0.6158115,OK
1885000,VIBRATION,-0.727137,OK
1886250,VIBRATION,-0.3201332,OK
1887500,VIBRATION,0.1198098,OK
1888750,VIBRATION,0.626054,OK
1890000,PRESSURE,101.4016,OK
1890000,TEMPERATURE,21.9159,OK
1890000,VIBRATION,0.468808,OK
1891250,VIBRATION,0.6799494,OK
1892500,VIBRATION,0.7038196,OK
1893750,VIBRATION,0.6890743,OK
1895000,VIBRATION,0.3968964,OK
1896250,VIBRATION,0.5445626,OK
1897500,VIBRATION,0.1986684,OK
1898750,VIBRATION,0.5859347,OK
1900000,PRESSURE,101.4162,OK
1900000,TEMPERATURE,21.84169,OK
1900000,VIBRATION,0.6991937,OK
1901250,VIBRATION,0.7363494,OK
1902500,VIBRATION,1.097505,OK
1903750,VIBRATION,1.930285,OK
1905000,VIBRATION,2.171824,OK
1906250,VIBRATION,2.184532,OK
1907500,VIBRATION,2.41339,OK
1908750,VIBRATION,2.580332,OK
1910000,PRESSURE,101.4044,OK
1910000,TEMPERATURE,21.81772,OK
1910000,VIBRATION,2.649525,OK
1911250,VIBRATION,2.644415,OK
1912500,VIBRATION,2.787004,OK
1913750,VIBRATION,2.820312,OK
1915000,VIBRATION,2.169338,OK
1916250,VIBRATION,2.366219,OK
1917500,VIBRATION,2.160673,OK
1918750,VIBRATION,1.925572,OK
1920000,PRESSURE,101.487,OK
1920000,TEMPERATURE,21.79503,OK
1920000,VIBRATION,2.254639,OK
1921250,VIBRATION,2.040242,OK
1922500,VIBRATION,1.547495,OK
1923750,VIBRATION,1.647195,OK
1925000,VIBRATION,1.123565,OK
1926250,VIBRATION,1.246828,OK
1927500,VIBRATION,1.328407,OK
1928750,VIBRATION,1.432874,OK
1930000,PRESSURE,101.5214,OK
1930000,TEMPERATURE,21.86703,OK
1930000,VIBRATION,1.63243,OK
1931250,VIBRATION,1.821464,OK
1932500,VIBRATION,1.674491,OK
1933750,VIBRATION,2.241822,OK
1935000,VIBRATION,1.582832,OK
1936250,VIBRATION,1.410149,OK
1937500,VIBRATION,1.19271,OK
1938750,VIBRATION,0.560558,OK
1940000,PRESSURE,101.4952,OK
1940000,TEMPERATURE,21.89015,OK
1940000,VIBRATION,0.4644999,OK
1941250,VIBRATION,0.3692225,OK
1942500,VIBRATION,0.2086035,OK
1943750,VIBRATION,0.70285,OK
1945000,VIBRATION,0.05040706,OK
1946250,VIBRATION,-0.1078911,OK
1947500,VIBRATION,0.06204014,OK
1948750,VIBRATION,0.04615948,OK
1950000,PRESSURE,101.4905,OK
1950000,TEMPERATURE,21.79433,OK
1950000,VIBRATION,0.3788339,OK
1951250,VIBRATION,0.5686971,OK
1952500,VIBRATION,0.6322214,OK
1953750,VIBRATION,0.1859437,OK
1955000,VIBRATION,-0.2495667,OK
1956250,VIBRATION,0.07752649,OK
1957500,VIBRATION,-0.2002331,OK
1958750,VIBRATION,-0.4185418,OK
1960019,PRESSURE,101.4376,OK
1960019,TEMPERATURE,21.81059,OK
1960019,VIBRATION,-0.03578795,OK
1961250,VIBRATION,0.2694287,OK
1962500,VIBRATION,0.1514187,OK
1963750,VIBRATION,0.135918,OK
1965044,VIBRATION,0.1383236,OK
1966250,VIBRATION,0.07689648,OK
1967500,VIBRATION,-0.07837901,OK
1968776,VIBRATION,-0.4228202,OK
1970000,PRESSURE,101.4427,OK
1970000,TEMPERATURE,21.65178,OK
1970000,VIBRATION,-0.02718527,OK
1971250,VIBRATION,0.2968741,OK
1972500,VIBRATION,0.4980565,OK
1973750,VIBRATION,0.302793,OK
1975000,VIBRATION,0,COMM_ERROR
1976250,VIBRATION,-0.4872727,OK
1977500,VIBRATION,-0.7475296,OK
1978750,VIBRATION,-0.5200622,OK
1980000,PRESSURE,101.4369,OK
1980000,TEMPERATURE,21.55378,OK
1980000,VIBRATION,-0.6250592,OK
1981250,VIBRATION,-0.8193921,OK
1982500,VIBRATION,-0.8027576,OK
1983750,VIBRATION,-0.1998235,OK
1985000,VIBRATION,-0.5664178,OK
1986250,VIBRATION,-0.5347576,OK
1987500,VIBRATION,-0.1034049,OK
1988750,VIBRATION,-0.2804417,OK
1990000,PRESSURE,101.4798,OK
1990000,TEMPERATURE,21.59429,OK
1990000,VIBRATION,-0.8182417,OK
1991250,VIBRATION,-0.8366288,OK
1992500,VIBRATION,-0.5906368,OK
1993750,VIBRATION,-0.7245173,OK
1995000,VIBRATION,0.1651481,OK
1996250,VIBRATION,0.3114935,OK
1997500,VIBRATION,0.0403142,OK
1998750,VIBRATION,-0.4177477,OK
2000000,PRESSURE,101.5258,OK
2000000,TEMPERATURE,21.63683,OK
2000000,VIBRATION,-0.9220129,OK
2000000,HUMIDITY,44.92423,OK
2001250,VIBRATION,-0.9819281,OK
2002500,VIBRATION,-0.5957279,OK
2003750,VIBRATION,-0.828735,OK
2005000,VIBRATION,-1.051004,OK
2006250,VIBRATION,-0.7790206,OK
2007500,VIBRATION,-0.74234,OK
2008750,VIBRATION,0.02572986,OK
2010000,PRESSURE,101.5333,OK
2010000,TEMPERATURE,21.89549,OK
2010000,VIBRATION,0.1518028,OK
2011250,VIBRATION,0.2561317,OK
2012500,VIBRATION,0.1865982,OK
2013750,VIBRATION,0.4390177,OK
2015000,VIBRATION,0.1386282,OK
2016250,VIBRATION,-0.06637298,OK
2017500,VIBRATION,-0.316106,OK
2018750,VIBRATION,-0.3732198,OK
2020000,PRESSURE,101.5423,OK
2020000,TEMPERATURE,21.96512,OK
2020000,VIBRATION,-0.4145192,OK
2021250,VIBRATION,-0.5655275,OK
2022500,VIBRATION,0.1928051,OK
2023750,VIBRATION,-0.02078284,OK
2025000,VIBRATION,0.05830184,OK
2026250,VIBRATION,0.2866849,OK
2027500,VIBRATION,0.1769021,OK
2028750,VIBRATION,-0.06995945,OK
2030000,PRESSURE,101.5606,OK
2030000,TEMPERATURE,21.89143,OK
2030000,VIBRATION,-0.5270782,OK
2031250,VIBRATION,-0.9696137,OK
2032500,VIBRATION,-1.332233,OK
2033750,VIBRATION,-1.390358,OK
2035000,VIBRATION,-1.454988,OK
2036250,VIBRATION,-0.6553187,OK
2037500,VIBRATION,-0.5065826,OK
2038750,VIBRATION,-0.702338,OK
2040000,PRESSURE,101.6426,OK
2040000,TEMPERATURE,22.06821,OK
2040000,VIBRATION,-0.5150858,OK
2041250,VIBRATION,-0.5346996,OK
2042500,VIBRATION,-0.264077,OK
2043750,VIBRATION,-0.7289809,OK
2045000,VIBRATION,-0.4237251,OK
2046250,VIBRATION,-0.8477595,OK
2047500,VIBRATION,-0.67906,OK
2048750,VIBRATION,-0.3594405,OK
2050000,PRESSURE,101.6758,OK
2050000,TEMPERATURE,22.02985,OK
2050000,VIBRATION,-0.5859166,OK
2051250,VIBRATION,-0.2944346,OK
2052500,VIBRATION,-0.2283137,OK
2053750,VIBRATION,-0.2774662,OK
2055000,VIBRATION,-0.2679261,OK
2056250,VIBRATION,0.06397875,OK
2057500,VIBRATION,0.01974288,OK
2058750,VIBRATION,0.1630727,OK
2060000,PRESSURE,101.709,OK
2060000,TEMPERATURE,22.01779,OK
2060000,VIBRATION,0.2270217,OK
2061250,VIBRATION,0.2742779,OK
2062500,VIBRATION,0.4462459,OK
2063750,VIBRATION,0.5588604,OK
2065000,VIBRATION,0.7727856,OK
2066250,VIBRATION,0.4627762,OK
2067516,VIBRATION,0.4513339,OK
2068750,VIBRATION,-0.2370699,OK
2070000,PRESSURE,101.7782,OK
2070000,TEMPERATURE,21.98679,OK
2070000,VIBRATION,0.5146682,OK
2071250,VIBRATION,0.7170027,OK
2072500,VIBRATION,1.175232,OK
2073750,VIBRATION,1.043876,OK
2075000,VIBRATION,0.6348766,OK
2076250,VIBRATION,0.7266279,OK
2077500,VIBRATION,0.7839126,OK
2078750,VIBRATION,1.019102,OK
2080000,PRESSURE,101.7547,OK
2080000,TEMPERATURE,21.92563,OK
2080000,VIBRATION,1.024984,OK
2081250,VIBRATION,0.9473423,OK
2082500,VIBRATION,0.7882168,OK
2083750,VIBRATION,1.003659,OK
2085000,VIBRATION,1.588054,OK
2086250,VIBRATION,2.329812,OK
2087500,VIBRATION,2.061216,OK
2088750,VIBRATION,2.622088,OK
2090000,PRESSURE,101.8035,OK
2090000,TEMPERATURE,21.99432,OK
2090000,VIBRATION,2.830142,OK
2091250,VIBRATION,2.729703,OK
2092500,VIBRATION,2.437798,OK
2093750,VIBRATION,1.972744,OK
2095000,VIBRATION,1.402445,OK
2096250,VIBRATION,1.487223,OK
2097500,VIBRATION,1.148901,OK
2098750,VIBRATION,0.902219,OK
2100000,PRESSURE,101.8071,OK
2100000,TEMPERATURE,21.97625,OK
2100000,VIBRATION,1.087977,OK
2101250,VIBRATION,0.4881288,OK
2102500,VIBRATION,0.9608425,OK
2103750,VIBRATION,0.8198228,OK
2105000,VIBRATION,0.8917316,OK
2106250,VIBRATION,0.9485666,OK
2107500,VIBRATION,1.372165,OK
2108750,VIBRATION,2.283409,OK
2110000,PRESSURE,101.759,OK
2110000,TEMPERATURE,21.93943,OK
2110000,VIBRATION,2.380216,OK
2111250,VIBRATION,2.153475,OK
2112500,VIBRATION,2.421537,OK
2113750,VIBRATION,2.574126,OK
2115000,VIBRATION,2.298648,OK
2116250,VIBRATION,2.24816,OK
2117500,VIBRATION,1.977955,OK
2118750,VIBRATION,1.708097,OK
2120000,PRESSURE,101.6892,OK
2120000,TEMPERATURE,21.87354,OK
2120000,VIBRATION,1.480511,OK
2121250,VIBRATION,1.867372,OK
2122500,VIBRATION,1.813223,OK
2123750,VIBRATION,1.94186,OK
2125000,VIBRATION,1.361841,OK
2126250,VIBRATION,1.161501,OK
2127500,VIBRATION,0.9863871,OK
2128750,VIBRATION,1.037345,OK
2130000,PRESSURE,101.6895,OK
2130000,TEMPERATURE,21.71318,OK
2130000,VIBRATION,0.9171981,OK
2131250,VIBRATION,1.038939,OK
2132500,VIBRATION,0.789061,OK
2133750,VIBRATION,0.4807428,OK
2135000,VIBRATION,0.8394915,OK
2136250,VIBRATION,0.1314807,OK
2137500,VIBRATION,0.257486,OK
2138750,VIBRATION,0.3943509,OK
2140000,PRESSURE,101.672,OK
2140000,TEMPERATURE,21.7339,OK
2140000,VIBRATION,0.8033,OK
2141250,VIBRATION,0.7236644,OK
2142500,VIBRATION,1.253409,OK
2143750,VIBRATION,1.242084,OK
2145000,VIBRATION,0.9361872,OK
2146250,VIBRATION,0.6620759,OK
2147500,VIBRATION,0.826208,OK
2148750,VIBRATION,1.276913,OK
2150000,PRESSURE,101.7039,OK
2150000,TEMPERATURE,21.82226,OK
2150000,VIBRATION,0.7230997,OK
2151250,VIBRATION,-0.2959467,OK
2152500,VIBRATION,-0.5650031,OK
2153750,VIBRATION,-0.8531443,OK
2155000,VIBRATION,-0.6243376,OK
2156250,VIBRATION,-0.3763996,OK
2157500,VIBRATION,-0.7506061,OK
2158750,VIBRATION,-1.039478,OK
2160000,PRESSURE,101.5789,OK
2160000,TEMPERATURE,21.69434,OK
2160000,VIBRATION,-0.6774355,OK
2161250,VIBRATION,-0.2144266,OK
2162500,VIBRATION,-0.1128078,OK
2163750,VIBRATION,-0.3130306,OK
2165000,VIBRATION,-0.3044496,OK
2166250,VIBRATION,-0.3258004,OK
2167500,VIBRATION,-0.2479101,OK
2168750,VIBRATION,-0.4576052,OK
2170000,PRESSURE,101.5637,OK
2170000,TEMPERATURE,21.85034,OK
2170000,VIBRATION,-1.071345,OK
2171250,VIBRATION,-0.8289331,OK
2172500,VIBRATION,-0.151582,OK
2173750,VIBRATION,-0.5134726,OK
2175000,VIBRATION,-0.1910358,OK
2176250,VIBRATION,-0.589112,OK
2177500,VIBRATION,-0.7368149,OK
2178750,VIBRATION,-0.9300484,OK
2180000,PRESSURE,101.5699,OK
2180000,TEMPERATURE,21.85968,OK
2180000,VIBRATION,-0.5994265,OK
2181250,VIBRATION,-0.4122516,OK
2182500,VIBRATION,-0.04278422,OK
2183750,VIBRATION,0.09201225,OK
2185000,VIBRATION,0.645445,OK
2186250,VIBRATION,0.7765682,OK
2187500,VIBRATION,0.7964747,OK
2188905,VIBRATION,0.8076802,OK
2190000,PRESSURE,101.5746,OK
2190000,TEMPERATURE,21.7688,OK
2190000,VIBRATION,1.024159,OK
2191250,VIBRATION,0.8951471,OK
2192500,VIBRATION,1.063717,OK
2193750,VIBRATION,1.330388,OK
2195000,VIBRATION,0.9908605,OK
2196250,VIBRATION,0.8615914,OK
2197500,VIBRATION,0.7078302,OK
2198931,VIBRATION,0.7396032,OK
2200000,PRESSURE,101.5702,OK
2200000,TEMPERATURE,21.90838,OK
2200000,VIBRATION,0.4722274,OK
2201250,VIBRATION,0.4984209,OK
2202546,VIBRATION,0.5990734,OK
2203750,VIBRATION,0.911007,OK
2205000,VIBRATION,1.066254,OK
2206250,VIBRATION,1.115806,OK
2207500,VIBRATION,0.974676,OK
2208750,VIBRATION,1.50341,OK
2210000,PRESSURE,101.6047,OK
2210000,TEMPERATURE,22.02499,OK
2210000,VIBRATION,2.082064,OK
2211250,VIBRATION,2.255406,OK
2212500,VIBRATION,1.938691,OK
2213750,VIBRATION,1.535188,OK
2215000,VIBRATION,1.375761,OK
2216250,VIBRATION,1.378382,OK
2217500,VIBRATION,1.362365,OK
2218750,VIBRATION,1.140949,OK
2220000,PRESSURE,101.5769,OK
2220000,TEMPERATURE,22.08801,OK
2220000,VIBRATION,1.21014,OK
2221250,VIBRATION,1.171401,OK
2222542,VIBRATION,1.501119,OK
2223750,VIBRATION,1.13414,OK
2225000,VIBRATION,1.705781,OK
2226250,VIBRATION,1.008752,OK
2227500,VIBRATION,0.8266369,OK
2228750,VIBRATION,0.7197838,OK
2230000,PRESSURE,101.5132,OK
2230000,TEMPERATURE,22.03513,OK
2230000,VIBRATION,0.5680663,OK
2231250,VIBRATION,0.4195712,OK
2232500,VIBRATION,0.09711622,OK
2233750,VIBRATION,-0.05980651,OK
2235000,VIBRATION,0.5522839,OK
2236250,VIBRATION,0.9693968,OK
2237500,VIBRATION,0.7645362,OK
2238750,VIBRATION,0.9905527,OK
2240000,PRESSURE,101.4425,OK
2240000,TEMPERATURE,21.87018,OK
2240000,VIBRATION,0.9098282,OK
2241250,VIBRATION,1.026327,OK
2242500,VIBRATION,0.9951702,OK
2243750,VIBRATION,0.9039529,OK
2245000,VIBRATION,0.9217903,OK
2246250,VIBRATION,1.040065,OK
2247501,VIBRATION,0.9639062,OK
2248750,VIBRATION,1.409886,OK
2250000,PRESSURE,101.4247,OK
2250000,TEMPERATURE,22.05432,OK
2250000,VIBRATION,1.35742,OK
2251250,VIBRATION,1.116068,OK
2252500,VIBRATION,1.401802,OK
2253750,VIBRATION,1.524099,OK
2255000,VIBRATION,1.953052,OK
2256250,VIBRATION,2.28599,OK
2257500,VIBRATION,2.282629,OK
2258750,VIBRATION,2.016293,OK
2260000,PRESSURE,101.3417,OK
2260000,TEMPERATURE,22.08898,OK
2260000,VIBRATION,2.317379,OK
2261250,VIBRATION,2.783448,OK
2262500,VIBRATION,2.672315,OK
2263750,VIBRATION,2.223143,OK
2265000,VIBRATION,2.310241,OK
2266250,VIBRATION,2.215036,OK
2267500,VIBRATION,1.774523,OK
2268750,VIBRATION,1.256941,OK
2270000,PRESSURE,101.3051,OK
2270000,TEMPERATURE,21.94568,OK
2270000,VIBRATION,1.202427,OK
2271250,VIBRATION,0.9770229,OK
2272500,VIBRATION,0.9054746,OK
2273750,VIBRATION,1.00151,OK
2275000,VIBRATION,1.50376,OK
2276250,VIBRATION,1.705729,OK
2277500,VIBRATION,1.828163,OK
2278750,VIBRATION,1.076819,OK
2280000,PRESSURE,101.2745,OK
2280000,TEMPERATURE,21.87303,OK
2280000,VIBRATION,1.046186,OK
2281250,VIBRATION,0.6016255,OK
2282500,VIBRATION,0.6337907,OK
2283750,VIBRATION,0.530824,OK
2285000,VIBRATION,0.7847186,OK
2286250,VIBRATION,0.8796326,OK
2287500,VIBRATION,0.7779239,OK
2288750,VIBRATION,0.1108229,OK
2290000,PRESSURE,101.302,OK
2290000,TEMPERATURE,21.76569,OK
2290000,VIBRATION,0.1775182,OK
2291250,VIBRATION,0.1532069,OK
2292500,VIBRATION,0.3488412,OK
2293750,VIBRATION,0.4001629,OK
2295000,VIBRATION,0.09439763,OK
2296250,VIBRATION,0.3711784,OK
2297500,VIBRATION,0.7999631,OK
2298750,VIBRATION,0.7855462,OK
2300000,PRESSURE,101.2961,OK
2300000,TEMPERATURE,21.80757,OK
2300000,VIBRATION,0.9701142,OK
2301250,VIBRATION,0.7291462,OK
2302500,VIBRATION,1.015992,OK
2303750,VIBRATION,0.4879895,OK
2305000,VIBRATION,-0.2066821,OK
2306250,VIBRATION,0.00539973,OK
2307500,VIBRATION,0.124535,OK
2308768,VIBRATION,0.02400748,OK
2310000,PRESSURE,101.2482,OK
2310000,TEMPERATURE,21.91296,OK
2310000,VIBRATION,-0.3160477,OK
2311250,VIBRATION,-0.1102914,OK
2312500,VIBRATION,-0.1604785,OK
2313750,VIBRATION,0.170924,OK
2315000,VIBRATION,0.3035977,OK
2316250,VIBRATION,0.7716177,OK
2317500,VIBRATION,0.8450316,OK
2318750,VIBRATION,0.7243064,OK
2320000,PRESSURE,101.2824,OK
2320000,TEMPERATURE,21.86543,OK
2320000,VIBRATION,0.7952944,OK
2321250,VIBRATION,0.649945,OK
2322500,VIBRATION,0.3582736,OK
2323750,VIBRATION,0.710028,OK
2325000,VIBRATION,0.5266058,OK
2326250,VIBRATION,0.02226566,OK
2327500,VIBRATION,-0.270674,OK
2328750,VIBRATION,-0.3388018,OK
2330000,PRESSURE,101.3492,OK
2330000,TEMPERATURE,21.85408,OK
2330000,VIBRATION,-0.828844,OK
2331250,VIBRATION,-0.6744861,OK
2332500,VIBRATION,-0.7335804,OK
2333750,VIBRATION,-0.5374774,OK
2335000,VIBRATION,-0.7934405,OK
2336250,VIBRATION,-0.849355,OK
2337500,VIBRATION,-0.8058652,OK
2338750,VIBRATION,-1.146282,OK
2340000,PRESSURE,101.3937,OK
2340000,TEMPERATURE,21.82511,OK
2340000,VIBRATION,-1.534426,OK
2341250,VIBRATION,-1.833396,OK
2342500,VIBRATION,-1.605482,OK
2343750,VIBRATION,-1.399916,OK
2345000,VIBRATION,-1.198222,OK
2346250,VIBRATION,-1.136305,OK
2347500,VIBRATION,-0.7830378,OK
2348750,VIBRATION,-0.1687914,OK
2350000,PRESSURE,101.308,OK
2350000,TEMPERATURE,21.72911,OK
2350000,VIBRATION,0.2682619,OK
2351250,VIBRATION,0.52943,OK
2352500,VIBRATION,0.3387499,OK
2353750,VIBRATION,-0.1766999,OK
2355058,VIBRATION,0.02284377,OK
2356250,VIBRATION,0.1242199,OK
2357500,VIBRATION,0.09960313,OK
2358750,VIBRATION,0.3256033,OK
2360000,PRESSURE,101.2841,OK
2360000,TEMPERATURE,21.73684,OK
2360000,VIBRATION,0.2436598,OK
2361250,VIBRATION,0.2800028,OK
2362500,VIBRATION,0.2815014,OK
2363750,VIBRATION,-0.1833827,OK
2365000,VIBRATION,-0.4257743,OK
2366250,VIBRATION,-0.4712408,OK
2367500,VIBRATION,-0.2884413,OK
2368750,VIBRATION,0.2764851,OK
2370000,PRESSURE,101.2634,OK
2370000,TEMPERATURE,21.92536,OK
2370000,VIBRATION,0.337718,OK
2371250,VIBRATION,0.2228247,OK
2372500,VIBRATION,0.3143188,OK
2373750,VIBRATION,0.2726223,OK
2375000,VIBRATION,0.7191397,OK
2376250,VIBRATION,0.5743066,OK
2377500,VIBRATION,0.3767471,OK
2378750,VIBRATION,0.8848129,OK
2380000,PRESSURE,101.2303,OK
2380000,TEMPERATURE,22.15547,OK
2380000,VIBRATION,1.344714,OK
2381250,VIBRATION,1.427926,OK
2382500,VIBRATION,1.371942,OK
2383750,VIBRATION,1.286917,OK
2385000,VIBRATION,0.7419592,OK
2386250,VIBRATION,1.065115,OK
2387500,VIBRATION,0.5511096,OK
2388750,VIBRATION,0.5248931,OK
2390000,PRESSURE,101.2664,OK
2390000,TEMPERATURE,22.03387,OK
2390000,VIBRATION,0.4836202,OK
2391250,VIBRATION,0.4997469,OK
2392500,VIBRATION,0.5498441,OK
2393750,VIBRATION,0.6035098,OK
2395000,VIBRATION,0.4390222,OK
2396250,VIBRATION,0.6572981,OK
2397500,VIBRATION,0.481023,OK
2398750,VIBRATION,0.7688328,OK
2400000,PRESSURE,101.1899,OK
2400000,TEMPERATURE,21.90794,OK
2400000,VIBRATION,1.148564,OK
2401250,VIBRATION,1.599599,OK
2402500,VIBRATION,1.163336,OK
2403750,VIBRATION,0.9733733,OK
2405000,VIBRATION,0.6676014,OK
2406250,VIBRATION,0.9606546,OK
2407500,VIBRATION,1.199417,OK
2408750,VIBRATION,1.119818,OK
2410000,PRESSURE,101.2447,OK
2410000,TEMPERATURE,21.87817,OK
2410000,VIBRATION,0.9809263,OK
2411250,VIBRATION,0.9261051,OK
2412500,VIBRATION,0.9535521,OK
2413750,VIBRATION,0.409329,OK
2415000,VIBRATION,0.4952608,OK
2416250,VIBRATION,0.3240528,OK
2417500,VIBRATION,0.2229557,OK
2418750,VIBRATION,0.5685391,OK
2420048,PRESSURE,101.3562,OK
2420048,TEMPERATURE,22.02337,OK
2420048,VIBRATION,0.9196811,OK
2421292,VIBRATION,0.3911156,OK
2422500,VIBRATION,0.9186814,OK
2423750,VIBRATION,0.6653548,OK
2425000,VIBRATION,0.4085071,OK
2426250,VIBRATION,0.1758734,OK
2427500,VIBRATION,0.3369025,OK
2428750,VIBRATION,0.440466,OK
2430000,PRESSURE,101.3236,OK
2430000,TEMPERATURE,21.99826,OK
2430000,VIBRATION,0.8105001,OK
2431250,VIBRATION,0.4524118,OK
2432500,VIBRATION,0.176984,OK
2433750,VIBRATION,0.482267,OK
2435000,VIBRATION,0.0030731,OK
2436250,VIBRATION,0.29411,OK
2437500,VIBRATION,0.2830893,OK
2438764,VIBRATION,0.3578253,OK
2440000,PRESSURE,101.3051,OK
2440000,TEMPERATURE,22.04341,OK
2440000,VIBRATION,-0.223676,OK
2441250,VIBRATION,-0.2791332,OK
2442500,VIBRATION,-0.1734617,OK
2443750,VIBRATION,-0.1913565,OK
2445000,VIBRATION,0.1164544,OK
2446250,VIBRATION,-0.265646,OK
2447500,VIBRATION,0.1562042,OK
2448750,VIBRATION,0.0894589,OK
2450000,PRESSURE,101.3493,OK
2450000,TEMPERATURE,22.14057,OK
2450000,VIBRATION,0.08989727,OK
2451250,VIBRATION,-0.09471507,OK
2452500,VIBRATION,0.3036155,OK
2453750,VIBRATION,0.4856283,OK
2455000,VIBRATION,0.2374776,OK
2456250,VIBRATION,-0.4916456,OK
2457500,VIBRATION,-0.200216,OK
2458750,VIBRATION,-0.3467006,OK
2460000,PRESSURE,101.3427,OK
2460000,TEMPERATURE,22.0409,OK
2460000,VIBRATION,-0.02485221,OK
2461250,VIBRATION,-0.1556233,OK
2462500,VIBRATION,-0.1703876,OK
2463750,VIBRATION,-0.2549315,OK
2465000,VIBRATION,-0.2092477,OK
2466250,VIBRATION,-0.3187146,OK
2467500,VIBRATION,-0.2335217,OK
2468750,VIBRATION,-0.5059714,OK
2470000,PRESSURE,101.3776,OK
2470000,TEMPERATURE,22.04516,OK
2470000,VIBRATION,-0.5404074,OK
2471250,VIBRATION,-0.2286999,OK
2472500,VIBRATION,-0.3975811,OK
2473750,VIBRATION,-0.8532116,OK
2475000,VIBRATION,-0.7649282,OK
2476250,VIBRATION,-0.5420897,OK
2477500,VIBRATION,-0.1812147,OK
2478750,VIBRATION,-0.6472369,OK
2480000,PRESSURE,101.397,OK
2480000,TEMPERATURE,22.03699,OK
2480000,VIBRATION,-0.5944094,OK
2481251,VIBRATION,-0.2635467,OK
2482500,VIBRATION,0.3910693,OK
2483750,VIBRATION,0.2630163,OK
2485000,VIBRATION,0.2458704,OK
2486250,VIBRATION,0.6647328,OK
2487500,VIBRATION,0.6270617,OK
2488750,VIBRATION,0.7567499,OK
2490000,PRESSURE,101.4683,OK
2490000,TEMPERATURE,22.14394,OK
2490000,VIBRATION,1.125026,OK
2491250,VIBRATION,0.9773796,OK
2492500,VIBRATION,0.8656013,OK
2493750,VIBRATION,0.6884946,OK
2495000,VIBRATION,0.5415501,OK
2496250,VIBRATION,0.4961028,OK
2497500,VIBRATION,-0.0342592,OK
2498750,VIBRATION,0.2693143,OK
2500000,PRESSURE,101.4448,OK
2500000,TEMPERATURE,22.13375,OK
2500000,VIBRATION,0.5904254,OK
2501250,VIBRATION,0.2056603,OK
2502500,VIBRATION,0.07845293,OK
2503750,VIBRATION,0.4698469,OK
2505000,VIBRATION,-0.1752346,OK
2506250,VIBRATION,-0.2853106,OK
2507500,VIBRATION,0.06374156,OK
2508750,VIBRATION,0.004865726,OK
2510000,PRESSURE,101.4012,OK
2510000,TEMPERATURE,21.98914,OK
2510000,VIBRATION,-0.0419781,OK
2511250,VIBRATION,0.2938506,OK
2512500,VIBRATION,0.4391712,OK
2513750,VIBRATION,1.098071,OK
2515000,VIBRATION,1.570931,OK
2516250,VIBRATION,1.227987,OK
2517500,VIBRATION,1.031802,OK
2518750,VIBRATION,1.061263,OK
2520000,PRESSURE,101.4633,OK
2520000,TEMPERATURE,21.94676,OK
2520000,VIBRATION,1.111198,OK
2521250,VIBRATION,1.613099,OK
2522500,VIBRATION,1.773646,OK
2523750,VIBRATION,1.736354,OK
2525000,VIBRATION,1.912154,OK
2526250,VIBRATION,2.234579,OK
2527500,VIBRATION,2.320207,OK
2528750,VIBRATION,2.340398,OK
2530000,PRESSURE,101.4462,OK
2530000,TEMPERATURE,21.83709,OK
2530000,VIBRATION,2.021446,OK
2531250,VIBRATION,2.073237,OK
2532500,VIBRATION,1.616076,OK
2533750,VIBRATION,1.652391,OK
2535000,VIBRATION,1.705015,OK
2536250,VIBRATION,1.576989,OK
2537500,VIBRATION,1.419437,OK
2538750,VIBRATION,1.370891,OK
2540000,PRESSURE,101.4496,OK
2540000,TEMPERATURE,21.83354,OK
2540000,VIBRATION,1.072677,OK
2541250,VIBRATION,0.5719166,OK
2542500,VIBRATION,0.9399557,OK
2543750,VIBRATION,1.35725,OK
2545000,VIBRATION,1.239821,OK
2546250,VIBRATION,0.6160276,OK
2547500,VIBRATION,0.9922804,OK
2548781,VIBRATION,0.8775045,OK
2550000,PRESSURE,101.5106,OK
2550000,TEMPERATURE,21.805,OK
2550000,VIBRATION,0.6605533,OK
2551250,VIBRATION,0.710797,OK
2552500,VIBRATION,1.115089,OK
2553750,VIBRATION,1.047045,OK
2555000,VIBRATION,1.347765,OK
2556250,VIBRATION,1.106217,OK
2557500,VIBRATION,1.394148,OK
2558750,VIBRATION,1.002478,OK
2560048,PRESSURE,101.4591,OK
2560048,TEMPERATURE,21.96696,OK
2560048,VIBRATION,1.375461,OK
2561250,VIBRATION,0.9340992,OK
2562500,VIBRATION,1.122681,OK
2563750,VIBRATION,0.9232532,OK
2565000,VIBRATION,0.7137177,OK
2566250,VIBRATION,0.344492,OK
2567500,VIBRATION,0.5683328,OK
2568750,VIBRATION,-0.287763,OK
2570000,PRESSURE,101.4096,OK
2570000,TEMPERATURE,22.01725,OK
2570000,VIBRATION,-0.6991701,OK
2571250,VIBRATION,-1.082601,OK
2572500,VIBRATION,-0.5993507,OK
2573750,VIBRATION,-0.520196,OK
2575000,VIBRATION,-0.7072259,OK
2576250,VIBRATION,-1.007807,OK
2577500,VIBRATION,-0.5867335,OK
2578750,VIBRATION,-0.3012902,OK
2580000,PRESSURE,101.2878,OK
2580000,TEMPERATURE,21.88685,OK
2580000,VIBRATION,-0.4680496,OK
2581250,VIBRATION,-1.071717,OK
2582500,VIBRATION,-0.907786,OK
2583750,VIBRATION,-1.336551,OK
2585000,VIBRATION,-1.427555,OK
2586250,VIBRATION,-1.609332,OK
2587500,VIBRATION,-1.41667,OK
2588750,VIBRATION,-1.745426,OK
2590000,PRESSURE,101.312,OK
2590000,TEMPERATURE,21.92301,OK
2590000,VIBRATION,-1.575455,OK
2591250,VIBRATION,-1.844285,OK
2592500,VIBRATION,-2.400484,OK
2593750,VIBRATION,-2.212009,OK
2595017,VIBRATION,-2.285105,OK
2596250,VIBRATION,-2.038584,OK
2597500,VIBRATION,-1.860106,OK
2598750,VIBRATION,-1.986587,OK
2600000,PRESSURE,101.332,OK
2600000,TEMPERATURE,21.66952,OK
2600000,VIBRATION,-1.764334,OK
2601250,VIBRATION,-2.148298,OK
2602500,VIBRATION,-2.284348,OK
2603750,VIBRATION,-2.38167,OK
2605000,VIBRATION,-1.407169,OK
2606250,VIBRATION,-1.807437,OK
2607500,VIBRATION,-1.789281,OK
2608750,VIBRATION,-1.359135,OK
2610000,PRESSURE,101.3282,OK
2610000,TEMPERATURE,21.71694,OK
2610000,VIBRATION,-1.219094,OK
2611250,VIBRATION,-1.346764,OK
2612500,VIBRATION,-1.613793,OK
2613750,VIBRATION,-1.393854,OK
2615000,VIBRATION,-1.24506,OK
2616250,VIBRATION,-1.405148,OK
2617500,VIBRATION,-0.8125417,OK
2618753,VIBRATION,-0.698814,OK
2620000,PRESSURE,101.3354,OK
2620000,TEMPERATURE,21.67314,OK
2620000,VIBRATION,-0.4510827,OK
2621250,VIBRATION,-0.122501,OK
2622500,VIBRATION,-0.5129898,OK
2623753,VIBRATION,-0.3752025,OK
2625000,VIBRATION,-0.4167142,OK
2626250,VIBRATION,-0.3416408,OK
2627506,VIBRATION,-0.291566,OK
2628750,VIBRATION,-0.3179092,OK
2630000,PRESSURE,101.2674,OK
2630000,TEMPERATURE,21.71123,OK
2630000,VIBRATION,-0.3138431,OK
2631250,VIBRATION,-0.3711498,OK
2632500,VIBRATION,-0.3983924,OK
2633750,VIBRATION,-0.5201262,OK
2635000,VIBRATION,-0.7370389,OK
2636250,VIBRATION,-0.4547022,OK
2637500,VIBRATION,-0.6963014,OK
2638750,VIBRATION,-0.3554129,OK
2640000,PRESSURE,101.2295,OK
2640000,TEMPERATURE,21.93395,OK
2640000,VIBRATION,-0.6625167,OK
2641250,VIBRATION,-0.6252951,OK
2642500,VIBRATION,-0.4208544,OK
2643750,VIBRATION,0.01269902,OK
2645000,VIBRATION,0.3546938,OK
2646250,VIBRATION,-0.03566427,OK
2647500,VIBRATION,0.07459591,OK
2648750,VIBRATION,0.191558,OK
2650000,PRESSURE,101.2624,OK
2650000,TEMPERATURE,21.86179,OK
2650000,VIBRATION,0.1907624,OK
2651250,VIBRATION,-0.07189027,OK
2652500,VIBRATION,-0.4177811,OK
2653750,VIBRATION,-0.1251865,OK
2655000,VIBRATION,-0.3890147,OK
2656250,VIBRATION,-0.01942754,OK
2657500,VIBRATION,-0.4957627,OK
2658750,VIBRATION,-0.7743063,OK
2660000,PRESSURE,101.2193,OK
2660000,TEMPERATURE,21.80421,OK
2660000,VIBRATION,-0.7132725,OK
2661250,VIBRATION,-1.238325,OK
2662500,VIBRATION,-1.141494,OK
2663750,VIBRATION,-1.131753,OK
2665000,VIBRATION,-1.112256,OK
2666250,VIBRATION,-1.238013,OK
2667500,VIBRATION,-1.113825,OK
2668750,VIBRATION,-1.550464,OK
2670000,PRESSURE,101.2491,OK
2670000,TEMPERATURE,21.69541,OK
2670000,VIBRATION,-1.74347,OK
2671250,VIBRATION,-2.001573,OK
2672500,VIBRATION,-2.472449,OK
2673750,VIBRATION,-1.607402,OK
2675000,VIBRATION,-1.268566,OK
2676250,VIBRATION,-1.449427,OK
2677500,VIBRATION,-1.242265,OK
2678750,VIBRATION,-0.9861891,OK
2680000,PRESSURE,101.2639,OK
2680000,TEMPERATURE,21.59768,OK
2680000,VIBRATION,-1.001654,OK
2681250,VIBRATION,-0.9988931,OK
2682500,VIBRATION,-1.249093,OK
2683761,VIBRATION,-1.267931,OK
2685000,VIBRATION,-1.052389,OK
2686250,VIBRATION,-0.897932,OK
2687500,VIBRATION,-1.171435,OK
2688750,VIBRATION,-0.6123904,OK
2690000,PRESSURE,101.3729,OK
2690000,TEMPERATURE,21.5716,OK
2690000,VIBRATION,-0.2149478,OK
2691250,VIBRATION,0.002248967,OK
2692500,VIBRATION,0.2142172,OK
2693750,VIBRATION,0.1846674,OK
2695000,VIBRATION,0.4750099,OK
2696250,VIBRATION,-0.01956749,OK
2697500,VIBRATION,-0.1741215,OK
2698750,VIBRATION,-0.1453453,OK
2700008,PRESSURE,101.4881,OK
2700008,TEMPERATURE,21.67438,OK
2700008,VIBRATION,-0.5994166,OK
2701250,VIBRATION,-0.04261562,OK
2702500,VIBRATION,-0.3775303,OK
2703750,VIBRATION,-0.4255244,OK
2705000,VIBRATION,-0.5671698,OK
2706250,VIBRATION,-0.2372251,OK
2707500,VIBRATION,-0.06897824,OK
2708750,VIBRATION,-0.1924054,OK
2710000,PRESSURE,101.4634,OK
2710000,TEMPERATURE,21.54012,OK
2710000,VIBRATION,0.06991817,OK
2711250,VIBRATION,0.4703858,OK
2712500,VIBRATION,0.5460009,OK
2713750,VIBRATION,0.7366472,OK
2715000,VIBRATION,0.8458821,OK
2716262,VIBRATION,0.6701058,OK
2717500,VIBRATION,1.14923,OK
2718750,VIBRATION,1.166725,OK
2720000,PRESSURE,101.4462,OK
2720000,TEMPERATURE,21.66459,OK
2720000,VIBRATION,0.757071,OK
2721250,VIBRATION,0.2936291,OK
2722500,VIBRATION,-0.01388763,OK
2723750,VIBRATION,-0.005683813,OK
2725000,VIBRATION,-0.2424472,OK
2726250,VIBRATION,-0.4669514,OK
2727500,VIBRATION,-0.6725593,OK
2728750,VIBRATION,-0.3680877,OK
2730000,PRESSURE,101.4075,OK
2730000,TEMPERATURE,21.65879,OK
2730000,VIBRATION,-0.714105,OK
2731250,VIBRATION,-0.6843038,OK
2732505,VIBRATION,-0.6861711,OK
2733750,VIBRATION,-0.6453293,OK
2735000,VIBRATION,-0.7879638,OK
2736250,VIBRATION,-0.6420687,OK
2737500,VIBRATION,-0.4241955,OK
2738750,VIBRATION,-0.2155383,OK
2740000,PRESSURE,101.4049,OK
2740000,TEMPERATURE,21.60914,OK
2740000,VIBRATION,0.1660825,OK
2741250,VIBRATION,-0.03324181,OK
2742500,VIBRATION,0.7816828,OK
2743750,VIBRATION,1.052031,OK
2745000,VIBRATION,0.6055052,OK
2746250,VIBRATION,0.1237563,OK
2747500,VIBRATION,0.4294154,OK
2748750,VIBRATION,-0.001429754,OK
2750000,PRESSURE,101.4365,OK
2750000,TEMPERATURE,21.76322,OK
2750000,VIBRATION,0.2294768,OK
2751250,VIBRATION,0.3159076,OK
2752500,VIBRATION,0.3000118,OK
2753750,VIBRATION,1.063417,OK
2755000,VIBRATION,0.9692397,OK
2756250,VIBRATION,0.2862328,OK
2757500,VIBRATION,0.5867858,OK
2758768,VIBRATION,0.1912716,OK
2760000,PRESSURE,101.4099,OK
2760000,TEMPERATURE,22.19409,OK
2760000,VIBRATION,0.1255559,OK
2761250,VIBRATION,-0.324796,OK
2762500,VIBRATION,-0.1750308,OK
2763750,VIBRATION,-0.2419496,OK
2765000,VIBRATION,-0.7509577,OK
2766250,VIBRATION,-0.6408865,OK
2767500,VIBRATION,-0.7435033,OK
2768750,VIBRATION,-0.6261969,OK
2770000,PRESSURE,101.3976,OK
2770000,TEMPERATURE,22.17456,OK
2770000,VIBRATION,-0.7367042,OK
2771250,VIBRATION,-0.774093,OK
2772500,VIBRATION,-0.8553523,OK
2773750,VIBRATION,-0.5868097,OK
2775000,VIBRATION,-0.4410919,OK
2776250,VIBRATION,0.1141812,OK
2777500,VIBRATION,0.760627,OK
2778750,VIBRATION,0.9556693,OK
2780000,PRESSURE,101.4001,OK
2780000,TEMPERATURE,22.1183,OK
2780000,VIBRATION,1.015444,OK
2781250,VIBRATION,1.11738,OK
2782500,VIBRATION,1.445284,OK
2783750,VIBRATION,1.44841,OK
2785000,VIBRATION,1.25019,OK
2786250,VIBRATION,1.013783,OK
2787500,VIBRATION,1.315069,OK
2788750,VIBRATION,0.8870735,OK
2790000,PRESSURE,101.404,OK
2790000,TEMPERATURE,21.96834,OK
2790000,VIBRATION,1.018684,OK
2791250,VIBRATION,0.2786908,OK
2792500,VIBRATION,-0.2666402,OK
2793750,VIBRATION,-0.451766,OK
2795000,VIBRATION,-0.2547265,OK
2796250,VIBRATION,0.1842548,OK
2797500,VIBRATION,0.2999807,OK
2798750,VIBRATION,0.1307085,OK
2800000,PRESSURE,101.3668,OK
2800000,TEMPERATURE,21.95362,OK
2800000,VIBRATION,-0.4268489,OK
2801250,VIBRATION,-0.8288845,OK
2802528,VIBRATION,-0.7783631,OK
2803750,VIBRATION,-0.7783001,OK
2805000,VIBRATION,-0.7777015,OK
2806250,VIBRATION,-1.668063,OK
2807500,VIBRATION,-1.797896,OK
2808750,VIBRATION,-1.341436,OK
2810000,PRESSURE,101.3529,OK
2810000,TEMPERATURE,21.82645,OK
2810000,VIBRATION,-0.8765897,OK
2811250,VIBRATION,-1.09503,OK
2812500,VIBRATION,-1.138292,OK
2813750,VIBRATION,-1.852055,OK
2815000,VIBRATION,-1.723924,OK
2816250,VIBRATION,-1.400414,OK
2817500,VIBRATION,-1.472145,OK
2818750,VIBRATION,-1.544151,OK
2820000,PRESSURE,101.3839,OK
2820000,TEMPERATURE,21.82866,OK
2820000,VIBRATION,-1.06206,OK
2821250,VIBRATION,-1.061384,OK
2822500,VIBRATION,-0.9455727,OK
2823750,VIBRATION,-0.3547639,OK
2825000,VIBRATION,-0.6764325,OK
2826250,VIBRATION,-0.4158857,OK
2827500,VIBRATION,-0.04015307,OK
2828750,VIBRATION,0.1302321,OK
2830000,PRESSURE,101.4189,OK
2830000,TEMPERATURE,21.85095,OK
2830000,VIBRATION,0.2164367,OK
2831250,VIBRATION,-0.1738438,OK
2832500,VIBRATION,-0.3320261,OK
2833750,VIBRATION,-0.463849,OK
2835000,VIBRATION,-1.391126,OK
2836250,VIBRATION,-1.818937,OK
2837500,VIBRATION,-1.72891,OK
2838750,VIBRATION,-1.566878,OK
2840000,PRESSURE,101.4288,OK
2840000,TEMPERATURE,21.90108,OK
2840000,VIBRATION,-1.569437,OK
2841250,VIBRATION,-2.07853,OK
2842500,VIBRATION,-2.196688,OK
2843750,VIBRATION,-1.88427,OK
2845000,VIBRATION,-1.781836,OK
2846250,VIBRATION,-1.982634,OK
2847500,VIBRATION,-1.137995,OK
2848750,VIBRATION,-0.7680428,OK
2850000,PRESSURE,101.4505,OK
2850000,TEMPERATURE,22.00817,OK
2850000,VIBRATION,-0.6570421,OK
2851250,VIBRATION,0.1229247,OK
2852500,VIBRATION,0.2998387,OK
2853750,VIBRATION,0.1599169,OK
2855000,VIBRATION,0.09164809,OK
2856250,VIBRATION,0.1682499,OK
2857500,VIBRATION,0.2208283,OK
2858750,VIBRATION,-0.7089091,OK
2860000,PRESSURE,101.4754,OK
2860000,TEMPERATURE,22.11218,OK
2860000,VIBRATION,-0.984404,OK
2861250,VIBRATION,-0.5060137,OK
2862500,VIBRATION,-0.7067652,OK
2863839,VIBRATION,-0.5327675,OK
2865000,VIBRATION,-0.2250939,OK
2866250,VIBRATION,-0.4397939,OK
2867500,VIBRATION,-0.3021157,OK
2868750,VIBRATION,-0.1738863,OK
2870000,PRESSURE,101.4227,OK
2870000,TEMPERATURE,22.02702,OK
2870000,VIBRATION,0.1327591,OK
2871250,VIBRATION,0.1305,OK
2872500,VIBRATION,0.2440477,OK
2873751,VIBRATION,-0.06859193,OK
2875000,VIBRATION,-0.1320069,OK
2876250,VIBRATION,-0.1027686,OK
2877500,VIBRATION,-0.07546073,OK
2878750,VIBRATION,-0.3192079,OK
2880000,PRESSURE,101.4585,OK
2880000,TEMPERATURE,22.09948,OK
2880000,VIBRATION,-0.4117682,OK
2881250,VIBRATION,0.2546006,OK
2882500,VIBRATION,0.3098285,OK
2883750,VIBRATION,-0.5348449,OK
2885000,VIBRATION,-0.7859582,OK
2886250,VIBRATION,-0.7638593,OK
2887500,VIBRATION,-0.6564195,OK
2888750,VIBRATION,-0.3575197,OK
2890000,PRESSURE,101.4618,OK
2890000,TEMPERATURE,22.08671,OK
2890000,VIBRATION,-0.4989833,OK
2891250,VIBRATION,-0.09156695,OK
2892500,VIBRATION,-0.6521414,OK
2893750,VIBRATION,-0.536182,OK
2895000,VIBRATION,-0.3418314,OK
2896328,VIBRATION,-0.3617539,OK
2897500,VIBRATION,-0.4002759,OK
2898750,VIBRATION,-1.105101,OK
2900000,PRESSURE,101.4864,OK
2900000,TEMPERATURE,22.12669,OK
2900000,VIBRATION,-0.7483279,OK
2901250,VIBRATION,-0.4715327,OK
2902500,VIBRATION,-0.242397,OK
2903750,VIBRATION,0.04977668,OK
2905000,VIBRATION,0.3701411,OK
2906250,VIBRATION,-0.1866732,OK
2907500,VIBRATION,0.1227144,OK
2908750,VIBRATION,0.2665058,OK
2910000,PRESSURE,101.5094,OK
2910000,TEMPERATURE,22.20931,OK
2910000,VIBRATION,-0.1461505,OK
2911250,VIBRATION,0.6312061,OK
2912501,VIBRATION,0.9397033,OK
2913750,VIBRATION,0.6468441,OK
2915000,VIBRATION,0.6173209,OK
2916250,VIBRATION,0.1409054,OK
2917500,VIBRATION,0.03817579,OK
2918750,VIBRATION,0.4388366,OK
2920000,PRESSURE,101.6216,OK
2920000,TEMPERATURE,22.31493,OK
2920000,VIBRATION,0.1132312,OK
2921250,VIBRATION,-0.3978997,OK
2922500,VIBRATION,0.1392111,OK
2923750,VIBRATION,0.5552117,OK
2925000,VIBRATION,0.1408491,OK
2926250,VIBRATION,0.08804099,OK
2927500,VIBRATION,-0.1440919,OK
2928750,VIBRATION,-0.06064395,OK
2930000,PRESSURE,101.6515,OK
2930000,TEMPERATURE,22.4108,OK
2930000,VIBRATION,-0.1579027,OK
2931258,VIBRATION,0.09088028,OK
2932500,VIBRATION,-0.2389755,OK
2933750,VIBRATION,0.07210701,OK
2935000,VIBRATION,0.5783424,OK
2936250,VIBRATION,0.4089114,OK
2937500,VIBRATION,-0.08275469,OK
2938750,VIBRATION,-0.1678465,OK
2940000,PRESSURE,101.73,OK
2940000,TEMPERATURE,22.3526,OK
2940000,VIBRATION,-0.3551699,OK
2941250,VIBRATION,-0.6589127,OK
2942500,VIBRATION,-0.6563121,OK
2943750,VIBRATION,-0.4420792,OK
2945000,VIBRATION,-0.08082974,OK
2946250,VIBRATION,0.6811481,OK
2947500,VIBRATION,0.09921134,OK
2948750,VIBRATION,-0.01677221,OK
2950000,PRESSURE,101.6061,OK
2950000,TEMPERATURE,22.32606,OK
2950000,VIBRATION,0.3183365,OK
2951250,VIBRATION,0.2442686,OK
2952500,VIBRATION,0.3982099,OK
2953753,VIBRATION,0.815498,OK
2955000,VIBRATION,0.677807,OK
2956250,VIBRATION,1.03186,OK
2957500,VIBRATION,1.028376,OK
2958750,VIBRATION,0.3778347,OK
2960000,PRESSURE,101.5803,OK
2960000,TEMPERATURE,22.27155,OK
2960000,VIBRATION,0.3862468,OK
2961250,VIBRATION,0.2285244,OK
2962500,VIBRATION,0.4896868,OK
2963750,VIBRATION,0.4421488,OK
2965000,VIBRATION,0.01956846,OK
2966250,VIBRATION,0.2191333,OK
2967500,VIBRATION,0.05628903,OK
2968750,VIBRATION,-0.180453,OK
2970000,PRESSURE,101.5938,OK
2970000,TEMPERATURE,22.25542,OK
2970000,VIBRATION,0.05433418,OK
2971250,VIBRATION,0.0317823,OK
2972500,VIBRATION,-0.1788924,OK
2973750,VIBRATION,-0.3105444,OK
2975000,VIBRATION,-0.3578015,OK
2976250,VIBRATION,-0.7927962,OK
2977500,VIBRATION,-0.6312426,OK
2978750,VIBRATION,-0.2012359,OK
2980000,PRESSURE,101.6127,OK
2980000,TEMPERATURE,22.17145,OK
2980000,VIBRATION,-0.1367261,OK
2981250,VIBRATION,0.4475305,OK
2982500,VIBRATION,0.9748412,OK
2983750,VIBRATION,1.196691,OK
2985000,VIBRATION,0.9734326,OK
2986250,VIBRATION,1.197211,OK
2987500,VIBRATION,0.7231805,OK
2988750,VIBRATION,0.2093002,OK
2990000,PRESSURE,101.557,OK
2990000,TEMPERATURE,21.97733,OK
2990000,VIBRATION,0.4821227,OK
2991250,VIBRATION,0.1063721,OK
2992500,VIBRATION,0.1605081,OK
2993750,VIBRATION,-0.4565618,OK
2995000,VIBRATION,-0.1123987,OK
2996250,VIBRATION,-0.3799528,OK
2997500,VIBRATION,-0.5381773,OK
2998750,VIBRATION,-0.3808978,OK
3000000,PRESSURE,101.5323,OK
3000000,TEMPERATURE,21.82859,OK
3000000,VIBRATION,-0.6224787,OK
3000000,HUMIDITY,44.82743,OK
3001250,VIBRATION,-0.7246815,OK
3002500,VIBRATION,-0.4579643,OK
3003750,VIBRATION,-0.3943759,OK
3005000,VIBRATION,-0.3689797,OK
3006250,VIBRATION,0.01956365,OK
3007500,VIBRATION,0.4270206,OK
3008750,VIBRATION,0.5238314,OK
3010000,PRESSURE,101.5004,OK
3010000,TEMPERATURE,21.88068,OK
3010000,VIBRATION,0.542283,OK
3011250,VIBRATION,0.6412234,OK
3012500,VIBRATION,1.105945,OK
3013750,VIBRATION,0.6393164,OK
3015000,VIBRATION,0.0914594,OK
3016250,VIBRATION,0.3586477,OK
3017500,VIBRATION,-0.1875745,OK
3018750,VIBRATION,-0.695754,OK
3020000,PRESSURE,101.4647,OK
3020000,TEMPERATURE,21.95802,OK
3020000,VIBRATION,-0.7368893,OK
3021250,VIBRATION,-0.889379,OK
3022500,VIBRATION,-0.4572868,OK
3023750,VIBRATION,-0.1640178,OK
3025000,VIBRATION,-0.1138784,OK
3026250,VIBRATION,-0.2173872,OK
3027500,VIBRATION,-0.09844238,OK
3028750,VIBRATION,-0.5742669,OK
3030000,PRESSURE,101.4579,OK
3030000,TEMPERATURE,21.8675,OK
3030000,VIBRATION,-0.7302072,OK
3031250,VIBRATION,-0.7567035,OK
3032500,VIBRATION,-0.2380043,OK
3033750,VIBRATION,-0.07204402,OK
3035000,VIBRATION,0.140612,OK
3036250,VIBRATION,-0.2012069,OK
3037500,VIBRATION,-0.3877316,OK
3038750,VIBRATION,-0.00336346,OK
3040009,PRESSURE,101.4777,OK
3040009,TEMPERATURE,21.91647,OK
3040009,VIBRATION,0.09431385,OK
3041250,VIBRATION,0.1796304,OK
3042500,VIBRATION,-0.2355136,OK
3043754,VIBRATION,-0.4971082,OK
3045000,VIBRATION,-0.258557,OK
3046250,VIBRATION,-0.5320262,OK
3047500,VIBRATION,-0.5857137,OK
3048750,VIBRATION,-0.5947732,OK
3050000,PRESSURE,101.4244,OK
3050000,TEMPERATURE,21.92068,OK
3050000,VIBRATION,-0.6869706,OK
3051250,VIBRATION,-1.536689,OK
3052500,VIBRATION,-1.330511,OK
3053750,VIBRATION,-0.8907994,OK
3055000,VIBRATION,-0.8020065,OK
3056250,VIBRATION,-1.285655,OK
3057500,VIBRATION,-1.449834,OK
3058750,VIBRATION,-1.456563,OK
3060000,PRESSURE,101.4259,OK
3060000,TEMPERATURE,21.84549,OK
3060000,VIBRATION,-1.102876,OK
3061250,VIBRATION,-1.130031,OK
3062500,VIBRATION,-1.016104,OK
3063750,VIBRATION,-1.008158,OK
3065000,VIBRATION,-0.5631276,OK
3066250,VIBRATION,-0.4815815,OK
3067500,VIBRATION,-0.4582966,OK
3068750,VIBRATION,-0.3726073,OK
3070000,PRESSURE,101.4031,OK
3070000,TEMPERATURE,21.95523,OK
3070000,VIBRATION,-0.8420685,OK
3071250,VIBRATION,-0.4611746,OK
3072500,VIBRATION,-0.44887,OK
3073750,VIBRATION,-0.7513105,OK
3075000,VIBRATION,-1.402375,OK
3076250,VIBRATION,-1.130667,OK
3077500,VIBRATION,-1.239436,OK
3078750,VIBRATION,-1.12813,OK
3080000,PRESSURE,101.3524,OK
3080000,TEMPERATURE,21.91902,OK
3080000,VIBRATION,-1.336266,OK
3081250,VIBRATION,-1.28204,OK
3082500,VIBRATION,-1.140016,OK
3083750,VIBRATION,-0.6722352,OK
3085000,VIBRATION,-0.5649021,OK
3086250,VIBRATION,-0.8033208,OK
3087500,VIBRATION,-0.8886733,OK
3088750,VIBRATION,-1.277262,OK
3090000,PRESSURE,101.3528,OK
3090000,TEMPERATURE,0,COMM_ERROR
3090000,VIBRATION,-1.194527,OK
3091250,VIBRATION,-1.438372,OK
3092500,VIBRATION,-1.123936,OK
3093750,VIBRATION,-1.46301,OK
3095000,VIBRATION,-1.581304,OK
3096250,VIBRATION,-1.631573,OK
3097500,VIBRATION,-1.391089,OK
3098750,VIBRATION,-1.667213,OK
3100000,PRESSURE,101.3265,OK
3100000,TEMPERATURE,21.94341,OK
3100000,VIBRATION,-0.8600891,OK
3101250,VIBRATION,-1.034594,OK
3102500,VIBRATION,-1.047364,OK
3103750,VIBRATION,-1.66304,OK
3105000,VIBRATION,-1.532503,OK
3106250,VIBRATION,-0.8129945,OK
3107500,VIBRATION,-0.9953674,OK
3108750,VIBRATION,-1.21167,OK
3110000,PRESSURE,101.3005,OK
3110000,TEMPERATURE,22.03924,OK
3110000,VIBRATION,-0.9979307,OK
3111250,VIBRATION,-1.296766,OK
3112500,VIBRATION,-1.13325,OK
3113750,VIBRATION,-1.23697,OK
3115000,VIBRATION,-1.40279,OK
3116250,VIBRATION,-1.431899,OK
3117500,VIBRATION,-1.079955,OK
3118750,VIBRATION,-1.054316,OK
3120000,PRESSURE,101.3251,OK
3120000,TEMPERATURE,22.1502,OK
3120000,VIBRATION,-1.108439,OK
3121250,VIBRATION,-1.041278,OK
3122500,VIBRATION,-0.9594068,OK
3123750,VIBRATION,-0.6161049,OK
3125000,VIBRATION,0.03074468,OK
3126250,VIBRATION,0.5126562,OK
3127500,VIBRATION,0.4616643,OK
3128750,VIBRATION,1.121506,OK
3130000,PRESSURE,101.3309,OK
3130000,TEMPERATURE,21.89634,OK
3130000,VIBRATION,0.7739466,OK
3131250,VIBRATION,0.2739738,OK
3132524,VIBRATION,0.5808977,OK
3133750,VIBRATION,1.143566,OK
3135000,VIBRATION,1.066125,OK
3136250,VIBRATION,0.5698735,OK
3137500,VIBRATION,1.021234,OK
3138750,VIBRATION,0.9217554,OK
3140000,PRESSURE,101.337,OK
3140000,TEMPERATURE,21.90584,OK
3140000,VIBRATION,1.107872,OK
3141250,VIBRATION,0.7329172,OK
3142500,VIBRATION,1.258088,OK
3143750,VIBRATION,1.090067,OK
3145000,VIBRATION,0.9889882,OK
3146250,VIBRATION,0.9431525,OK
3147500,VIBRATION,1.269515,OK
3148750,VIBRATION,1.595258,OK
3150000,PRESSURE,101.3003,OK
3150000,TEMPERATURE,22.12336,OK
3150000,VIBRATION,1.457307,OK
3151250,VIBRATION,2.240711,OK
3152500,VIBRATION,2.396014,OK
3153750,VIBRATION,1.902579,OK
3155000,VIBRATION,2.004368,OK
3156250,VIBRATION,1.608393,OK
3157511,VIBRATION,1.92425,OK
3158750,VIBRATION,2.394739,OK
3160000,PRESSURE,101.2566,OK
3160000,TEMPERATURE,22.08874,OK
3160000,VIBRATION,2.358474,OK
3161250,VIBRATION,2.324902,OK
3162500,VIBRATION,2.109258,OK
3163750,VIBRATION,1.597612,OK
3165000,VIBRATION,1.749444,OK
3166250,VIBRATION,1.724845,OK
3167500,VIBRATION,2.002282,OK
3168750,VIBRATION,2.172433,OK
3170000,PRESSURE,101.2029,OK
3170000,TEMPERATURE,22.05324,OK
3170000,VIBRATION,2.473328,OK
3171250,VIBRATION,2.113798,OK
3172500,VIBRATION,2.528971,OK
3173750,VIBRATION,2.232481,OK
3175000,VIBRATION,2.166246,OK
3176250,VIBRATION,2.078752,OK
3177500,VIBRATION,1.348085,OK
3178750,VIBRATION,1.27984,OK
3180000,PRESSURE,101.2298,OK
3180000,TEMPERATURE,21.91858,OK
3180000,VIBRATION,1.065113,OK
3181250,VIBRATION,0.8825654,OK
3182508,VIBRATION,0.6939295,OK
3183750,VIBRATION,0.6156886,OK
3185000,VIBRATION,1.08713,OK
3186250,VIBRATION,0.9797248,OK
3187500,VIBRATION,1.150855,OK
3188750,VIBRATION,0.6936062,OK
3190000,PRESSURE,101.3232,OK
3190000,TEMPERATURE,21.95968,OK
3190000,VIBRATION,0.7317189,OK
3191250,VIBRATION,0.8506188,OK
3192500,VIBRATION,0.9032094,OK
3193750,VIBRATION,1.021373,OK
3195000,VIBRATION,1.043037,OK
3196250,VIBRATION,1.298375,OK
3197500,VIBRATION,0.8386527,OK
3198750,VIBRATION,0.9524383,OK
3200000,PRESSURE,101.3042,OK
3200000,TEMPERATURE,21.89875,OK
3200000,VIBRATION,0.8284124,OK
3201250,VIBRATION,0.9712182,OK
3202500,VIBRATION,0.8609729,OK
3203750,VIBRATION,1.045133,OK
3205000,VIBRATION,0.6563126,OK
3206250,VIBRATION,0.4427667,OK
3207500,VIBRATION,0.3976794,OK
3208750,VIBRATION,0.1643745,OK
3210000,PRESSURE,101.1856,OK
3210000,TEMPERATURE,21.91112,OK
3210000,VIBRATION,0.1026274,OK
3211250,VIBRATION,0.06601612,OK
3212500,VIBRATION,0.2241085,OK
3213750,VIBRATION,0.2922711,OK
3215012,VIBRATION,0.1618595,OK
3216250,VIBRATION,0.1525537,OK
3217500,VIBRATION,-0.5053227,OK
3218750,VIBRATION,-0.98223,OK
3220000,PRESSURE,101.2105,OK
3220000,TEMPERATURE,21.81839,OK
3220000,VIBRATION,-0.7633283,OK
3221250,VIBRATION,-0.7706884,OK
3222500,VIBRATION,-0.4777055,OK
3223750,VIBRATION,-0.2268646,OK
3225000,VIBRATION,0.02380578,OK
3226250,VIBRATION,-0.4114367,OK
3227500,VIBRATION,-0.3344543,OK
3228750,VIBRATION,-0.2234239,OK
3230000,PRESSURE,101.1847,OK
3230000,TEMPERATURE,21.88057,OK
3230000,VIBRATION,-0.1300801,OK
3231250,VIBRATION,0.02676197,OK
3232500,VIBRATION,0.1436802,OK
3233750,VIBRATION,0.1092143,OK
3235000,VIBRATION,0.2320702,OK
3236250,VIBRATION,0.1721719,OK
3237500,VIBRATION,-0.2899052,OK
3238760,VIBRATION,-0.5360821,OK
3240000,PRESSURE,101.1461,OK
3240000,TEMPERATURE,22.07784,OK
3240000,VIBRATION,-0.7119809,OK
3241250,VIBRATION,-0.4511747,OK
3242500,VIBRATION,0.07527607,OK
3243750,VIBRATION,0.1252496,OK
3245000,VIBRATION,-0.05292022,OK
3246250,VIBRATION,0.2038022,OK
3247500,VIBRATION,1.097736,OK
3248750,VIBRATION,0.9224992,OK
3250000,PRESSURE,101.182,OK
3250000,TEMPERATURE,21.90501,OK
3250000,VIBRATION,0.7070761,OK
3251250,VIBRATION,0.5766518,OK
3252500,VIBRATION,0.5867673,OK
3253750,VIBRATION,1.011816,OK
3255000,VIBRATION,0.8610604,OK
3256250,VIBRATION,0.4498403,OK
3257500,VIBRATION,0.7364045,OK
3258750,VIBRATION,0.4083722,OK
3260000,PRESSURE,101.1831,OK
3260000,TEMPERATURE,21.80744,OK
3260000,VIBRATION,0.1465843,OK
3261250,VIBRATION,-0.1453292,OK
3262500,VIBRATION,-0.1189003,OK
3263750,VIBRATION,0.119473,OK
3265000,VIBRATION,0.0922188,OK
3266250,VIBRATION,-0.190047,OK
3267500,VIBRATION,-0.03473617,OK
3268750,VIBRATION,0.1869035,OK
3270000,PRESSURE,101.1541,OK
3270000,TEMPERATURE,21.88444,OK
3270000,VIBRATION,0.06070419,OK
3271283,VIBRATION,0.2367494,OK
3272500,VIBRATION,-0.1578937,OK
3273750,VIBRATION,-0.1955474,OK
3275000,VIBRATION,-0.3335342,OK
3276250,VIBRATION,-0.03509032,OK
3277500,VIBRATION,0.3606495,OK
3278750,VIBRATION,0.1356087,OK
3280000,PRESSURE,101.1543,OK
3280000,TEMPERATURE,22.03147,OK
3280000,VIBRATION,0.215613,OK
3281250,VIBRATION,0.2968857,OK
3282500,VIBRATION,0.1330086,OK
3283750,VIBRATION,0.4633977,OK
3285000,VIBRATION,0.4237565,OK
3286250,VIBRATION,0.5428636,OK
3287500,VIBRATION,0.322789,OK
3288750,VIBRATION,-0.2012486,OK
3290000,PRESSURE,101.1207,OK
3290000,TEMPERATURE,22.11261,OK
3290000,VIBRATION,-0.1035277,OK
3291250,VIBRATION,0.3533066,OK
3292500,VIBRATION,-0.02387646,OK
3293750,VIBRATION,-0.2140988,OK
3295000,VIBRATION,-0.07655735,OK
3296250,VIBRATION,-0.1343429,OK
3297500,VIBRATION,0.0005886322,OK
3298750,VIBRATION,-0.3324099,OK
3300000,PRESSURE,101.1623,OK
3300000,TEMPERATURE,22.19995,OK
3300000,VIBRATION,-0.6431363,OK
3301250,VIBRATION,-0.5762359,OK
3302500,VIBRATION,-0.5364252,OK
3303750,VIBRATION,-0.417401,OK
3305000,VIBRATION,-0.5464052,OK
3306250,VIBRATION,-0.6715574,OK
3307500,VIBRATION,-0.6245578,OK
3308750,VIBRATION,-0.3554175,OK
3310000,PRESSURE,101.2844,OK
3310000,TEMPERATURE,22.12251,OK
3310000,VIBRATION,-0.2990476,OK
3311250,VIBRATION,-0.3228459,OK
3312500,VIBRATION,-0.4959132,OK
3313750,VIBRATION,-1.019325,OK
3315058,VIBRATION,-0.9914088,OK
3316250,VIBRATION,-1.023613,OK
3317500,VIBRATION,-1.691946,OK
3318750,VIBRATION,-1.582196,OK
3320000,PRESSURE,101.2275,OK
3320000,TEMPERATURE,22.05713,OK
3320000,VIBRATION,-1.543737,OK
3321250,VIBRATION,-1.15766,OK
3322500,VIBRATION,-1.353052,OK
3323750,VIBRATION,-1.240518,OK
3325000,VIBRATION,-1.110873,OK
3326250,VIBRATION,-0.692709,OK
3327500,VIBRATION,-0.2931265,OK
3328781,VIBRATION,-0.343356,OK
3330000,PRESSURE,101.1922,OK
3330000,TEMPERATURE,21.95132,OK
3330000,VIBRATION,-0.3944868,OK
3331250,VIBRATION,-0.4079671,OK
3332500,VIBRATION,-0.5588119,OK
3333750,VIBRATION,-0.2254025,OK
3335000,VIBRATION,-0.2963758,OK
3336250,VIBRATION,-0.6096788,OK
3337500,VIBRATION,-0.2093932,OK
3338750,VIBRATION,-0.2609154,OK
3340000,PRESSURE,101.189,OK
3340000,TEMPERATURE,21.85423,OK
3340000,VIBRATION,-0.471797,OK
3341250,VIBRATION,-0.5728562,OK
3342500,VIBRATION,-0.6844014,OK
3343750,VIBRATION,-0.2606238,OK
3345000,VIBRATION,-0.2070867,OK
3346250,VIBRATION,0.05918493,OK
3347500,VIBRATION,-0.3445866,OK
3348750,VIBRATION,-0.2295665,OK
3350021,PRESSURE,101.1621,OK
3350021,TEMPERATURE,21.86784,OK
3350021,VIBRATION,-0.1909689,OK
3351250,VIBRATION,-0.2944135,OK
3352500,VIBRATION,-0.6268568,OK
3353750,VIBRATION,-0.5308076,OK
3355000,VIBRATION,0.1941398,OK
3356250,VIBRATION,0.290297,OK
3357500,VIBRATION,0.3764147,OK
3358750,VIBRATION,0.3057385,OK
3360000,PRESSURE,101.1151,OK
3360000,TEMPERATURE,21.76022,OK
3360000,VIBRATION,-0.07497133,OK
3361250,VIBRATION,-0.06892022,OK
3362500,VIBRATION,-0.7072865,OK
3363750,VIBRATION,-0.7470624,OK
3365109,VIBRATION,-0.6755774,OK
3366250,VIBRATION,-0.8449672,OK
3367500,VIBRATION,-0.4522494,OK
3368750,VIBRATION,-0.2988797,OK
3370000,PRESSURE,101.1335,OK
3370000,TEMPERATURE,21.7159,OK
3370000,VIBRATION,-0.3589804,OK
3371250,VIBRATION,-0.3763172,OK
3372500,VIBRATION,0,COMM_ERROR
3373750,VIBRATION,-0.4932666,OK
3375000,VIBRATION,-0.6821174,OK
3376250,VIBRATION,-0.7156831,OK
3377500,VIBRATION,-0.3234748,OK
3378750,VIBRATION,-0.191561,OK
3380000,PRESSURE,101.1511,OK
3380000,TEMPERATURE,21.68605,OK
3380000,VIBRATION,-0.3844916,OK
3381250,VIBRATION,-0.4120665,OK
3382500,VIBRATION,-0.5134054,OK
3383750,VIBRATION,-0.2238894,OK
3385000,VIBRATION,-0.1629918,OK
3386250,VIBRATION,0.01836892,OK
3387500,VIBRATION,0.1731043,OK
3388750,VIBRATION,0.3627848,OK
3390000,PRESSURE,101.152,OK
3390000,TEMPERATURE,21.64955,OK
3390000,VIBRATION,0.5380352,OK
3391250,VIBRATION,0.706759,OK
3392500,VIBRATION,0.5878375,OK
3393750,VIBRATION,0.100513,OK
3395000,VIBRATION,0.5007976,OK
3396250,VIBRATION,0.6597927,OK
3397500,VIBRATION,0.383982,OK
3398750,VIBRATION,0.7126925,OK
3400000,PRESSURE,101.1794,OK
3400000,TEMPERATURE,21.47404,OK
3400000,VIBRATION,0.5227918,OK
3401250,VIBRATION,0.6154512,OK
3402500,VIBRATION,0.1741394,OK
3403783,VIBRATION,0.07634333,OK
3405001,VIBRATION,0.04504561,OK
3406250,VIBRATION,-0.0357859,OK
3407500,VIBRATION,-0.4453614,OK
3408750,VIBRATION,-0.6956141,OK
3410000,PRESSURE,101.1387,OK
3410000,TEMPERATURE,21.55633,OK
3410000,VIBRATION,-0.8692903,OK
3411250,VIBRATION,-0.9289916,OK
3412500,VIBRATION,-0.6012371,OK
3413750,VIBRATION,-0.7661143,OK
3415000,VIBRATION,-0.5871096,OK
3416250,VIBRATION,-0.05093998,OK
3417500,VIBRATION,-0.2696387,OK
3418750,VIBRATION,-0.0123229,OK
3420000,PRESSURE,101.1511,OK
3420000,TEMPERATURE,21.63524,OK
3420000,VIBRATION,0.4733943,OK
3421250,VIBRATION,0.7380137,OK
3422500,VIBRATION,0.8551335,OK
3423750,VIBRATION,0.5310699,OK
3425000,VIBRATION,0.4825749,OK
3426250,VIBRATION,0.7544312,OK
3427500,VIBRATION,0.4332761,OK
3428750,VIBRATION,0.2653702,OK
3430000,PRESSURE,101.2182,OK
3430000,TEMPERATURE,21.64838,OK
3430000,VIBRATION,0.3253037,OK
3431250,VIBRATION,0.1608494,OK
3432500,VIBRATION,0.06015109,OK
3433750,VIBRATION,0.11033,OK
3435000,VIBRATION,-0.07499396,OK
3436250,VIBRATION,0.09926164,OK
3437500,VIBRATION,-0.5553393,OK
3438750,VIBRATION,-0.7046667,OK
3440000,PRESSURE,101.2593,OK
3440000,TEMPERATURE,21.71335,OK
3440000,VIBRATION,-0.4184537,OK
3441250,VIBRATION,-0.7135583,OK
3442500,VIBRATION,-1.332203,OK
3443750,VIBRATION,-1.358097,OK
3445000,VIBRATION,-1.052492,OK
3446250,VIBRATION,-0.657816,OK
3447500,VIBRATION,-0.369125,OK
3448750,VIBRATION,-0.5677702,OK
3450000,PRESSURE,101.135,OK
3450000,TEMPERATURE,21.69283,OK
3450000,VIBRATION,-0.9830034,OK
3451250,VIBRATION,-0.7379575,OK
3452500,VIBRATION,-0.6010284,OK
3453750,VIBRATION,-0.09377384,OK
3455000,VIBRATION,0.2753048,OK
3456250,VIBRATION,0.07696978,OK
3457500,VIBRATION,0.4402063,OK
3458750,VIBRATION,0.05226285,OK
3460000,PRESSURE,101.0304,OK
3460000,TEMPERATURE,21.64634,OK
3460000,VIBRATION,-0.2269417,OK
3461250,VIBRATION,-0.005624423,OK
3462500,VIBRATION,-0.01257078,OK
3463750,VIBRATION,-0.475546,OK
3465000,VIBRATION,-0.2464357,OK
3466250,VIBRATION,-0.06898505,OK
3467500,VIBRATION,0.09585501,OK
3468750,VIBRATION,0.2808129,OK
3470000,PRESSURE,100.9972,OK
3470000,TEMPERATURE,21.52972,OK
3470000,VIBRATION,0.3419095,OK
3471250,VIBRATION,0.6480273,OK
3472500,VIBRATION,0.5848336,OK
3473750,VIBRATION,0.7684038,OK
3475000,VIBRATION,0.9321305,OK
3476250,VIBRATION,0.9120594,OK
3477500,VIBRATION,0.8952158,OK
3478750,VIBRATION,0.8373255,OK
3480000,PRESSURE,100.994,OK
3480000,TEMPERATURE,21.69852,OK
3480000,VIBRATION,0.9924283,OK
3481250,VIBRATION,0.9849126,OK
3482500,VIBRATION,0.7727528,OK
3483750,VIBRATION,0.8149971,OK
3485000,VIBRATION,1.002641,OK
3486250,VIBRATION,0.4616512,OK
3487500,VIBRATION,0.3513208,OK
3488750,VIBRATION,-0.1961832,OK
3490000,PRESSURE,101.0137,OK
3490000,TEMPERATURE,21.7414,OK
3490000,VIBRATION,0.08073311,OK
3491250,VIBRATION,0.2366387,OK
3492500,VIBRATION,0.5324699,OK
3493750,VIBRATION,0.6464703,OK
3495000,VIBRATION,0.8127709,OK
3496250,VIBRATION,0.7339997,OK
3497500,VIBRATION,0.675228,OK
3498774,VIBRATION,0.8553616,OK
3500000,PRESSURE,100.9878,OK
3500000,TEMPERATURE,21.73322,OK
3500000,VIBRATION,0.5545163,OK
3501250,VIBRATION,0.863193,OK
3502500,VIBRATION,0.7566364,OK
3503750,VIBRATION,0.6067014,OK
3505000,VIBRATION,0.4618084,OK
3506250,VIBRATION,0.7234453,OK
3507500,VIBRATION,0.7683635,OK
3508750,VIBRATION,0.5698686,OK
3510000,PRESSURE,101.0124,OK
3510000,TEMPERATURE,21.68487,OK
3510000,VIBRATION,0.154648,OK
3511250,VIBRATION,0.6478894,OK
3512500,VIBRATION,0.707689,OK
3513750,VIBRATION,0.2100951,OK
3515000,VIBRATION,0.3938112,OK
3516250,VIBRATION,1.067263,OK
3517500,VIBRATION,0.6826554,OK
3518750,VIBRATION,0.6277527,OK
3520000,PRESSURE,101.0781,OK
3520000,TEMPERATURE,21.6328,OK
3520000,VIBRATION,0.4753636,OK
3521250,VIBRATION,0.4654063,OK
3522500,VIBRATION,0.1771516,OK
3523750,VIBRATION,-0.1224173,OK
3525000,VIBRATION,0.3509386,OK
3526250,VIBRATION,0.04149852,OK
3527500,VIBRATION,-0.1068983,OK
3528752,VIBRATION,0.233777,OK
3530000,PRESSURE,101.0609,OK
3530000,TEMPERATURE,21.70987,OK
3530000,VIBRATION,-0.1018754,OK
3531250,VIBRATION,-0.1926472,OK
3532500,VIBRATION,-0.8691129,OK
3533750,VIBRATION,-0.9002858,OK
3535002,VIBRATION,-1.255725,OK
3536262,VIBRATION,-1.317968,OK
3537500,VIBRATION,-1.351397,OK
3538750,VIBRATION,-1.232188,OK
3540000,PRESSURE,101.1729,OK
3540000,TEMPERATURE,21.64869,OK
3540000,VIBRATION,-0.8365423,OK
3541250,VIBRATION,-0.3040943,OK
3542500,VIBRATION,-0.5183799,OK
3543752,VIBRATION,-0.8803708,OK
3545000,VIBRATION,-1.219571,OK
3546250,VIBRATION,-1.33946,OK
3547500,VIBRATION,-1.709964,OK
3548750,VIBRATION,-1.725223,OK
3550000,PRESSURE,101.2695,OK
3550000,TEMPERATURE,21.57376,OK
3550000,VIBRATION,-1.410251,OK
3551250,VIBRATION,-0.946194,OK
3552500,VIBRATION,-0.5864346,OK
3553750,VIBRATION,-0.6685583,OK
3555000,VIBRATION,-1.056905,OK
3556250,VIBRATION,-1.724618,OK
3557500,VIBRATION,-1.812104,OK
3558750,VIBRATION,-1.846049,OK
3560000,PRESSURE,101.263,OK
3560000,TEMPERATURE,21.43483,OK
3560000,VIBRATION,-1.640632,OK
3561250,VIBRATION,-1.277832,OK
3562500,VIBRATION,-1.210328,OK
3563750,VIBRATION,-0.6827077,OK
3565000,VIBRATION,-0.6776715,OK
3566250,VIBRATION,-0.5767275,OK
3567500,VIBRATION,-0.6372053,OK
3568750,VIBRATION,0.1143915,OK
3570000,PRESSURE,101.2965,OK
3570000,TEMPERATURE,21.44694,OK
3570000,VIBRATION,-0.1063309,OK
3571250,VIBRATION,-0.284253,OK
3572500,VIBRATION,-0.6658314,OK
3573750,VIBRATION,-0.07052266,OK
3575000,VIBRATION,0.07707114,OK
3576250,VIBRATION,0.4464105,OK
3577500,VIBRATION,0.4734739,OK
3578750,VIBRATION,0.2119206,OK
3580000,PRESSURE,101.2098,OK
3580000,TEMPERATURE,21.66819,OK
3580000,VIBRATION,0.2068873,OK
3581250,VIBRATION,0.7245148,OK
3582500,VIBRATION,1.053559,OK
3583750,VIBRATION,1.056778,OK
3585007,VIBRATION,1.067115,OK
3586250,VIBRATION,0.6021185,OK
3587500,VIBRATION,0.8122797,OK
3588750,VIBRATION,1.098941,OK
3590000,PRESSURE,101.1858,OK
3590000,TEMPERATURE,21.71644,OK
3590000,VIBRATION,0.7730052,OK
3591250,VIBRATION,1.080136,OK
3592500,VIBRATION,1.295622,OK
3593750,VIBRATION,0.7089651,OK
3595000,VIBRATION,0.8212075,OK
3596250,VIBRATION,0.695796,OK
3597500,VIBRATION,0.711761,OK
3598750,VIBRATION,1.035648,OK
3600000,PRESSURE,101.1997,OK
3600000,TEMPERATURE,21.66714,OK
3600000,VIBRATION,0.9934377,OK
3601250,VIBRATION,1.315282,OK
3602500,VIBRATION,1.597137,OK
3603750,VIBRATION,1.427136,OK
3605000,VIBRATION,1.378779,OK
3606250,VIBRATION,1.225214,OK
3607500,VIBRATION,1.217024,OK
3608750,VIBRATION,0.5590268,OK
3610000,PRESSURE,101.2171,OK
3610000,TEMPERATURE,21.7186,OK
3610000,VIBRATION,0.4278934,OK
3611250,VIBRATION,0.9069013,OK
3612500,VIBRATION,0.08617307,OK
3613750,VIBRATION,0.4745528,OK
3615000,VIBRATION,0.2688574,OK
3616250,VIBRATION,0.3320574,OK
3617500,VIBRATION,0.5503606,OK
3618750,VIBRATION,0.2360344,OK
3620000,PRESSURE,101.2987,OK
3620000,TEMPERATURE,21.64219,OK
3620000,VIBRATION,0.3509458,OK
3621250,VIBRATION,0.06186616,OK
3622500,VIBRATION,0.1171912,OK
3623750,VIBRATION,0.3367047,OK
3625000,VIBRATION,0.02120454,OK
3626250,VIBRATION,0.1488283,OK
3627500,VIBRATION,-0.09267025,OK
3628750,VIBRATION,-0.1313135,OK
3630000,PRESSURE,101.2756,OK
3630000,TEMPERATURE,21.55893,OK
3630000,VIBRATION,-0.8130613,OK
3631250,VIBRATION,-0.6842788,OK
3632500,VIBRATION,-1.419651,OK
3633750,VIBRATION,-1.245854,OK
3635000,VIBRATION,-1.487727,OK
3636250,VIBRATION,-1.471192,OK
3637500,VIBRATION,-1.117691,OK
3638750,VIBRATION,-1.088591,OK
3640000,PRESSURE,101.4122,OK
3640000,TEMPERATURE,21.351,OK
3640000,VIBRATION,-0.8381607,OK
3641250,VIBRATION,-1.51453,OK
3642500,VIBRATION,-1.32888,OK
3643750,VIBRATION,-1.859369,OK
3645000,VIBRATION,-2.067324,OK
3646250,VIBRATION,-2.008335,OK
3647500,VIBRATION,-2.169863,OK
3648750,VIBRATION,-1.647862,OK
3650014,PRESSURE,101.4849,OK
3650014,TEMPERATURE,21.49371,OK
3650014,VIBRATION,-1.603932,OK
3651250,VIBRATION,-0.6949757,OK
3652500,VIBRATION,-0.6860947,OK
3653802,VIBRATION,-0.8421459,OK
3655000,VIBRATION,-1.092585,OK
3656250,VIBRATION,-1.406065,OK
3657500,VIBRATION,-1.363744,OK
3658750,VIBRATION,-1.431941,OK
3660000,PRESSURE,101.4456,OK
3660000,TEMPERATURE,21.36266,OK
3660000,VIBRATION,-1.316718,OK
3661250,VIBRATION,-0.8221041,OK
3662500,VIBRATION,-1.295322,OK
3663750,VIBRATION,-1.1306,OK
3665000,VIBRATION,-0.8799173,OK
3666250,VIBRATION,-1.027998,OK
3667500,VIBRATION,-0.8524112,OK
3668750,VIBRATION,-1.281822,OK
3670000,PRESSURE,101.4152,OK
3670000,TEMPERATURE,21.31331,OK
3670000,VIBRATION,-1.234756,OK
3671250,VIBRATION,-0.6653423,OK
3672500,VIBRATION,-0.8854721,OK
3673750,VIBRATION,-1.461229,OK
3675000,VIBRATION,-0.9877251,OK
3676250,VIBRATION,-0.6449348,OK
3677500,VIBRATION,-0.3849069,OK
3678750,VIBRATION,-0.2946608,OK
3680000,PRESSURE,101.4199,OK
3680000,TEMPERATURE,21.23508,OK
3680000,VIBRATION,-0.2281339,OK
3681250,VIBRATION,-0.1213997,OK
3682581,VIBRATION,-0.138396,OK
3683750,VIBRATION,-0.2793411,OK
3685000,VIBRATION,-0.1803852,OK
3686250,VIBRATION,-0.4404427,OK
3687500,VIBRATION,-0.1681653,OK
3688750,VIBRATION,0.06424894,OK
3690000,PRESSURE,101.3525,OK
3690000,TEMPERATURE,21.38579,OK
3690000,VIBRATION,0.125965,OK
3691250,VIBRATION,0.04764709,OK
3692500,VIBRATION,0.2826975,OK
3693750,VIBRATION,0.7148275,OK
3695000,VIBRATION,0.5586046,OK
3696250,VIBRATION,0.7453242,OK
3697500,VIBRATION,0.2597319,OK
3698750,VIBRATION,0.3075682,OK
3700055,PRESSURE,101.3415,OK
3700055,TEMPERATURE,21.46301,OK
3700055,VIBRATION,0.4619213,OK
3701250,VIBRATION,1.019084,OK
3702500,VIBRATION,1.22216,OK
3703750,VIBRATION,0.8225579,OK
3705000,VIBRATION,1.333208,OK
3706250,VIBRATION,1.018776,OK
3707500,VIBRATION,0.9130598,OK
3708750,VIBRATION,0.7099041,OK
3710000,PRESSURE,101.3624,OK
3710000,TEMPERATURE,21.64968,OK
3710000,VIBRATION,0.4608412,OK
3711250,VIBRATION,0.4327811,OK
3712500,VIBRATION,1.087884,OK
3713750,VIBRATION,1.035247,OK
3715000,VIBRATION,1.028676,OK
3716250,VIBRATION,0.8191532,OK
3717500,VIBRATION,0.8208056,OK
3718750,VIBRATION,0.6182333,OK
3720000,PRESSURE,101.375,OK
3720000,TEMPERATURE,21.6444,OK
3720000,VIBRATION,0.2627567,OK
3721250,VIBRATION,0.1351514,OK
3722500,VIBRATION,-0.1730809,OK
3723750,VIBRATION,-0.1032178,OK
3725000,VIBRATION,-0.1442125,OK
3726250,VIBRATION,0.03967134,OK
3727500,VIBRATION,-0.06977136,OK
3728750,VIBRATION,-0.06568259,OK
3730000,PRESSURE,101.3862,OK
3730000,TEMPERATURE,21.80774,OK
3730000,VIBRATION,0.1136062,OK
3731250,VIBRATION,0.3292633,OK
3732500,VIBRATION,-0.06256022,OK
3733750,VIBRATION,-0.02551878,OK
3735000,VIBRATION,-0.4279356,OK
3736250,VIBRATION,-0.08394624,OK
3737500,VIBRATION,-0.1303957,OK
3738750,VIBRATION,-0.2685072,OK
3740000,PRESSURE,101.3692,OK
3740000,TEMPERATURE,21.79971,OK
3740000,VIBRATION,0.1411205,OK
3741250,VIBRATION,-0.1394428,OK
3742500,VIBRATION,0.04770199,OK
3743750,VIBRATION,-0.2519087,OK
3745000,VIBRATION,-0.1537978,OK
3746250,VIBRATION,0.126445,OK
3747500,VIBRATION,0.07040945,OK
3748750,VIBRATION,0.1978495,OK
3750000,PRESSURE,101.3657,OK
3750000,TEMPERATURE,21.90132,OK
3750000,VIBRATION,0.5568127,OK
3751250,VIBRATION,1.119659,OK
3752500,VIBRATION,0.9559537,OK
3753750,VIBRATION,0.4089864,OK
3755000,VIBRATION,0.7813112,OK
3756250,VIBRATION,0.8244681,OK
3757500,VIBRATION,0.6702095,OK
3758750,VIBRATION,1.270772,OK
3760000,PRESSURE,101.3794,OK
3760000,TEMPERATURE,21.99867,OK
3760000,VIBRATION,1.123447,OK
3761250,VIBRATION,0.8148454,OK
3762500,VIBRATION,1.463266,OK
3763750,VIBRATION,1.509428,OK
3765000,VIBRATION,1.533562,OK
3766250,VIBRATION,1.179971,OK
3767500,VIBRATION,1.153525,OK
3768750,VIBRATION,1.50981,OK
3770000,PRESSURE,101.3609,OK
3770000,TEMPERATURE,21.77419,OK
3770000,VIBRATION,1.531465,OK
3771250,VIBRATION,1.201366,OK
3772500,VIBRATION,0.08545445,OK
3773750,VIBRATION,0.4267032,OK
3775000,VIBRATION,0.5662389,OK
3776250,VIBRATION,0.4720314,OK
3777500,VIBRATION,-0.283827,OK
3778750,VIBRATION,-0.07593154,OK
3780000,PRESSURE,101.3601,OK
3780000,TEMPERATURE,21.81791,OK
3780000,VIBRATION,-0.560036,OK
3781250,VIBRATION,-0.7437914,OK
3782500,VIBRATION,-0.9602191,OK
3783750,VIBRATION,-0.7625156,OK
3785000,VIBRATION,-0.4865147,OK
3786250,VIBRATION,-0.2696384,OK
3787500,VIBRATION,-0.2283095,OK
3788750,VIBRATION,-0.151847,OK
3790000,PRESSURE,101.367,OK
3790000,TEMPERATURE,21.74463,OK
3790000,VIBRATION,-0.131558,OK
3791250,VIBRATION,0.05453482,OK
3792500,VIBRATION,0.006993656,OK
3793750,VIBRATION,0.193823,OK
3795000,VIBRATION,0.2322958,OK
3796250,VIBRATION,0.4516028,OK
3797500,VIBRATION,0.2628591,OK
3798750,VIBRATION,-0.2083006,OK
3800000,PRESSURE,101.4809,OK
3800000,TEMPERATURE,21.72269,OK
3800000,VIBRATION,-0.2736215,OK
3801250,VIBRATION,-0.002259411,OK
3802500,VIBRATION,-0.2093186,OK
3803750,VIBRATION,-0.390388,OK
3805000,VIBRATION,-0.5535566,OK
3806250,VIBRATION,-0.5012229,OK
3807500,VIBRATION,-0.1936857,OK
3808750,VIBRATION,-0.07323155,OK
3810000,PRESSURE,101.5463,OK
3810000,TEMPERATURE,21.73452,OK
3810000,VIBRATION,-0.02637477,OK
3811250,VIBRATION,-0.05275871,OK
3812500,VIBRATION,-0.1387581,OK
3813750,VIBRATION,0.07089498,OK
3815000,VIBRATION,-0.1864344,OK
3816250,VIBRATION,-0.151201,OK
3817500,VIBRATION,-0.1336056,OK
3818750,VIBRATION,-0.1638209,OK
3820000,PRESSURE,101.5254,OK
3820000,TEMPERATURE,21.55725,OK
3820000,VIBRATION,-0.1362455,OK
3821250,VIBRATION,0.1146274,OK
3822500,VIBRATION,-0.6371987,OK
3823750,VIBRATION,-1.254384,OK
3825000,VIBRATION,-1.193724,OK
3826250,VIBRATION,-1.078591,OK
3827500,VIBRATION,-1.346212,OK
3828750,VIBRATION,-0.8642285,OK
3830000,PRESSURE,101.4948,OK
3830000,TEMPERATURE,21.58142,OK
3830000,VIBRATION,-0.9687573,OK
3831250,VIBRATION,-1.461462,OK
3832500,VIBRATION,-1.623478,OK
3833750,VIBRATION,-1.106013,OK
3835000,VIBRATION,-1.112611,OK
3836250,VIBRATION,-1.505239,OK
3837500,VIBRATION,-1.533309,OK
3838750,VIBRATION,-1.981469,OK
3840000,PRESSURE,101.4786,OK
3840000,TEMPERATURE,21.52907,OK
3840000,VIBRATION,-1.46008,OK
3841250,VIBRATION,-1.412604,OK
3842500,VIBRATION,-1.027874,OK
3843750,VIBRATION,-0.8628517,OK
3845000,VIBRATION,-0.9758469,OK
3846250,VIBRATION,-0.8117246,OK
3847500,VIBRATION,-1.116056,OK
3848804,VIBRATION,-0.4120014,OK
3852872,PRESSURE,101.3695,OK
3852872,TEMPERATURE,21.49402,OK
3852872,VIBRATION,-0.5656038,OK
3854122,VIBRATION,-0.00893351,OK
3855372,VIBRATION,0.2159649,OK
3856906,VIBRATION,0.5556965,OK
3857873,VIBRATION,0.2692695,OK
3859122,VIBRATION,0.4341698,OK
3860000,PRESSURE,101.3754,OK
3860000,TEMPERATURE,21.61213,OK
3860372,VIBRATION,0.09957735,OK
3861623,VIBRATION,0.1563186,OK
3862872,VIBRATION,-0.1391656,OK
3864122,VIBRATION,-0.2781613,OK
3865372,VIBRATION,-0.3790651,OK
3866622,VIBRATION,-0.5312519,OK
3867872,VIBRATION,-0.5914603,OK
3869122,VIBRATION,-0.8792425,OK
3870000,PRESSURE,101.3274,OK
3870000,TEMPERATURE,21.71239,OK
3870372,VIBRATION,-1.111345,OK
3871623,VIBRATION,-1.367593,OK
3872872,VIBRATION,-1.794169,OK
3874122,VIBRATION,-1.606124,OK
3875372,VIBRATION,-1.417582,OK
3876623,VIBRATION,-1.775919,OK
3877872,VIBRATION,-1.443894,OK
3879123,VIBRATION,-1.425218,OK
3880001,PRESSURE,101.2688,OK
3880001,TEMPERATURE,21.52062,OK
3880372,VIBRATION,-1.497742,OK
3881622,VIBRATION,-1.894449,OK
3882872,VIBRATION,-1.885605,OK
3884123,VIBRATION,-1.741314,OK
3885372,VIBRATION,-1.763206,OK
3886623,VIBRATION,-1.809177,OK
3887873,VIBRATION,-1.346093,OK
3889123,VIBRATION,-1.242169,OK
3890000,PRESSURE,101.3046,OK
3890000,TEMPERATURE,21.62971,OK
3890385,VIBRATION,-1.244168,OK
3891629,VIBRATION,-1.476245,OK
3892872,VIBRATION,-1.5936,OK
3894122,VIBRATION,-1.467915,OK
3895372,VIBRATION,-1.70587,OK
3896622,VIBRATION,-1.82833,OK
3897872,VIBRATION,-2.161226,OK
3899122,VIBRATION,-2.026004,OK
3900000,PRESSURE,101.3037,OK
3900000,TEMPERATURE,21.71689,OK
3900373,VIBRATION,-2.16959,OK
3901622,VIBRATION,-2.326256,OK
3902872,VIBRATION,-2.565814,OK
3904122,VIBRATION,-2.77677,OK
3905372,VIBRATION,-2.704998,OK
3906622,VIBRATION,-3.065272,OK
3907872,VIBRATION,-3.025262,OK
3909122,VIBRATION,-2.85235,OK
3910000,PRESSURE,101.4582,OK
3910000,TEMPERATURE,21.78341,OK
3910372,VIBRATION,-2.412921,OK
3911622,VIBRATION,-2.331001,OK
3912872,VIBRATION,-2.190073,OK
3914122,VIBRATION,-1.251745,OK
3915372,VIBRATION,-0.9525146,OK
3916622,VIBRATION,-1.101289,OK
3917872,VIBRATION,-0.9574589,OK
3919122,VIBRATION,-1.641871,OK
3920000,PRESSURE,101.3741,OK
3920000,TEMPERATURE,21.90059,OK
3920372,VIBRATION,-1.714014,OK
3921622,VIBRATION,-1.908072,OK
3922872,VIBRATION,-1.785113,OK
3924122,VIBRATION,-1.513261,OK
3925372,VIBRATION,-1.525153,OK
3926622,VIBRATION,-1.057667,OK
3927872,VIBRATION,-1.109382,OK
3929122,VIBRATION,-1.187536,OK
3930000,PRESSURE,101.4565,OK
3930000,TEMPERATURE,21.81381,OK
3930372,VIBRATION,-1.07885,OK
3931622,VIBRATION,-0.9902429,OK
3932872,VIBRATION,-1.198148,OK
3934122,VIBRATION,-1.289533,OK
3935372,VIBRATION,-1.549668,OK
3936622,VIBRATION,-1.346154,OK
3937872,VIBRATION,-1.164935,OK
3939122,VIBRATION,-1.279737,OK
3940000,PRESSURE,101.4604,OK
3940000,TEMPERATURE,21.6566,OK
3940372,VIBRATION,-1.436855,OK
3941622,VIBRATION,-1.347334,OK
3942872,VIBRATION,-1.872861,OK
3944122,VIBRATION,-1.892745,OK
3945372,VIBRATION,-1.228868,OK
3946622,VIBRATION,-1.639795,OK
3947872,VIBRATION,-1.885123,OK
3949139,VIBRATION,-1.670027,OK
3950000,PRESSURE,101.4806,OK
3950000,TEMPERATURE,21.69565,OK
3950372,VIBRATION,-2.095669,OK
3951622,VIBRATION,-1.947156,OK
3952872,VIBRATION,-1.778096,OK
3954122,VIBRATION,-1.975429,OK
3955372,VIBRATION,-2.04721,OK
3956622,VIBRATION,-2.168718,OK
3957872,VIBRATION,-1.588824,OK
3959122,VIBRATION,-1.581433,OK
3960000,PRESSURE,101.4956,OK
3960000,TEMPERATURE,21.76933,OK
3960373,VIBRATION,-1.382343,OK
3961622,VIBRATION,-1.195722,OK
3962872,VIBRATION,-1.675971,OK
3964122,VIBRATION,-1.471998,OK
3965372,VIBRATION,-1.119272,OK
3966622,VIBRATION,-1.919781,OK
3967872,VIBRATION,-1.815396,OK
3969122,VIBRATION,-1.580102,OK
3970000,PRESSURE,101.4864,OK
3970000,TEMPERATURE,21.73458,OK
3970372,VIBRATION,-1.88159,OK
3971622,VIBRATION,-2.438571,OK
3972872,VIBRATION,-2.09186,OK
3974122,VIBRATION,-1.781194,OK
3975372,VIBRATION,-2.08324,OK
3976622,VIBRATION,-1.86944,OK
3977872,VIBRATION,-1.299282,OK
3979122,VIBRATION,-1.562484,OK
3980000,PRESSURE,101.5117,OK
3980000,TEMPERATURE,21.62326,OK
3980372,VIBRATION,-2.15365,OK
3981622,VIBRATION,-2.083708,OK
3982872,VIBRATION,-2.002649,OK
3984125,VIBRATION,-1.959392,OK
3985372,VIBRATION,-2.14051,OK
3986622,VIBRATION,-2.459252,OK
3987872,VIBRATION,-2.25327,OK
3989122,VIBRATION,-1.820873,OK
3990000,PRESSURE,101.562,OK
3990000,TEMPERATURE,21.58492,OK
3990372,VIBRATION,-1.38574,OK
3991622,VIBRATION,-1.137522,OK
3992872,VIBRATION,-1.383182,OK
3994122,VIBRATION,-1.242815,OK
3995372,VIBRATION,-1.380132,OK
3996622,VIBRATION,-0.9351393,OK
3997872,VIBRATION,-0.8025051,OK
3999122,VIBRATION,-0.26792,OK
4000000,PRESSURE,101.5084,OK
4000000,TEMPERATURE,21.69133,OK
4000000,HUMIDITY,44.45371,OK
4000372,VIBRATION,-0.1862667,OK
4001631,VIBRATION,-0.1888707,OK
4002872,VIBRATION,0.1670732,OK
4004122,VIBRATION,0.2816501,OK
4005372,VIBRATION,-0.07046905,OK
4006622,VIBRATION,-0.01851112,OK
4007872,VIBRATION,-0.2249198,OK
4009122,VIBRATION,-0.4537764,OK
4010000,PRESSURE,101.4391,OK
4010000,TEMPERATURE,21.83271,OK
4010372,VIBRATION,-0.638752,OK
4011622,VIBRATION,-0.7781006,OK
4012872,VIBRATION,-0.1832347,OK
4014122,VIBRATION,-0.2343126,OK
4015489,VIBRATION,0.2197029,OK
4016644,VIBRATION,0.2987502,OK
4017872,VIBRATION,-0.0001827661,OK
4019122,VIBRATION,0.02657081,OK
4020000,PRESSURE,101.4084,OK
4020000,TEMPERATURE,21.89229,OK
4020372,VIBRATION,0.557566,OK
4021622,VIBRATION,0.1633505,OK
4022872,VIBRATION,0.4284613,OK
4024122,VIBRATION,0.2388745,OK
4025372,VIBRATION,0.1903488,OK
4026622,VIBRATION,-0.09593015,OK
4027872,VIBRATION,0.08120907,OK
4029122,VIBRATION,0.0477474,OK
4030000,PRESSURE,101.4562,OK
4030000,TEMPERATURE,21.83032,OK
4030372,VIBRATION,0.109349,OK
4031622,VIBRATION,0.718145,OK
4032872,VIBRATION,0.1434555,OK
4034122,VIBRATION,0.2130246,OK
4035372,VIBRATION,0.09334966,OK
4036622,VIBRATION,-0.2970543,OK
4037872,VIBRATION,-0.8804672,OK
4039122,VIBRATION,-0.8799588,OK
4040000,PRESSURE,101.4182,OK
4040000,TEMPERATURE,21.72819,OK
4040372,VIBRATION,-0.6205758,OK
4041622,VIBRATION,-0.9428666,OK
4042872,VIBRATION,-0.510932,OK
4044122,VIBRATION,-0.5274992,OK
4045372,VIBRATION,-0.6212607,OK
4046622,VIBRATION,-0.7269969,OK
4047872,VIBRATION,-0.1313732,OK
4049122,VIBRATION,0.1638093,OK
4050000,PRESSURE,101.3492,OK
4050000,TEMPERATURE,21.67707,OK
4050372,VIBRATION,-0.09561532,OK
4051622,VIBRATION,-0.2128018,OK
4052872,VIBRATION,0.1161818,OK
4054122,VIBRATION,0.2500258,OK
4055372,VIBRATION,0.5663288,OK
4056623,VIBRATION,0.4813136,OK
4057872,VIBRATION,0.137666,OK
4059122,VIBRATION,0.04876635,OK
4060000,PRESSURE,101.3363,OK
4060000,TEMPERATURE,21.82256,OK
4060372,VIBRATION,0.3957769,OK
4061622,VIBRATION,0.769573,OK
4062872,VIBRATION,0.9615719,OK
4064122,VIBRATION,0.7582672,OK
4065372,VIBRATION,0.5070591,OK
4066622,VIBRATION,0.4722632,OK
4067872,VIBRATION,1.240442,OK
4069122,VIBRATION,0.4735128,OK
4070000,PRESSURE,101.3073,OK
4070000,TEMPERATURE,21.65699,OK
4070372,VIBRATION,0.3107919,OK
4071622,VIBRATION,0.1220193,OK
4072872,VIBRATION,-0.2265661,OK
4074122,VIBRATION,-0.2748032,OK
4075372,VIBRATION,0.4140201,OK
4076622,VIBRATION,0.3000519,OK
4077872,VIBRATION,0.4684562,OK
4079122,VIBRATION,0.5846845,OK
4080000,PRESSURE,101.3588,OK
4080000,TEMPERATURE,21.5905,OK
4080372,VIBRATION,0.9829421,OK
4081622,VIBRATION,0.5723301,OK
4082872,VIBRATION,0.3997245,OK
4084122,VIBRATION,0.2219112,OK
4085372,VIBRATION,0.00730055,OK
4086622,VIBRATION,-0.194362,OK
4087872,VIBRATION,-0.4003793,OK
4089122,VIBRATION,-0.3459045,OK
4090000,PRESSURE,101.314,OK
4090000,TEMPERATURE,21.59401,OK
4090372,VIBRATION,-0.3976565,OK
4091622,VIBRATION,-0.4960766,OK
4092872,VIBRATION,-0.6292583,OK
4094122,VIBRATION,-0.6743391,OK
4095372,VIBRATION,-0.6299586,OK
4096622,VIBRATION,-0.5973508,OK
4097872,VIBRATION,-0.2932895,OK
4099122,VIBRATION,-0.3275234,OK
4100000,PRESSURE,101.2505,OK
4100000,TEMPERATURE,21.66955,OK
4100372,VIBRATION,-0.4602771,OK
4101622,VIBRATION,-0.1291102,OK
4102872,VIBRATION,0.3730001,OK
4104122,VIBRATION,-0.03888601,OK
4105372,VIBRATION,-0.3943269,OK
4106622,VIBRATION,-0.4118327,OK
4107872,VIBRATION,-0.5353279,OK
4109122,VIBRATION,-0.6697028,OK
4110000,PRESSURE,101.1506,OK
4110000,TEMPERATURE,21.55463,OK
4110372,VIBRATION,-0.6203359,OK
4111622,VIBRATION,-0.4759894,OK
4112872,VIBRATION,-1.019574,OK
4114122,VIBRATION,-0.4748681,OK
4115372,VIBRATION,-0.20694,OK
4116622,VIBRATION,-0.5143336,OK
4117872,VIBRATION,-0.7325671,OK
4119122,VIBRATION,-1.102623,OK
4120000,PRESSURE,101.1362,OK
4120000,TEMPERATURE,21.4293,OK
4120372,VIBRATION,-1.208933,OK
4121622,VIBRATION,-0.7197955,OK
4122872,VIBRATION,-0.5796497,OK
4124122,VIBRATION,-0.351387,OK
4125372,VIBRATION,-0.3723154,OK
4126698,VIBRATION,-0.3316017,OK
4127872,VIBRATION,-0.3615896,OK
4129122,VIBRATION,-0.4807002,OK
4130000,PRESSURE,101.1671,OK
4130000,TEMPERATURE,21.55475,OK
4130372,VIBRATION,0.03412177,OK
4131622,VIBRATION,-0.1831475,OK
4132872,VIBRATION,-0.07130653,OK
4134122,VIBRATION,0.2777385,OK
4135372,VIBRATION,0.1830706,OK
4136622,VIBRATION,0.5199786,OK
4137872,VIBRATION,0.2738132,OK
4139122,VIBRATION,0.6023603,OK
4140000,PRESSURE,101.2285,OK
4140000,TEMPERATURE,21.56357,OK
4140372,VIBRATION,0.7251607,OK
4141622,VIBRATION,0.7175818,OK
4142872,VIBRATION,0.4960365,OK
4144122,VIBRATION,0.863095,OK
4145372,VIBRATION,1.378612,OK
4146622,VIBRATION,1.256502,OK
4147872,VIBRATION,1.474503,OK
4149122,VIBRATION,1.753989,OK
4150000,PRESSURE,101.1515,OK
4150000,TEMPERATURE,21.69319,OK
4150372,VIBRATION,1.857225,OK
4151622,VIBRATION,2.208333,OK
4152872,VIBRATION,2.271454,OK
4154122,VIBRATION,1.686595,OK
4155372,VIBRATION,1.700814,OK
4156622,VIBRATION,1.750142,OK
4157872,VIBRATION,1.494127,OK
4159122,VIBRATION,1.208324,OK
4160000,PRESSURE,101.1955,OK
4160000,TEMPERATURE,21.85126,OK
4160372,VIBRATION,1.001215,OK
4161622,VIBRATION,0.9396068,OK
4162872,VIBRATION,0.7653997,OK
4164122,VIBRATION,0.5307757,OK
4165372,VIBRATION,0.4660867,OK
4166622,VIBRATION,0.3368287,OK
4167872,VIBRATION,0.7251932,OK
4169122,VIBRATION,0.9953261,OK
4170000,PRESSURE,101.116,OK
4170000,TEMPERATURE,21.99452,OK
4170372,VIBRATION,1.039851,OK
4171622,VIBRATION,0.6181301,OK
4172872,VIBRATION,0.6001771,OK
4174122,VIBRATION,0.7005476,OK
4175372,VIBRATION,1.109595,OK
4176622,VIBRATION,0.8106139,OK
4177872,VIBRATION,0.4380897,OK
4179122,VIBRATION,0.2531643,OK
4180000,PRESSURE,101.1992,OK
4180000,TEMPERATURE,21.97183,OK
4180372,VIBRATION,0.1579722,OK
4181622,VIBRATION,0.3688952,OK
4182872,VIBRATION,0.4148037,OK
4184122,VIBRATION,0.4280109,OK
4185372,VIBRATION,0.5712007,OK
4186622,VIBRATION,0.9004399,OK
4187872,VIBRATION,0.4884172,OK
4189122,VIBRATION,0.4769388,OK
4190000,PRESSURE,101.1807,OK
4190000,TEMPERATURE,22.05185,OK
4190372,VIBRATION,0.9076628,OK
4191622,VIBRATION,0.8417172,OK
4192872,VIBRATION,0.6896688,OK
4194122,VIBRATION,0.8205689,OK
4195376,VIBRATION,0.7204625,OK
4196622,VIBRATION,1.208693,OK
4197872,VIBRATION,0.9320414,OK
4199193,VIBRATION,0.7585878,OK
4200000,PRESSURE,101.1391,OK
4200000,TEMPERATURE,22.15613,OK
4200372,VIBRATION,-0.01361698,OK
4201622,VIBRATION,-0.1521438,OK
4202872,VIBRATION,0.3623004,OK
4204122,VIBRATION,0.07061695,OK
4205372,VIBRATION,0.1101673,OK
4206623,VIBRATION,0.01486344,OK
4207872,VIBRATION,-0.5935119,OK
4209122,VIBRATION,-0.3505665,OK
4210000,PRESSURE,101.1123,OK
4210000,TEMPERATURE,22.17883,OK
4210372,VIBRATION,-0.5072258,OK
4211622,VIBRATION,-0.5184976,OK
4212872,VIBRATION,0.1210369,OK
4214122,VIBRATION,0.2648574,OK
4215372,VIBRATION,0.6205381,OK
4216622,VIBRATION,0.1359921,OK
4217872,VIBRATION,0.2146936,OK
4219122,VIBRATION,0.537911,OK
4220004,PRESSURE,101.2027,OK
4220004,TEMPERATURE,22.16706,OK
4220372,VIBRATION,0.3059793,OK
4221622,VIBRATION,0.627643,OK
4222872,VIBRATION,1.25698,OK
4224122,VIBRATION,1.318123,OK
4225372,VIBRATION,1.084229,OK
4226622,VIBRATION,0.8309379,OK
4227872,VIBRATION,0.2514511,OK
4229122,VIBRATION,0.871328,OK
4230000,PRESSURE,101.2239,OK
4230000,TEMPERATURE,22.1273,OK
4230372,VIBRATION,0.7444757,OK
4231622,VIBRATION,0.4829608,OK
4232876,VIBRATION,0.357391,OK
4234122,VIBRATION,0.3208563,OK
4235372,VIBRATION,0.1540487,OK
4236622,VIBRATION,-0.01619071,OK
4237872,VIBRATION,-0.2716862,OK
4239122,VIBRATION,-0.07376272,OK
4240000,PRESSURE,101.2078,OK
4240000,TEMPERATURE,22.1085,OK
4240372,VIBRATION,-0.2003331,OK
4241622,VIBRATION,-0.2370997,OK
4242872,VIBRATION,-0.6145152,OK
4244122,VIBRATION,-0.6478975,OK
4245372,VIBRATION,-1.624013,OK
4246622,VIBRATION,-1.650599,OK
4247872,VIBRATION,-1.702313,OK
4249122,VIBRATION,-2.086149,OK
4250000,PRESSURE,101.2576,OK
4250000,TEMPERATURE,22.02342,OK
4250372,VIBRATION,-2.070548,OK
4251623,VIBRATION,-1.840444,OK
4252872,VIBRATION,-1.72683,OK
4254122,VIBRATION,-1.500992,OK
4255372,VIBRATION,-2.137005,OK
4256622,VIBRATION,-2.187472,OK
4257872,VIBRATION,-1.396173,OK
4259122,VIBRATION,-1.104336,OK
4260000,PRESSURE,101.2391,OK
4260000,TEMPERATURE,21.95182,OK
4260372,VIBRATION,-0.8928236,OK
4261622,VIBRATION,-0.6243803,OK
4262872,VIBRATION,-0.4070021,OK
4264122,VIBRATION,-0.2790494,OK
4265372,VIBRATION,0.04727827,OK
4266622,VIBRATION,0.3372567,OK
4267872,VIBRATION,0.1012141,OK
4269122,VIBRATION,0.4397013,OK
4270000,PRESSURE,101.2297,OK
4270000,TEMPERATURE,21.89658,OK
4270372,VIBRATION,0.3210832,OK
4271622,VIBRATION,-0.1671116,OK
4272872,VIBRATION,0.5288179,OK
4274122,VIBRATION,0.3796951,OK
4275372,VIBRATION,0.5591015,OK
4276622,VIBRATION,0.7854687,OK
4277872,VIBRATION,0.6023807,OK
4279122,VIBRATION,0.7513655,OK
4280000,PRESSURE,101.3071,OK
4280000,TEMPERATURE,22.0024,OK
4280372,VIBRATION,0.6138407,OK
4281622,VIBRATION,0.5294712,OK
4282872,VIBRATION,0.7626111,OK
4284122,VIBRATION,0.3671781,OK
4285658,VIBRATION,0.3925388,OK
4286622,VIBRATION,0.3055041,OK
4287872,VIBRATION,0.1064711,OK
4289122,VIBRATION,-0.2701659,OK
4290000,PRESSURE,101.275,OK
4290000,TEMPERATURE,21.83569,OK
4290372,VIBRATION,-0.2090385,OK
4291622,VIBRATION,-0.09148565,OK
4292872,VIBRATION,0.5415329,OK
4294122,VIBRATION,1.129497,OK
4295372,VIBRATION,0.8524255,OK
4296622,VIBRATION,0.4520432,OK
4297872,VIBRATION,0.3492692,OK
4299122,VIBRATION,0.9290208,OK
4300000,PRESSURE,101.2443,OK
4300000,TEMPERATURE,21.82462,OK
4300372,VIBRATION,0.8203146,OK
4301622,VIBRATION,0.4048864,OK
4302872,VIBRATION,0.5100047,OK
4304122,VIBRATION,0.4143336,OK
4305372,VIBRATION,0.8173396,OK
4306622,VIBRATION,0.5881727,OK
4307872,VIBRATION,0.7329273,OK
4309122,VIBRATION,0.5304294,OK
4310000,PRESSURE,101.1854,OK
4310000,TEMPERATURE,21.76939,OK
4310372,VIBRATION,0.8398491,OK
4311622,VIBRATION,0.4921492,OK
4312872,VIBRATION,0.03912788,OK
4314122,VIBRATION,0.3783749,OK
4315372,VIBRATION,0.2309405,OK
4316622,VIBRATION,-0.2362641,OK
4317872,VIBRATION,-0.002615696,OK
4319122,VIBRATION,0.2501948,OK
4320000,PRESSURE,101.1621,OK
4320000,TEMPERATURE,21.72246,OK
4320372,VIBRATION,0.1516894,OK
4321622,VIBRATION,0.4837332,OK
4322872,VIBRATION,0.707522,OK
4324122,VIBRATION,0.6500233,OK
4325372,VIBRATION,0.4612406,OK
4326622,VIBRATION,0.6339024,OK
4327872,VIBRATION,1.240364,OK
4329122,VIBRATION,1.326756,OK
4330000,PRESSURE,101.1606,OK
4330000,TEMPERATURE,21.62594,OK
4330372,VIBRATION,1.49417,OK
4331622,VIBRATION,1.380672,OK
4332872,VIBRATION,1.413434,OK
4334122,VIBRATION,1.425496,OK
4335372,VIBRATION,1.034527,OK
4336622,VIBRATION,1.334652,OK
4337872,VIBRATION,1.155215,OK
4339122,VIBRATION,1.310902,OK
4340000,PRESSURE,101.2612,OK
4340000,TEMPERATURE,21.44648,OK
4340372,VIBRATION,1.01826,OK
4341622,VIBRATION,0.89738,OK
4342872,VIBRATION,0.614123,OK
4344122,VIBRATION,0.4238192,OK
4345372,VIBRATION,0.8164565,OK
4346622,VIBRATION,0.935536,OK
4347872,VIBRATION,0.9356293,OK
4349145,VIBRATION,0.767491,OK
4350000,PRESSURE,101.2581,OK
4350000,TEMPERATURE,21.5307,OK
4350372,VIBRATION,0.7154046,OK
4351622,VIBRATION,0.5606009,OK
4352872,VIBRATION,0.3924854,OK
4354122,VIBRATION,0.2452005,OK
4355372,VIBRATION,0.5052781,OK
4356622,VIBRATION,0.4814181,OK
4357872,VIBRATION,0.6722026,OK
4359122,VIBRATION,0.6571412,OK
4360000,PRESSURE,101.238,OK
4360000,TEMPERATURE,21.61802,OK
4360372,VIBRATION,0.7866878,OK
4361622,VIBRATION,0.5526106,OK
4362872,VIBRATION,0.4688846,OK
4364122,VIBRATION,-0.03737335,OK
4365372,VIBRATION,-0.02154827,OK
4366622,VIBRATION,0.06783768,OK
4367872,VIBRATION,0.2728225,OK
4369122,VIBRATION,0.1879824,OK
4370000,PRESSURE,101.3181,OK
4370000,TEMPERATURE,21.70907,OK
4370372,VIBRATION,0.4150697,OK
4371622,VIBRATION,0.6428253,OK
4372872,VIBRATION,0.5297972,OK
4374123,VIBRATION,0.3851868,OK
4375372,VIBRATION,0.678747,OK
4376622,VIBRATION,1.185453,OK
4377872,VIBRATION,1.566116,OK
4379122,VIBRATION,1.527227,OK
4380000,PRESSURE,101.3161,OK
4380000,TEMPERATURE,21.77612,OK
4380372,VIBRATION,1.344546,OK
4381622,VIBRATION,1.34815,OK
4382872,VIBRATION,1.621718,OK
4384122,VIBRATION,1.366287,OK
4385372,VIBRATION,1.459857,OK
4386622,VIBRATION,1.202334,OK
4387872,VIBRATION,1.32162,OK
4389122,VIBRATION,0.9663064,OK
4390000,PRESSURE,101.2897,OK
4390000,TEMPERATURE,21.75121,OK
4390372,VIBRATION,0.8749451,OK
4391622,VIBRATION,1.119362,OK
4392872,VIBRATION,0.5555166,OK
4394122,VIBRATION,0.4752519,OK
4395372,VIBRATION,0.5485555,OK
4396622,VIBRATION,0.7100663,OK
4397872,VIBRATION,0.4226223,OK
4399122,VIBRATION,0.3623796,OK
4400000,PRESSURE,101.2996,OK
4400000,TEMPERATURE,21.70691,OK
4400372,VIBRATION,0.2906587,OK
4401622,VIBRATION,0.399323,OK
4402872,VIBRATION,0.5012792,OK
4404122,VIBRATION,0.4120222,OK
4405372,VIBRATION,0.4480504,OK
4406622,VIBRATION,0.3810729,OK
4407872,VIBRATION,0.5432508,OK
4409122,VIBRATION,0.5290279,OK
4410000,PRESSURE,101.2417,OK
4410000,TEMPERATURE,21.77051,OK
4410372,VIBRATION,0.6838186,OK
4411622,VIBRATION,0.4303521,OK
4412872,VIBRATION,0.4390598,OK
4414122,VIBRATION,0.2553948,OK
4415372,VIBRATION,0.4527921,OK
4416622,VIBRATION,0.2363955,OK
4417872,VIBRATION,0.4014869,OK
4419122,VIBRATION,0.008221671,OK
4420000,PRESSURE,101.2501,OK
4420000,TEMPERATURE,21.79637,OK
4420372,VIBRATION,0.3078599,OK
4421622,VIBRATION,0.3129209,OK
4422872,VIBRATION,0.7014937,OK
4424122,VIBRATION,0.6173341,OK
4425372,VIBRATION,0.215794,OK
4426622,VIBRATION,0.1606475,OK
4427872,VIBRATION,0.2889073,OK
4429122,VIBRATION,0.7607944,OK
4430000,PRESSURE,101.1469,OK
4430000,TEMPERATURE,21.97163,OK
4430372,VIBRATION,0.4157613,OK
4431622,VIBRATION,0.6074987,OK
4432872,VIBRATION,0.5007197,OK
4434122,VIBRATION,0.2212716,OK
4435372,VIBRATION,-0.2157096,OK
4436622,VIBRATION,-0.1547577,OK
4437872,VIBRATION,-0.1255026,OK
4439122,VIBRATION,-0.02428319,OK
4440000,PRESSURE,101.1036,OK
4440000,TEMPERATURE,21.79834,OK
4440372,VIBRATION,-0.08782223,OK
4441622,VIBRATION,-0.2461638,OK
4442872,VIBRATION,-1.236381,OK
4444122,VIBRATION,-1.633595,OK
4445372,VIBRATION,-1.705135,OK
4446622,VIBRATION,-1.780287,OK
4447872,VIBRATION,-1.569071,OK
4449122,VIBRATION,-1.327175,OK
4450000,PRESSURE,101.1359,OK
4450000,TEMPERATURE,21.71002,OK
4450372,VIBRATION,-1.009858,OK
4451622,VIBRATION,-1.405805,OK
4452872,VIBRATION,-0.8912317,OK
4454122,VIBRATION,-1.022049,OK
4455372,VIBRATION,-0.96893,OK
4456622,VIBRATION,-0.9722212,OK
4457872,VIBRATION,-0.5463477,OK
4459122,VIBRATION,-0.7700176,OK
4460000,PRESSURE,101.1503,OK
4460000,TEMPERATURE,21.71691,OK
4460372,VIBRATION,-0.4792531,OK
4461622,VIBRATION,-1.033806,OK
4462872,VIBRATION,-1.066318,OK
4464122,VIBRATION,-0.8931839,OK
4465372,VIBRATION,-0.5425234,OK
4466622,VIBRATION,-0.4333017,OK
4467872,VIBRATION,-0.6400512,OK
4469122,VIBRATION,-0.9587374,OK
4470000,PRESSURE,101.1367,OK
4470000,TEMPERATURE,21.65843,OK
4470372,VIBRATION,-1.094396,OK
4471622,VIBRATION,-0.5761749,OK
4472872,VIBRATION,-0.7542836,OK
4474122,VIBRATION,-1.302521,OK
4475372,VIBRATION,-1.464187,OK
4476622,VIBRATION,-1.003411,OK
4477872,VIBRATION,-0.6642778,OK
4479122,VIBRATION,-0.7319994,OK
4480000,PRESSURE,101.2342,OK
4480000,TEMPERATURE,21.73448,OK
4480372,VIBRATION,-0.6722658,OK
4481622,VIBRATION,0.06405677,OK
4482872,VIBRATION,-0.4787754,OK
4484122,VIBRATION,-0.3594139,OK
4485372,VIBRATION,-0.05418898,OK
4486622,VIBRATION,-0.2705416,OK
4487872,VIBRATION,-0.3099266,OK
4489122,VIBRATION,-0.8474591,OK
4490000,PRESSURE,101.2178,OK
4490000,TEMPERATURE,21.77567,OK
4490372,VIBRATION,-0.9568326,OK
4491622,VIBRATION,-1.016464,OK
4492872,VIBRATION,-0.458546,OK
4494122,VIBRATION,-1.103928,OK
4495372,VIBRATION,-1.051437,OK
4496622,VIBRATION,-0.5330378,OK
4497872,VIBRATION,-0.5747443,OK
4499122,VIBRATION,-0.2710047,OK
4500000,PRESSURE,101.1394,OK
4500000,TEMPERATURE,21.64262,OK
4500372,VIBRATION,0.07536807,OK
4501622,VIBRATION,0.2934837,OK
4502872,VIBRATION,0.4226541,OK
4504122,VIBRATION,0.4695491,OK
4505372,VIBRATION,0.9277837,OK
4506622,VIBRATION,1.025126,OK
4507872,VIBRATION,0.5738257,OK
4509122,VIBRATION,0.6531638,OK
4510000,PRESSURE,101.1218,OK
4510000,TEMPERATURE,21.69466,OK
4510372,VIBRATION,0.616252,OK
4511622,VIBRATION,0.338406,OK
4512875,VIBRATION,0.4150734,OK
4514122,VIBRATION,0.7570734,OK
4515372,VIBRATION,0,COMM_ERROR
4516622,VIBRATION,0.4860203,OK
4517872,VIBRATION,0.6432738,OK
4519122,VIBRATION,0.6825906,OK
4520000,PRESSURE,101.1249,OK
4520000,TEMPERATURE,21.74567,OK
4520372,VIBRATION,0.7032089,OK
4521622,VIBRATION,0.7191551,OK
4522872,VIBRATION,1.024695,OK
4524122,VIBRATION,1.502245,OK
4525372,VIBRATION,1.631699,OK
4526622,VIBRATION,1.448752,OK
4527872,VIBRATION,1.904519,OK
4529122,VIBRATION,1.30742,OK
4530000,PRESSURE,101.0921,OK
4530000,TEMPERATURE,21.74521,OK
4530372,VIBRATION,1.487616,OK
4531622,VIBRATION,1.13924,OK
4532872,VIBRATION,1.420637,OK
4534122,VIBRATION,0.8172233,OK
4535372,VIBRATION,1.053313,OK
4536622,VIBRATION,1.014819,OK
4537872,VIBRATION,1.127818,OK
4539122,VIBRATION,1.44083,OK
4540000,PRESSURE,101.0126,OK
4540000,TEMPERATURE,21.69387,OK
4540372,VIBRATION,1.673715,OK
4541622,VIBRATION,1.429362,OK
4542872,VIBRATION,0.5302274,OK
4544122,VIBRATION,0.6660815,OK
4545372,VIBRATION,0.3242685,OK
4546622,VIBRATION,0.5090241,OK
4547872,VIBRATION,0.6282622,OK
4549122,VIBRATION,0.4699092,OK
4550000,PRESSURE,101.0084,OK
4550000,TEMPERATURE,21.50603,OK
4550372,VIBRATION,0.3174837,OK
4551622,VIBRATION,0.5678164,OK
4552872,VIBRATION,0.7769788,OK
4554166,VIBRATION,0.371699,OK
4555372,VIBRATION,0.2663058,OK
4556622,VIBRATION,0.5610937,OK
4557872,VIBRATION,0.2887958,OK
4559122,VIBRATION,0.2072943,OK
4560000,PRESSURE,101.0245,OK
4560000,TEMPERATURE,21.55208,OK
4560372,VIBRATION,-0.4032223,OK
4561622,VIBRATION,-0.06424825,OK
4562872,VIBRATION,-0.6413604,OK
4564122,VIBRATION,-0.4947117,OK
4565372,VIBRATION,-0.1668989,OK
4566622,VIBRATION,-0.7490313,OK
4567872,VIBRATION,-0.6212422,OK
4569122,VIBRATION,-0.6768403,OK
4570000,PRESSURE,101.065,OK
4570000,TEMPERATURE,21.57783,OK
4570372,VIBRATION,-0.9219875,OK
4571622,VIBRATION,-0.9704074,OK
4572872,VIBRATION,-0.6308665,OK
4574122,VIBRATION,-0.6941181,OK
4575372,VIBRATION,-0.5458931,OK
4576678,VIBRATION,-0.3505791,OK
4577872,VIBRATION,0.0180503,OK
4579122,VIBRATION,-0.3227444,OK
4580000,PRESSURE,101.0195,OK
4580000,TEMPERATURE,21.58412,OK
4580372,VIBRATION,-0.3926308,OK
4581622,VIBRATION,-0.6468642,OK
4582872,VIBRATION,-0.2494297,OK
4584122,VIBRATION,-0.2322157,OK
4585372,VIBRATION,-0.7595212,OK
4586622,VIBRATION,-1.260552,OK
4587872,VIBRATION,-0.9143704,OK
4589122,VIBRATION,-1.117951,OK
4590000,PRESSURE,100.9485,OK
4590000,TEMPERATURE,21.5388,OK
4590372,VIBRATION,-0.7170284,OK
4591622,VIBRATION,-0.9880993,OK
4592872,VIBRATION,-1.052984,OK
4594122,VIBRATION,-1.301066,OK
4595372,VIBRATION,-1.06433,OK
4596622,VIBRATION,-0.7759508,OK
4597872,VIBRATION,-0.6038048,OK
4599122,VIBRATION,-0.3221687,OK
4600000,PRESSURE,100.9728,OK
4600000,TEMPERATURE,21.67663,OK
4600372,VIBRATION,-0.4740947,OK
4601622,VIBRATION,-0.5394262,OK
4602872,VIBRATION,-1.063574,OK
4604122,VIBRATION,-1.064149,OK
4605372,VIBRATION,-0.9344249,OK
4606622,VIBRATION,-0.7724083,OK
4607872,VIBRATION,-0.3023302,OK
4609122,VIBRATION,-0.9481933,OK
4610000,PRESSURE,101.0036,OK
4610000,TEMPERATURE,21.68245,OK
4610372,VIBRATION,-1.277276,OK
4611622,VIBRATION,-1.24131,OK
4612872,VIBRATION,-1.181598,OK
4614122,VIBRATION,-1.137209,OK
4615372,VIBRATION,-1.174294,OK
4616622,VIBRATION,-2.216102,OK
4617872,VIBRATION,-1.840809,OK
4619122,VIBRATION,-1.956701,OK
4620000,PRESSURE,100.9567,OK
4620000,TEMPERATURE,21.76452,OK
4620372,VIBRATION,-1.697221,OK
4621622,VIBRATION,-1.686417,OK
4622872,VIBRATION,-2.062653,OK
4624122,VIBRATION,-1.89492,OK
4625372,VIBRATION,-2.023121,OK
4626622,VIBRATION,-2.379908,OK
4627872,VIBRATION,-2.740243,OK
4629122,VIBRATION,-2.557301,OK
4630000,PRESSURE,101.0149,OK
4630000,TEMPERATURE,21.73452,OK
4630372,VIBRATION,-2.098807,OK
4631622,VIBRATION,-1.906103,OK
4632872,VIBRATION,-1.873854,OK
4634122,VIBRATION,-2.10495,OK
4635372,VIBRATION,-1.887101,OK
4636622,VIBRATION,-1.801689,OK
4637872,VIBRATION,-1.966699,OK
4639122,VIBRATION,-1.805736,OK
4640000,PRESSURE,101.0255,OK
4640000,TEMPERATURE,21.80731,OK
4640372,VIBRATION,-1.793438,OK
4641622,VIBRATION,-1.766371,OK
4642872,VIBRATION,-1.466703,OK
4644173,VIBRATION,-1.29082,OK
4645372,VIBRATION,-0.8992799,OK
4646622,VIBRATION,-0.5257559,OK
4647872,VIBRATION,-0.5122937,OK
4649122,VIBRATION,-0.4008886,OK
4650000,PRESSURE,101.1623,OK
4650000,TEMPERATURE,21.98495,OK
4650372,VIBRATION,-0.5229909,OK
4651622,VIBRATION,-0.3506629,OK
4652872,VIBRATION,0.01071675,OK
4654122,VIBRATION,-0.03877781,OK
4655372,VIBRATION,0.08430387,OK
4656622,VIBRATION,0.3620407,OK
4657872,VIBRATION,0.06560886,OK
4659122,VIBRATION,-0.2401377,OK
4660000,PRESSURE,101.2142,OK
4660000,TEMPERATURE,21.93574,OK
4660372,VIBRATION,-0.1693949,OK
4661622,VIBRATION,-0.02051256,OK
4662872,VIBRATION,0.05751914,OK
4664122,VIBRATION,0.1818171,OK
4665372,VIBRATION,-0.4233988,OK
4666622,VIBRATION,-0.2547326,OK
4667872,VIBRATION,-0.4110694,OK
4669122,VIBRATION,-0.4713458,OK
4670000,PRESSURE,101.1643,OK
4670000,TEMPERATURE,21.97154,OK
4670373,VIBRATION,-0.5045417,OK
4671622,VIBRATION,-0.1929058,OK
4672872,VIBRATION,-0.5833922,OK
4674122,VIBRATION,-0.6832143,OK
4675372,VIBRATION,-0.4843014,OK
4676622,VIBRATION,-0.3949604,OK
4677872,VIBRATION,-0.5538524,OK
4679122,VIBRATION,-1.214103,OK
4680000,PRESSURE,101.2574,OK
4680000,TEMPERATURE,22.01303,OK
4680372,VIBRATION,-1.51053,OK
4681622,VIBRATION,-1.57326,OK
4682872,VIBRATION,-1.825145,OK
4684122,VIBRATION,-2.139938,OK
4685372,VIBRATION,-1.897728,OK
4686622,VIBRATION,-1.153351,OK
4687872,VIBRATION,-2.203883,OK
4689122,VIBRATION,-2.030503,OK
4690000,PRESSURE,101.2922,OK
4690000,TEMPERATURE,21.99495,OK
4690372,VIBRATION,-1.819886,OK
4691622,VIBRATION,-1.903255,OK
4692872,VIBRATION,-1.691722,OK
4694122,VIBRATION,-1.801884,OK
4695372,VIBRATION,-1.456973,OK
4696622,VIBRATION,-0.7760194,OK
4697872,VIBRATION,-0.5988135,OK
4699122,VIBRATION,-0.3636446,OK
4700000,PRESSURE,101.2868,OK
4700000,TEMPERATURE,21.99499,OK
4700372,VIBRATION,-0.4415973,OK
4701622,VIBRATION,-0.6351766,OK
4702873,VIBRATION,-0.1740946,OK
4704122,VIBRATION,-0.1104473,OK
4705372,VIBRATION,0.130531,OK
4706622,VIBRATION,0.3035447,OK
4707872,VIBRATION,0.2738083,OK
4709122,VIBRATION,0.234044,OK
4710000,PRESSURE,101.3014,OK
4710000,TEMPERATURE,21.81157,OK
4710372,VIBRATION,0.4352239,OK
4711622,VIBRATION,0.4147718,OK
4712872,VIBRATION,0.935665,OK
4714122,VIBRATION,0.04094243,OK
4715372,VIBRATION,-0.185301,OK
4716622,VIBRATION,-0.5587875,OK
4717872,VIBRATION,-0.1077539,OK
4719122,VIBRATION,0.3859101,OK
4720000,PRESSURE,101.2899,OK
4720000,TEMPERATURE,21.69566,OK
4720372,VIBRATION,-0.1182256,OK
4721622,VIBRATION,0.1821064,OK
4722872,VIBRATION,0.4323207,OK
4724122,VIBRATION,0.5534851,OK
4725372,VIBRATION,0.9034776,OK
4726622,VIBRATION,1.100869,OK
4727872,VIBRATION,1.233414,OK
4729122,VIBRATION,0.8766565,OK
4730000,PRESSURE,101.2663,OK
4730000,TEMPERATURE,21.84107,OK
4730372,VIBRATION,1.359991,OK
4731622,VIBRATION,1.570024,OK
4732881,VIBRATION,1.652947,OK
4734122,VIBRATION,1.396957,OK
4735372,VIBRATION,0.9698049,OK
4736622,VIBRATION,0.835368,OK
4737872,VIBRATION,0.5792733,OK
4739122,VIBRATION,0.2829878,OK
4740000,PRESSURE,101.2596,OK
4740000,TEMPERATURE,21.74429,OK
4740372,VIBRATION,0.2065446,OK
4741622,VIBRATION,0.3067518,OK
4742872,VIBRATION,-0.2991042,OK
4744122,VIBRATION,-0.5108664,OK
4745372,VIBRATION,-0.5482414,OK
4746622,VIBRATION,-1.05521,OK
4747872,VIBRATION,-0.9179053,OK
4749122,VIBRATION,-0.7827015,OK
4750000,PRESSURE,101.227,OK
4750000,TEMPERATURE,21.74459,OK
4750372,VIBRATION,-0.3980906,OK
4751622,VIBRATION,-0.199224,OK
4752872,VIBRATION,-0.6603494,OK
4754122,VIBRATION,-0.839286,OK
4755372,VIBRATION,-0.08697104,OK
4756622,VIBRATION,-0.7664806,OK
4757872,VIBRATION,-0.2712648,OK
4759122,VIBRATION,-0.1296435,OK
4760000,PRESSURE,101.2598,OK
4760000,TEMPERATURE,21.81057,OK
4760372,VIBRATION,0.2778338,OK
4761622,VIBRATION,0.3703919,OK
4762872,VIBRATION,0.394834,OK
4764122,VIBRATION,0.2143292,OK
4765372,VIBRATION,0.09928516,OK
4766622,VIBRATION,-0.1419017,OK
4767872,VIBRATION,-0.1578447,OK
4769122,VIBRATION,0.3101025,OK
4770000,PRESSURE,101.2242,OK
4770000,TEMPERATURE,21.78459,OK
4770372,VIBRATION,0.002844486,OK
4771622,VIBRATION,0.231261,OK
4772872,VIBRATION,0.2733284,OK
4774122,VIBRATION,0.09567013,OK
4775372,VIBRATION,-0.001852252,OK
4776622,VIBRATION,-0.2548727,OK
4777872,VIBRATION,-0.4267002,OK
4779122,VIBRATION,-0.6060189,OK
4780000,PRESSURE,101.2953,OK
4780000,TEMPERATURE,21.78352,OK
4780372,VIBRATION,-1.138333,OK
4781622,VIBRATION,-0.7030553,OK
4782872,VIBRATION,-0.475924,OK
4784122,VIBRATION,0.04868538,OK
4785372,VIBRATION,-0.2084917,OK
4786622,VIBRATION,-0.3876102,OK
4787872,VIBRATION,0.2650549,OK
4789122,VIBRATION,0.05665816,OK
4790000,PRESSURE,101.361,OK
4790000,TEMPERATURE,21.74118,OK
4790372,VIBRATION,0.1344501,OK
4791622,VIBRATION,-0.0904113,OK
4792872,VIBRATION,-0.1673536,OK
4794122,VIBRATION,-0.2724088,OK
4795372,VIBRATION,0.02524563,OK
4796622,VIBRATION,-0.2694925,OK
4797872,VIBRATION,0.01792627,OK
4799122,VIBRATION,0.2350801,OK
4800000,PRESSURE,101.3305,OK
4800000,TEMPERATURE,21.75185,OK
4800380,VIBRATION,0.2799692,OK
4801622,VIBRATION,-0.4710731,OK
4802872,VIBRATION,-0.8417205,OK
4804133,VIBRATION,-1.068359,OK
4805372,VIBRATION,-0.6364579,OK
4806622,VIBRATION,-0.2711585,OK
4807872,VIBRATION,-0.1134222,OK
4809122,VIBRATION,-0.05595408,OK
4810000,PRESSURE,101.2135,OK
4810000,TEMPERATURE,21.87988,OK
4810372,VIBRATION,0.6714081,OK
4811622,VIBRATION,0.6164129,OK
4812872,VIBRATION,0.7750195,OK
4814122,VIBRATION,0.7375283,OK
4815372,VIBRATION,0.4875403,OK
4816622,VIBRATION,0.5223557,OK
4817872,VIBRATION,0.739183,OK
4819122,VIBRATION,0.8169416,OK
4820088,PRESSURE,101.2461,OK
4820088,TEMPERATURE,22.03969,OK
4820373,VIBRATION,0.5068537,OK
4821622,VIBRATION,0.3164165,OK
4822872,VIBRATION,0.4978909,OK
4824122,VIBRATION,0.3103168,OK
4825372,VIBRATION,0.07120323,OK
4826622,VIBRATION,0.6930805,OK
4827872,VIBRATION,0.5128883,OK
4829122,VIBRATION,0.4954769,OK
4830000,PRESSURE,101.1853,OK
4830000,TEMPERATURE,22.09355,OK
4830372,VIBRATION,0.965206,OK
4831622,VIBRATION,0.8178567,OK
4832872,VIBRATION,0.9264545,OK
4834122,VIBRATION,0.5629617,OK
4835372,VIBRATION,0.2705553,OK
4836622,VIBRATION,0.3647297,OK
4837872,VIBRATION,0.4223005,OK
4839122,VIBRATION,0.337344,OK
4840000,PRESSURE,101.0999,OK
4840000,TEMPERATURE,21.98878,OK
4840372,VIBRATION,-0.1070916,OK
4841622,VIBRATION,-0.6505429,OK
4842872,VIBRATION,-0.0447504,OK
4844122,VIBRATION,-0.5611961,OK
4845552,VIBRATION,-0.2582055,OK
4846622,VIBRATION,-0.347305,OK
4847872,VIBRATION,-0.6058596,OK
4849122,VIBRATION,-0.5126752,OK
4850000,PRESSURE,101.1317,OK
4850000,TEMPERATURE,21.79772,OK
4850372,VIBRATION,-0.6089061,OK
4851622,VIBRATION,-0.6405164,OK
4852872,VIBRATION,-0.8402246,OK
4854122,VIBRATION,-0.2345462,OK
4855372,VIBRATION,-0.1919482,OK
4856622,VIBRATION,0.1824716,OK
4857872,VIBRATION,-0.01822977,OK
4859122,VIBRATION,-0.1590358,OK
4860000,PRESSURE,101.1804,OK
4860000,TEMPERATURE,21.82227,OK
4860372,VIBRATION,-0.2770874,OK
4861622,VIBRATION,0.1816768,OK
4862872,VIBRATION,-0.1444037,OK
4864122,VIBRATION,-0.2236157,OK
4865372,VIBRATION,-0.1829865,OK
4866622,VIBRATION,-0.02259779,OK
4867872,VIBRATION,0.0153695,OK
4869122,VIBRATION,0.04722386,OK
4870000,PRESSURE,101.121,OK
4870000,TEMPERATURE,21.83463,OK
4870372,VIBRATION,-0.03185702,OK
4871622,VIBRATION,0.4786901,OK
4872872,VIBRATION,0.330421,OK
4874122,VIBRATION,0.9955124,OK
4875372,VIBRATION,1.15569,OK
4876622,VIBRATION,0.9820303,OK
4877872,VIBRATION,1.522913,OK
4879131,VIBRATION,1.169805,OK
4880000,PRESSURE,101.0662,OK
4880000,TEMPERATURE,21.85314,OK
4880372,VIBRATION,1.057286,OK
4881622,VIBRATION,1.181091,OK
4882872,VIBRATION,1.495238,OK
4884122,VIBRATION,1.313083,OK
4885372,VIBRATION,1.429955,OK
4886622,VIBRATION,1.933107,OK
4887872,VIBRATION,2.146561,OK
4889166,VIBRATION,2.089921,OK
4890000,PRESSURE,101.0648,OK
4890000,TEMPERATURE,21.88187,OK
4890372,VIBRATION,1.816988,OK
4891622,VIBRATION,1.838675,OK
4892872,VIBRATION,1.640765,OK
4894122,VIBRATION,1.399781,OK
4895372,VIBRATION,0.8313218,OK
4896622,VIBRATION,0.7874066,OK
4897872,VIBRATION,0.6925123,OK
4899122,VIBRATION,0.5378073,OK
4900000,PRESSURE,101.1088,OK
4900000,TEMPERATURE,21.89266,OK
4900372,VIBRATION,0.4210049,OK
4901622,VIBRATION,0.07435382,OK
4902872,VIBRATION,-0.1183769,OK
4904122,VIBRATION,-0.08852263,OK
4905372,VIBRATION,0.3296553,OK
4906622,VIBRATION,0.4467712,OK
4907872,VIBRATION,0.281758,OK
4909122,VIBRATION,0.1195885,OK
4910000,PRESSURE,101.1048,OK
4910000,TEMPERATURE,22.02304,OK
4910372,VIBRATION,0.1551998,OK
4911622,VIBRATION,0.1088695,OK
4912991,VIBRATION,-0.007873891,OK
4914122,VIBRATION,0.4576634,OK
4915372,VIBRATION,0.6974574,OK
4916622,VIBRATION,0.49113,OK
4917872,VIBRATION,0.1710534,OK
4919122,VIBRATION,0.314604,OK
4920000,PRESSURE,101.1508,OK
4920000,TEMPERATURE,22.17791,OK
4920372,VIBRATION,0.2368333,OK
4921622,VIBRATION,0.009881086,OK
4922872,VIBRATION,0.08297912,OK
4924122,VIBRATION,-0.2049459,OK
4925372,VIBRATION,-0.05943758,OK
4926622,VIBRATION,-0.07008001,OK
4927872,VIBRATION,0.1734742,OK
4929122,VIBRATION,0.1375578,OK
4930000,PRESSURE,101.1604,OK
4930000,TEMPERATURE,22.37079,OK
4930372,VIBRATION,-0.03245164,OK
4931622,VIBRATION,-0.08796394,OK
4932872,VIBRATION,-0.0291375,OK
4934122,VIBRATION,0.02699256,OK
4935372,VIBRATION,0.4544618,OK
4936622,VIBRATION,0.4941282,OK
4937872,VIBRATION,0.2746952,OK
4939122,VIBRATION,0.2207932,OK
4940000,PRESSURE,101.1883,OK
4940000,TEMPERATURE,22.54494,OK
4940372,VIBRATION,0.1442174,OK
4941622,VIBRATION,0.2411939,OK
4942872,VIBRATION,0.3462858,OK
4944122,VIBRATION,0.1209268,OK
4945372,VIBRATION,-0.01081467,OK
4946622,VIBRATION,0.2368124,OK
4947872,VIBRATION,0.265288,OK
4949122,VIBRATION,0.3578427,OK
4950000,PRESSURE,101.2407,OK
4950000,TEMPERATURE,22.3682,OK
4950372,VIBRATION,0.5314904,OK
4951622,VIBRATION,0.3018612,OK
4952872,VIBRATION,0.7715227,OK
4954122,VIBRATION,0.9041839,OK
4955372,VIBRATION,0.6031416,OK
4956622,VIBRATION,1.176464,OK
4957872,VIBRATION,1.091379,OK
4959136,VIBRATION,1.023476,OK
4960000,PRESSURE,101.2384,OK
4960000,TEMPERATURE,22.45372,OK
4960372,VIBRATION,1.126164,OK
4961622,VIBRATION,1.193962,OK
4962928,VIBRATION,0.9416045,OK
4964122,VIBRATION,1.206894,OK
4965373,VIBRATION,0.8437498,OK
4966622,VIBRATION,0.5271843,OK
4967872,VIBRATION,0.3960192,OK
4969122,VIBRATION,0.2129992,OK
4970000,PRESSURE,101.2782,OK
4970000,TEMPERATURE,22.41613,OK
4970372,VIBRATION,0.1073995,OK
4971622,VIBRATION,0.307216,OK
4972872,VIBRATION,0.6256768,OK
4974122,VIBRATION,0.3762898,OK
4975372,VIBRATION,0.4228219,OK
4976622,VIBRATION,-0.07975305,OK
4977872,VIBRATION,-0.2676557,OK
4979122,VIBRATION,0.1790785,OK
4980000,PRESSURE,101.3008,OK
4980000,TEMPERATURE,22.29422,OK
4980372,VIBRATION,0.3805737,OK
4981622,VIBRATION,0.2391503,OK
4982872,VIBRATION,0.5298374,OK
4984122,VIBRATION,0.4230266,OK
4985372,VIBRATION,0.02823033,OK
4986622,VIBRATION,0.185682,OK
4987872,VIBRATION,0.7447459,OK
4989122,VIBRATION,0.6134836,OK
4990000,PRESSURE,101.2826,OK
4990000,TEMPERATURE,22.31279,OK
4990372,VIBRATION,-0.08130458,OK
4991622,VIBRATION,-0.3647513,OK
4992872,VIBRATION,-0.5170347,OK
4994122,VIBRATION,-0.4363161,OK
4995372,VIBRATION,0.1331605,OK
4996622,VIBRATION,-0.0002018126,OK
4997872,VIBRATION,-0.5337876,OK
4999122,VIBRATION,-0.4292737,OK
5000000,PRESSURE,101.3242,OK
5000000,TEMPERATURE,22.27858,OK
5000000,HUMIDITY,44.68077,OK
5000372,VIBRATION,0.4007692,OK
5001622,VIBRATION,0.9276297,OK
5002872,VIBRATION,0.9612712,OK
5004122,VIBRATION,0.9277852,OK
5005372,VIBRATION,0.9228102,OK
5006622,VIBRATION,1.079356,OK
5007872,VIBRATION,1.237436,OK
5009122,VIBRATION,0.9588264,OK
5010000,PRESSURE,101.3216,OK
5010000,TEMPERATURE,22.38655,OK
5010372,VIBRATION,1.399492,OK
5011622,VIBRATION,1.296636,OK
5012887,VIBRATION,1.045131,OK
5014122,VIBRATION,1.010164,OK
5015372,VIBRATION,0.9920053,OK
5016622,VIBRATION,0.9134309,OK
5017872,VIBRATION,0.8479735,OK
5019122,VIBRATION,0.742105,OK
5020000,PRESSURE,101.3751,OK
5020000,TEMPERATURE,22.42976,OK
5020372,VIBRATION,0.5451053,OK
5021622,VIBRATION,0.3940834,OK
5022872,VIBRATION,0.5081008,OK
5024122,VIBRATION,0.3567957,OK
5025372,VIBRATION,0.5022741,OK
5026622,VIBRATION,0.04200218,OK
5027872,VIBRATION,0.0351444,OK
5029122,VIBRATION,-0.3074861,OK
5030000,PRESSURE,101.3601,OK
5030000,TEMPERATURE,22.48686,OK
5030372,VIBRATION,-0.5200089,OK
5031623,VIBRATION,-0.674516,OK
5032889,VIBRATION,-0.7870593,OK
5034122,VIBRATION,-0.6389333,OK
5035372,VIBRATION,-0.5518169,OK
5036622,VIBRATION,-0.5037013,OK
5037872,VIBRATION,-0.5586789,OK
5039122,VIBRATION,-0.3162668,OK
5040000,PRESSURE,101.3424,OK
5040000,TEMPERATURE,22.55223,OK
5040372,VIBRATION,-0.1591444,OK
5041622,VIBRATION,-0.3515601,OK
5042872,VIBRATION,0.2050972,OK
5044122,VIBRATION,0.09887737,OK
5045372,VIBRATION,0.5103895,OK
5046622,VIBRATION,0.877606,OK
5047872,VIBRATION,0.7191186,OK
5049122,VIBRATION,0.8166646,OK
5050000,PRESSURE,101.244,OK
5050000,TEMPERATURE,22.51522,OK
5050372,VIBRATION,0.5395886,OK
5051622,VIBRATION,0.6523937,OK
5052872,VIBRATION,0.4184129,OK
5054122,VIBRATION,-0.07482061,OK
5055372,VIBRATION,0.1458951,OK
5056622,VIBRATION,0.2852881,OK
5057872,VIBRATION,0.1854536,OK
5059122,VIBRATION,0.3275138,OK
5060000,PRESSURE,101.1978,OK
5060000,TEMPERATURE,22.6257,OK
5060372,VIBRATION,0.7493429,OK
5061622,VIBRATION,0.468315,OK
5062872,VIBRATION,0.6681139,OK
5064122,VIBRATION,-0.02549429,OK
5065372,VIBRATION,0.1588194,OK
5066622,VIBRATION,0.1850915,OK
5067872,VIBRATION,0.05578574,OK
5069122,VIBRATION,0.213375,OK
5070000,PRESSURE,101.1369,OK
5070000,TEMPERATURE,22.70768,OK
5070372,VIBRATION,0.3655391,OK
5071622,VIBRATION,0.2547376,OK
5072872,VIBRATION,-0.2268718,OK
5074122,VIBRATION,-0.2486301,OK
5075372,VIBRATION,-0.2264201,OK
5076622,VIBRATION,-0.6106063,OK
5077872,VIBRATION,-0.3165918,OK
5079122,VIBRATION,0.09933445,OK
5080000,PRESSURE,101.0809,OK
5080000,TEMPERATURE,22.68676,OK
5080372,VIBRATION,0.1612534,OK
5081622,VIBRATION,0.7070665,OK
5082872,VIBRATION,0.4345191,OK
5084122,VIBRATION,-0.1118752,OK
5085372,VIBRATION,-0.2032928,OK
5086622,VIBRATION,-0.3128596,OK
5087872,VIBRATION,-0.5213893,OK
5089122,VIBRATION,-0.4056699,OK
5090000,PRESSURE,101.1154,OK
5090000,TEMPERATURE,22.67873,OK
5090372,VIBRATION,-0.5369772,OK
5091622,VIBRATION,-0.7735715,OK
5092872,VIBRATION,-0.6430708,OK
5094122,VIBRATION,-0.329944,OK
5095372,VIBRATION,-0.4403659,OK
5096622,VIBRATION,-0.5060894,OK
5097872,VIBRATION,-0.6463165,OK
5099122,VIBRATION,-0.9509974,OK
5100000,PRESSURE,101.1693,OK
5100000,TEMPERATURE,22.71042,OK
5100372,VIBRATION,-1.166464,OK
5101622,VIBRATION,-1.182001,OK
5102872,VIBRATION,-0.9284618,OK
5104122,VIBRATION,-0.9828769,OK
5105372,VIBRATION,-0.5829907,OK
5106622,VIBRATION,-0.4321658,OK
5107872,VIBRATION,-0.3364265,OK
5109122,VIBRATION,0.1264294,OK
5110000,PRESSURE,101.2421,OK
5110000,TEMPERATURE,22.76179,OK
5110372,VIBRATION,0.01840094,OK
5111622,VIBRATION,0.08589457,OK
5112872,VIBRATION,-0.1356099,OK
5114122,VIBRATION,0.07626501,OK
5115372,VIBRATION,0.09827754,OK
5116622,VIBRATION,0.2375504,OK
5117872,VIBRATION,0.1899313,OK
5119122,VIBRATION,0.4134422,OK
5120000,PRESSURE,101.259,OK
5120000,TEMPERATURE,22.70504,OK
5120372,VIBRATION,0.4625304,OK
5121622,VIBRATION,-0.04714632,OK
5122872,VIBRATION,-0.3150861,OK
5124122,VIBRATION,-0.5876146,OK
5125372,VIBRATION,-0.3354415,OK
5126622,VIBRATION,0.02552563,OK
5127872,VIBRATION,0.1628116,OK
5129122,VIBRATION,0.229503,OK
5130000,PRESSURE,101.3483,OK
5130000,TEMPERATURE,22.77285,OK
5130372,VIBRATION,-0.142806,OK
5131622,VIBRATION,-0.3418038,OK
5132872,VIBRATION,-0.2002428,OK
5134122,VIBRATION,0.4383958,OK
5135372,VIBRATION,0.8401078,OK
5136622,VIBRATION,1.380213,OK
5137879,VIBRATION,0.9723062,OK
5139122,VIBRATION,1.21331,OK
5140000,PRESSURE,101.323,OK
5140000,TEMPERATURE,22.75804,OK
5140372,VIBRATION,1.166302,OK
5141622,VIBRATION,1.109177,OK
5142872,VIBRATION,1.174285,OK
5144122,VIBRATION,1.299758,OK
5145372,VIBRATION,1.25237,OK
5146622,VIBRATION,1.266086,OK
5147872,VIBRATION,1.317262,OK
5149122,VIBRATION,1.205447,OK
5150000,PRESSURE,101.3207,OK
5150000,TEMPERATURE,22.83734,OK
5150372,VIBRATION,1.161619,OK
5151622,VIBRATION,1.280554,OK
5152872,VIBRATION,1.167029,OK
5154122,VIBRATION,0.8453178,OK
5155372,VIBRATION,0.5452827,OK
5156622,VIBRATION,0.9999256,OK
5157872,VIBRATION,0.9833243,OK
5159122,VIBRATION,0.3385799,OK
5160000,PRESSURE,101.3746,OK
5160000,TEMPERATURE,22.75252,OK
5160372,VIBRATION,0.406331,OK
5161622,VIBRATION,0.7037651,OK
5162872,VIBRATION,0.8783971,OK
5164122,VIBRATION,0.7057165,OK
5165372,VIBRATION,0.2446976,OK
5166622,VIBRATION,0.6568412,OK
5167872,VIBRATION,0.7590847,OK
5169122,VIBRATION,1.092779,OK
5170000,PRESSURE,101.3118,OK
5170000,TEMPERATURE,22.7672,OK
5170372,VIBRATION,0.7505699,OK
5171622,VIBRATION,0.6243569,OK
5172872,VIBRATION,0.4805058,OK
5174122,VIBRATION,0.7286585,OK
5175372,VIBRATION,1.095345,OK
5176622,VIBRATION,1.172162,OK
5177872,VIBRATION,0.9678413,OK
5179122,VIBRATION,1.173032,OK
5180000,PRESSURE,101.2856,OK
5180000,TEMPERATURE,22.78301,OK
5180372,VIBRATION,1.170781,OK
5181622,VIBRATION,0.8497427,OK
5182872,VIBRATION,0.7998693,OK
5184122,VIBRATION,0.01208721,OK
5185372,VIBRATION,0.4698457,OK
5186622,VIBRATION,0.3412049,OK
5187872,VIBRATION,-0.2822665,OK
5189122,VIBRATION,-0.7516334,OK
5190000,PRESSURE,101.2435,OK
5190000,TEMPERATURE,22.77261,OK
5190372,VIBRATION,-0.9745,OK
5191622,VIBRATION,-0.6507265,OK
5192872,VIBRATION,-0.3120576,OK
5194122,VIBRATION,0.06224999,OK
5195372,VIBRATION,-0.03498632,OK
5196622,VIBRATION,0.1300971,OK
5197872,VIBRATION,-0.3528397,OK
5199122,VIBRATION,0.1902649,OK
5200000,PRESSURE,101.3014,OK
5200000,TEMPERATURE,22.75012,OK
5200372,VIBRATION,0.07638633,OK
5201622,VIBRATION,-0.09223524,OK
5202872,VIBRATION,-0.08058042,OK
5204122,VIBRATION,0.03910317,OK
5205372,VIBRATION,-0.09387689,OK
5206622,VIBRATION,0.1287283,OK
5207872,VIBRATION,0.1972591,OK
5209122,VIBRATION,0.3684251,OK
5210000,PRESSURE,101.299,OK
5210000,TEMPERATURE,22.73468,OK
5210372,VIBRATION,0.2964895,OK
5211622,VIBRATION,0.5109875,OK
5212872,VIBRATION,0.2009917,OK
5214122,VIBRATION,0.2758829,OK
5215372,VIBRATION,0.1547693,OK
5216627,VIBRATION,-0.02920668,OK
5217872,VIBRATION,0.08243328,OK
5219122,VIBRATION,-0.5861742,OK
5220000,PRESSURE,101.3275,OK
5220000,TEMPERATURE,22.72823,OK
5220372,VIBRATION,-0.6452769,OK
5221623,VIBRATION,-0.8114337,OK
5222872,VIBRATION,-1.197007,OK
5224122,VIBRATION,-1.241632,OK
5225374,VIBRATION,-1.376504,OK
5226622,VIBRATION,-1.162589,OK
5227872,VIBRATION,-0.9858382,OK
5229122,VIBRATION,-0.8315847,OK
5230000,PRESSURE,101.2811,OK
5230000,TEMPERATURE,22.81678,OK
5230372,VIBRATION,-0.7977783,OK
5231622,VIBRATION,-0.8409919,OK
5233076,VIBRATION,-0.7677475,OK
5234122,VIBRATION,-0.7680887,OK
5235372,VIBRATION,-1.166812,OK
5236622,VIBRATION,-1.000832,OK
5237872,VIBRATION,-0.7452062,OK
5239122,VIBRATION,-0.9131666,OK
5240000,PRESSURE,101.2626,OK
5240000,TEMPERATURE,22.88244,OK
5240372,VIBRATION,-1.058397,OK
5241622,VIBRATION,-0.5789433,OK
5242872,VIBRATION,-0.8276722,OK
5244122,VIBRATION,-0.5291694,OK
5245372,VIBRATION,-0.4899307,OK
5246622,VIBRATION,-0.4549973,OK
5247872,VIBRATION,-0.6353284,OK
5249122,VIBRATION,-0.5908333,OK
5250000,PRESSURE,101.3226,OK
5250000,TEMPERATURE,22.81354,OK
5250372,VIBRATION,-0.6723158,OK
5251622,VIBRATION,-0.3738699,OK
5252872,VIBRATION,-0.1388498,OK
5254152,VIBRATION,-0.2851238,OK
5255372,VIBRATION,-0.2163159,OK
5256622,VIBRATION,0.09089761,OK
5257872,VIBRATION,0.2772003,OK
5259122,VIBRATION,0.05336352,OK
5260000,PRESSURE,101.3755,OK
5260000,TEMPERATURE,22.88749,OK
5260372,VIBRATION,-0.2693278,OK
5261622,VIBRATION,-0.1155086,OK
5262872,VIBRATION,-0.2170981,OK
5264122,VIBRATION,-0.3786142,OK
5265372,VIBRATION,-0.7969749,OK
5266623,VIBRATION,-0.7892472,OK
5267872,VIBRATION,-0.7647759,OK
5269122,VIBRATION,-0.5082858,OK
5270071,PRESSURE,101.3703,OK
5270071,TEMPERATURE,22.66547,OK
5270372,VIBRATION,-1.433021,OK
5271622,VIBRATION,-1.115437,OK
5272872,VIBRATION,-1.742314,OK
5274122,VIBRATION,-2.200458,OK
5275372,VIBRATION,-2.263903,OK
5276622,VIBRATION,-1.88934,OK
5277872,VIBRATION,-2.248814,OK
5279122,VIBRATION,-1.947607,OK
5280000,PRESSURE,101.4334,OK
5280000,TEMPERATURE,22.74568,OK
5280372,VIBRATION,-2.370517,OK
5281622,VIBRATION,-2.721513,OK
5282917,VIBRATION,-2.130307,OK
5284122,VIBRATION,-2.281656,OK
5285372,VIBRATION,-2.104893,OK
5286622,VIBRATION,-1.914494,OK
5287872,VIBRATION,-2.144161,OK
5289122,VIBRATION,-1.597462,OK
5290000,PRESSURE,101.4277,OK
5290000,TEMPERATURE,22.5857,OK
5290372,VIBRATION,-1.162535,OK
5291622,VIBRATION,-1.570121,OK
5292872,VIBRATION,-1.896409,OK
5294122,VIBRATION,-1.806833,OK
5295372,VIBRATION,-1.807772,OK
5296622,VIBRATION,-1.642054,OK
5297878,VIBRATION,-1.882207,OK
5299122,VIBRATION,-1.97946,OK
5300000,PRESSURE,101.399,OK
5300000,TEMPERATURE,22.51797,OK
5300372,VIBRATION,-1.57611,OK
5301622,VIBRATION,-1.519431,OK
5302872,VIBRATION,-1.372857,OK
5304122,VIBRATION,-1.478352,OK
5305372,VIBRATION,-1.499536,OK
5306622,VIBRATION,-1.046888,OK
5307872,VIBRATION,-1.418807,OK
5309122,VIBRATION,-1.048416,OK
5310000,PRESSURE,101.4715,OK
5310000,TEMPERATURE,22.38093,OK
5310372,VIBRATION,-0.7579441,OK
5311635,VIBRATION,-0.9623127,OK
5312872,VIBRATION,-1.079,OK
5314122,VIBRATION,-1.1793,OK
5315372,VIBRATION,-0.8405066,OK
5316622,VIBRATION,-0.9799831,OK
5317872,VIBRATION,-0.4294432,OK
5319122,VIBRATION,-0.9029176,OK
5320000,PRESSURE,101.4961,OK
5320000,TEMPERATURE,22.39724,OK
5320372,VIBRATION,-0.6788813,OK
5321622,VIBRATION,-0.5514352,OK
5322872,VIBRATION,-0.9522054,OK
5324122,VIBRATION,-1.126256,OK
5325372,VIBRATION,-0.7291466,OK
5326622,VIBRATION,-1.074139,OK
5327872,VIBRATION,-0.9172381,OK
5329122,VIBRATION,-1.005934,OK
5330000,PRESSURE,101.4758,OK
5330000,TEMPERATURE,22.32506,OK
5330372,VIBRATION,-0.9317285,OK
5331622,VIBRATION,-1.277296,OK
5332872,VIBRATION,-1.549819,OK
5334122,VIBRATION,-1.404004,OK
5335372,VIBRATION,-1.204838,OK
5336622,VIBRATION,-0.8886424,OK
5337872,VIBRATION,-1.496651,OK
5339122,VIBRATION,-1.140687,OK
5340000,PRESSURE,101.4904,OK
5340000,TEMPERATURE,22.36392,OK
5340372,VIBRATION,-1.176617,OK
5341622,VIBRATION,-0.4757515,OK
5342872,VIBRATION,-0.140004,OK
5344122,VIBRATION,0.4657774,OK
5345372,VIBRATION,0.5952984,OK
5346622,VIBRATION,0.9918399,OK
5347872,VIBRATION,0.9112629,OK
5349122,VIBRATION,0.7262626,OK
5350000,PRESSURE,101.5437,OK
5350000,TEMPERATURE,22.43603,OK
5350372,VIBRATION,0.9294487,OK
5351622,VIBRATION,0.773032,OK
5352872,VIBRATION,0.2339704,OK
5354122,VIBRATION,0.6273729,OK
5355372,VIBRATION,0.5174812,OK
5356622,VIBRATION,0.8582947,OK
5357872,VIBRATION,1.054428,OK
5359122,VIBRATION,1.052784,OK
5360000,PRESSURE,101.5208,OK
5360000,TEMPERATURE,22.5015,OK
5360372,VIBRATION,1.284032,OK
5361622,VIBRATION,1.241693,OK
5362872,VIBRATION,0.8116246,OK
5364122,VIBRATION,0.5841077,OK
5365372,VIBRATION,0.140408,OK
5366622,VIBRATION,-0.1511276,OK
5367872,VIBRATION,-0.2399029,OK
5369122,VIBRATION,-0.4186097,OK
5370000,PRESSURE,101.463,OK
5370000,TEMPERATURE,22.41566,OK
5370372,VIBRATION,-0.1270876,OK
5371622,VIBRATION,-0.3945498,OK
5372872,VIBRATION,-0.5203051,OK
5374122,VIBRATION,-0.511011,OK
5375372,VIBRATION,-1.063442,OK
5376622,VIBRATION,-0.8564131,OK
5377872,VIBRATION,-1.077897,OK
5379122,VIBRATION,-0.2821976,OK
5380000,PRESSURE,101.3681,OK
5380000,TEMPERATURE,22.32279,OK
5380372,VIBRATION,0.0853621,OK
5381622,VIBRATION,0.3796512,OK
5382872,VIBRATION,0.1710254,OK
5384122,VIBRATION,0.3631117,OK
5385372,VIBRATION,0.6515997,OK
5386622,VIBRATION,0.1917855,OK
5387872,VIBRATION,0.7291857,OK
5389122,VIBRATION,0.601633,OK
5390000,PRESSURE,101.3551,OK
5390000,TEMPERATURE,22.42458,OK
5390372,VIBRATION,0.4546938,OK
5391622,VIBRATION,0.5809312,OK
5392872,VIBRATION,0.7947473,OK
5394122,VIBRATION,0.7833111,OK
5395372,VIBRATION,0.3506947,OK
5396622,VIBRATION,0.3756264,OK
5397872,VIBRATION,-0.3901601,OK
5399122,VIBRATION,-0.3356871,OK
5400000,PRESSURE,101.3454,OK
5400000,TEMPERATURE,22.58512,OK
5400372,VIBRATION,-0.0939958,OK
5401622,VIBRATION,-0.4098798,OK
5402872,VIBRATION,-0.3608767,OK
5404122,VIBRATION,-0.3272657,OK
5405372,VIBRATION,-0.439995,OK
5406622,VIBRATION,-0.3921579,OK
5407872,VIBRATION,-0.5919135,OK
5409122,VIBRATION,-0.2956643,OK
5410000,PRESSURE,101.2987,OK
5410000,TEMPERATURE,22.64369,OK
5410372,VIBRATION,-0.5744995,OK
5411622,VIBRATION,-0.3117314,OK
5412872,VIBRATION,-0.006027971,OK
5414122,VIBRATION,0.07901731,OK
5415372,VIBRATION,0.2775614,OK
5416622,VIBRATION,0.4423555,OK
5417872,VIBRATION,0.3753099,OK
5419122,VIBRATION,0.2123724,OK
5420000,PRESSURE,101.264,OK
5420000,TEMPERATURE,22.62475,OK
5420372,VIBRATION,0.6150533,OK
5421622,VIBRATION,0.2922631,OK
5422872,VIBRATION,0.1628608,OK
5424122,VIBRATION,0.2960057,OK
5425372,VIBRATION,0.5156545,OK
5426622,VIBRATION,0.4739765,OK
5427872,VIBRATION,0.6286874,OK
5429122,VIBRATION,0.5558824,OK
5430000,PRESSURE,101.2504,OK
5430000,TEMPERATURE,22.61631,OK
5430372,VIBRATION,0.9082617,OK
5431622,VIBRATION,0.5926025,OK
5432872,VIBRATION,0.6727872,OK
5434122,VIBRATION,0.7355836,OK
5435372,VIBRATION,0.8788753,OK
5436623,VIBRATION,0.3809067,OK
5437872,VIBRATION,0.2405275,OK
5439122,VIBRATION,0.2247967,OK
5440000,PRESSURE,101.1684,OK
5440000,TEMPERATURE,22.66134,OK
5440372,VIBRATION,0.3718266,OK
5441622,VIBRATION,-0.1242091,OK
5442872,VIBRATION,-0.3383259,OK
5444122,VIBRATION,-1.183508,OK
5445372,VIBRATION,-0.5917297,OK
5446622,VIBRATION,-0.3704869,OK
5447872,VIBRATION,-0.357857,OK
5449122,VIBRATION,-0.0265848,OK
5450000,PRESSURE,101.2534,OK
5450000,TEMPERATURE,22.62508,OK
5450372,VIBRATION,0.00756066,OK
5451622,VIBRATION,0.3474483,OK
5452872,VIBRATION,0.7642291,OK
5454122,VIBRATION,0.677595,OK
5455372,VIBRATION,0.824503,OK
5456622,VIBRATION,1.031221,OK
5457872,VIBRATION,1.374119,OK
5459122,VIBRATION,1.397026,OK
5460000,PRESSURE,101.1661,OK
5460000,TEMPERATURE,22.41585,OK
5460372,VIBRATION,1.487765,OK
5461627,VIBRATION,1.610857,OK
5462872,VIBRATION,1.53791,OK
5464122,VIBRATION,1.72571,OK
5465372,VIBRATION,1.648936,OK
5466774,VIBRATION,1.374273,OK
5467872,VIBRATION,1.604744,OK
5469122,VIBRATION,1.287692,OK
5470000,PRESSURE,101.1748,OK
5470000,TEMPERATURE,22.51828,OK
5470372,VIBRATION,1.411607,OK
5471622,VIBRATION,1.617348,OK
5472872,VIBRATION,1.161576,OK
5474122,VIBRATION,1.344032,OK
5475372,VIBRATION,0.8667011,OK
5476622,VIBRATION,1.071412,OK
5477872,VIBRATION,0.6167295,OK
5479122,VIBRATION,0.3220781,OK
5480000,PRESSURE,101.169,OK
5480000,TEMPERATURE,22.5225,OK
5480372,VIBRATION,-0.1427804,OK
5481622,VIBRATION,0.3193537,OK
5482872,VIBRATION,0.3633317,OK
5484122,VIBRATION,0.3852586,OK
5485372,VIBRATION,0.1685248,OK
5486622,VIBRATION,0.1255692,OK
5487872,VIBRATION,0.4826539,OK
5489122,VIBRATION,0.6202842,OK
5490000,PRESSURE,101.145,OK
5490000,TEMPERATURE,22.61122,OK
5490372,VIBRATION,0.9869985,OK
5491622,VIBRATION,0.9609174,OK
5492872,VIBRATION,1.194751,OK
5494122,VIBRATION,0.9680403,OK
5495372,VIBRATION,1.250408,OK
5496622,VIBRATION,1.543513,OK
5497872,VIBRATION,0.6280218,OK
5499122,VIBRATION,0.391818,OK
5500000,PRESSURE,101.1691,OK
5500000,TEMPERATURE,22.54716,OK
5500372,VIBRATION,0.6702627,OK
5501624,VIBRATION,0.5534949,OK
5502872,VIBRATION,0.2411357,OK
5504122,VIBRATION,0.2578519,OK
5505372,VIBRATION,-0.1315524,OK
5506622,VIBRATION,-0.5314541,OK
5507872,VIBRATION,-0.5615384,OK
5509122,VIBRATION,-0.2888003,OK
5510000,PRESSURE,101.1541,OK
5510000,TEMPERATURE,22.46373,OK
5510372,VIBRATION,-0.5263323,OK
5511622,VIBRATION,-0.3786578,OK
5512872,VIBRATION,-0.9454525,OK
5514122,VIBRATION,-0.7272868,OK
5515372,VIBRATION,-1.087062,OK
5516622,VIBRATION,-1.074502,OK
5517872,VIBRATION,-1.106546,OK
5519122,VIBRATION,-1.027649,OK
5520000,PRESSURE,101.1614,OK
5520000,TEMPERATURE,22.32424,OK
5520372,VIBRATION,-1.042704,OK
5521622,VIBRATION,-1.520106,OK
5522872,VIBRATION,-1.096296,OK
5524122,VIBRATION,-0.7019112,OK
5525372,VIBRATION,-0.5986469,OK
5526622,VIBRATION,-0.5446508,OK
5527872,VIBRATION,-0.6565319,OK
5529122,VIBRATION,-0.1969202,OK
5530000,PRESSURE,101.1885,OK
5530000,TEMPERATURE,22.26956,OK
5530372,VIBRATION,-0.4156008,OK
5531622,VIBRATION,-1.350017,OK
5532872,VIBRATION,-1.369402,OK
5534122,VIBRATION,-1.276401,OK
5535399,VIBRATION,-1.261214,OK
5536622,VIBRATION,-0.7401431,OK
5537872,VIBRATION,-0.5741011,OK
5539122,VIBRATION,-0.7467739,OK
5540000,PRESSURE,101.0697,OK
5540000,TEMPERATURE,22.3025,OK
5540372,VIBRATION,-0.3456706,OK
5541622,VIBRATION,-0.6727802,OK
5542872,VIBRATION,-0.7882683,OK
5544122,VIBRATION,-0.6347424,OK
5545372,VIBRATION,-0.4503224,OK
5546622,VIBRATION,-0.1545317,OK
5547872,VIBRATION,-0.1582159,OK
5549122,VIBRATION,0.5127404,OK
5550000,PRESSURE,101.0989,OK
5550000,TEMPERATURE,22.11477,OK
5550372,VIBRATION,0.7839966,OK
5551622,VIBRATION,1.223622,OK
5552872,VIBRATION,1.379968,OK
5554122,VIBRATION,1.659142,OK
5555372,VIBRATION,1.613394,OK
5556622,VIBRATION,1.954863,OK
5557872,VIBRATION,1.801324,OK
5559122,VIBRATION,1.743756,OK
5560000,PRESSURE,101.1702,OK
5560000,TEMPERATURE,21.97212,OK
5560372,VIBRATION,1.896146,OK
5561622,VIBRATION,1.415571,OK
5562872,VIBRATION,0.9465629,OK
5564122,VIBRATION,1.57293,OK
5565372,VIBRATION,1.600138,OK
5566622,VIBRATION,1.23517,OK
5567872,VIBRATION,0.9135886,OK
5569122,VIBRATION,0.6544787,OK
5570000,PRESSURE,101.2316,OK
5570000,TEMPERATURE,22.06794,OK
5570372,VIBRATION,1.078665,OK
5571622,VIBRATION,0.9878954,OK
5572872,VIBRATION,1.108668,OK
5574122,VIBRATION,1.35323,OK
5575372,VIBRATION,1.417468,OK
5576622,VIBRATION,1.482665,OK
5577872,VIBRATION,1.242645,OK
5579122,VIBRATION,1.104154,OK
5580000,PRESSURE,101.2611,OK
5580000,TEMPERATURE,22.0214,OK
5580372,VIBRATION,1.34781,OK
5581622,VIBRATION,1.480334,OK
5582872,VIBRATION,1.726836,OK
5584122,VIBRATION,1.443773,OK
5585372,VIBRATION,1.884464,OK
5586622,VIBRATION,1.587378,OK
5587872,VIBRATION,1.896741,OK
5589122,VIBRATION,1.793715,OK
5590000,PRESSURE,101.2894,OK
5590000,TEMPERATURE,21.86555,OK
5590372,VIBRATION,1.387686,OK
5591622,VIBRATION,1.518415,OK
5592872,VIBRATION,1.842968,OK
5594122,VIBRATION,1.369262,OK
5595372,VIBRATION,1.019755,OK
5596622,VIBRATION,1.515965,OK
5597872,VIBRATION,1.471574,OK
5599122,VIBRATION,1.215326,OK
5600000,PRESSURE,101.2874,OK
5600000,TEMPERATURE,21.7294,OK
5600372,VIBRATION,1.18678,OK
5601622,VIBRATION,1.265687,OK
5602872,VIBRATION,1.141308,OK
5604122,VIBRATION,1.753938,OK
5605372,VIBRATION,1.934893,OK
5606622,VIBRATION,1.930547,OK
5607872,VIBRATION,1.729083,OK
5609122,VIBRATION,1.700258,OK
5610000,PRESSURE,101.3038,OK
5610000,TEMPERATURE,21.92044,OK
5610372,VIBRATION,1.504724,OK
5611622,VIBRATION,1.19169,OK
5612872,VIBRATION,0.9405303,OK
5614122,VIBRATION,0.947587,OK
5615372,VIBRATION,0.7313762,OK
5616622,VIBRATION,0.3407421,OK
5617872,VIBRATION,-0.06501434,OK
5619122,VIBRATION,-0.1471047,OK
5620000,PRESSURE,101.3019,OK
5620000,TEMPERATURE,21.90784,OK
5620372,VIBRATION,-0.3186828,OK
5621622,VIBRATION,-0.229359,OK
5622872,VIBRATION,0.08631056,OK
5624122,VIBRATION,-0.121223,OK
5625372,VIBRATION,-0.426307,OK
5626622,VIBRATION,-0.8046639,OK
5627872,VIBRATION,-0.6726907,OK
5629122,VIBRATION,-1.134558,OK
5630000,PRESSURE,101.252,OK
5630000,TEMPERATURE,21.93928,OK
5630372,VIBRATION,-0.895095,OK
5631622,VIBRATION,-1.083794,OK
5632872,VIBRATION,-1.070521,OK
5634122,VIBRATION,-1.104134,OK
5635373,VIBRATION,-1.240829,OK
5636622,VIBRATION,-1.252962,OK
5637872,VIBRATION,-0.6358446,OK
5639122,VIBRATION,-0.636392,OK
5640000,PRESSURE,0,COMM_ERROR
5640000,TEMPERATURE,21.87881,OK
5640372,VIBRATION,-0.4695556,OK
5641622,VIBRATION,-0.1501273,OK
5642872,VIBRATION,-0.08745822,OK
5644122,VIBRATION,0.3987444,OK
5645372,VIBRATION,0.2728687,OK
5646622,VIBRATION,0.2372636,OK
5647872,VIBRATION,0.9461394,OK
5649122,VIBRATION,1.121802,OK
5650000,PRESSURE,101.2339,OK
5650000,TEMPERATURE,22.03476,OK
5650372,VIBRATION,1.084186,OK
5651622,VIBRATION,1.136958,OK
5652872,VIBRATION,1.000958,OK
5654122,VIBRATION,1.365734,OK
5655372,VIBRATION,0.8603922,OK
5656622,VIBRATION,0.6739101,OK
5657872,VIBRATION,0.8719535,OK
5659122,VIBRATION,0.7629743,OK
5660000,PRESSURE,101.2016,OK
5660000,TEMPERATURE,22.11489,OK
5660372,VIBRATION,0.7848127,OK
5661622,VIBRATION,0.7062001,OK
5662872,VIBRATION,0.78106,OK
5664122,VIBRATION,0.7126146,OK
5665372,VIBRATION,0.6003696,OK
5666622,VIBRATION,0.505986,OK
5667872,VIBRATION,-0.03441393,OK
5669122,VIBRATION,-0.3845756,OK
5670000,PRESSURE,101.1719,OK
5670000,TEMPERATURE,22.04187,OK
5670377,VIBRATION,0.143889,OK
5671622,VIBRATION,-0.286442,OK
5672872,VIBRATION,-0.1323271,OK
5674122,VIBRATION,-0.00155839,OK
5675372,VIBRATION,0.2018302,OK
5676622,VIBRATION,0.07711555,OK
5677892,VIBRATION,-0.2193824,OK
5679122,VIBRATION,-0.6290531,OK
5680000,PRESSURE,101.1864,OK
5680000,TEMPERATURE,22.11677,OK
5680372,VIBRATION,0.6820387,OK
5681625,VIBRATION,0.755814,OK
5682872,VIBRATION,0.71099,OK
5684122,VIBRATION,0.5484068,OK
5685372,VIBRATION,0.3867675,OK
5686622,VIBRATION,-0.1780257,OK
5687872,VIBRATION,-0.2279855,OK
5689122,VIBRATION,-0.1710451,OK
5690000,PRESSURE,101.1857,OK
5690000,TEMPERATURE,22.07412,OK
5690372,VIBRATION,0.2369514,OK
5691622,VIBRATION,0.667071,OK
5692872,VIBRATION,0.3357489,OK
5694122,VIBRATION,-0.00793287,OK
5695372,VIBRATION,0.5161581,OK
5696622,VIBRATION,1.048378,OK
5697872,VIBRATION,0.7685833,OK
5699122,VIBRATION,0.5618494,OK
5700000,PRESSURE,101.1528,OK
5700000,TEMPERATURE,22.09397,OK
5700372,VIBRATION,0.9494577,OK
5701622,VIBRATION,0.7148988,OK
5702920,VIBRATION,0.3852302,OK
5704122,VIBRATION,0.3907183,OK
5705372,VIBRATION,0.2861262,OK
5706622,VIBRATION,0.898281,OK
5707872,VIBRATION,0.4381017,OK
5709122,VIBRATION,0.03514396,OK
5710000,PRESSURE,101.2366,OK
5710000,TEMPERATURE,22.20466,OK
5710372,VIBRATION,0.3108451,OK
5711622,VIBRATION,0.1463809,OK
5712872,VIBRATION,-0.7088746,OK
5714122,VIBRATION,-0.279833,OK
5715372,VIBRATION,-0.756738,OK
5716622,VIBRATION,-1.201593,OK
5717872,VIBRATION,-1.326526,OK
5719644,VIBRATION,-1.442235,OK
5720000,PRESSURE,101.3034,OK
5720000,TEMPERATURE,22.1745,OK
5720372,VIBRATION,-1.304587,OK
5721622,VIBRATION,-1.045992,OK
5722872,VIBRATION,-0.8568933,OK
5724122,VIBRATION,-0.9979713,OK
5725372,VIBRATION,-1.224987,OK
5726622,VIBRATION,-0.5737469,OK
5727872,VIBRATION,-0.6856995,OK
5729122,VIBRATION,-0.7051214,OK
5730000,PRESSURE,101.2949,OK
5730000,TEMPERATURE,22.14323,OK
5730372,VIBRATION,-0.4765283,OK
5731622,VIBRATION,-0.8045446,OK
5732872,VIBRATION,-0.7380906,OK
5734122,VIBRATION,-0.8456652,OK
5735372,VIBRATION,-0.7563688,OK
5736622,VIBRATION,-0.555324,OK
5737878,VIBRATION,-0.7692553,OK
5739122,VIBRATION,-0.8904504,OK
5740000,PRESSURE,101.2907,OK
5740000,TEMPERATURE,22.07411,OK
5740372,VIBRATION,-0.7945562,OK
5741622,VIBRATION,-0.6175681,OK
5742872,VIBRATION,-0.3550997,OK
5744132,VIBRATION,-0.9079441,OK
5745372,VIBRATION,-0.786371,OK
5746622,VIBRATION,-0.6903137,OK
5747872,VIBRATION,-0.1663304,OK
5749122,VIBRATION,-0.5075397,OK
5750000,PRESSURE,101.2136,OK
5750000,TEMPERATURE,21.92025,OK
5750372,VIBRATION,-0.7438185,OK
5751622,VIBRATION,-0.9442928,OK
5752872,VIBRATION,-1.430644,OK
5754132,VIBRATION,-0.9752647,OK
5755372,VIBRATION,-0.6445105,OK
5756622,VIBRATION,-0.2201832,OK
5757872,VIBRATION,0.07892621,OK
5759122,VIBRATION,0.01033959,OK
5760000,PRESSURE,101.2402,OK
5760000,TEMPERATURE,22.0423,OK
5760372,VIBRATION,-0.02623329,OK
5761622,VIBRATION,-0.07744571,OK
5762872,VIBRATION,0.4765538,OK
5764122,VIBRATION,0.8484211,OK
5765372,VIBRATION,0.4254236,OK
5766622,VIBRATION,0.4564967,OK
5767872,VIBRATION,1.083398,OK
5769122,VIBRATION,0.974821,OK
5770006,PRESSURE,101.1739,OK
5770006,TEMPERATURE,22.20621,OK
5770373,VIBRATION,1.21671,OK
5771622,VIBRATION,1.102906,OK
5772872,VIBRATION,0.7123548,OK
5774122,VIBRATION,0.7780195,OK
5775372,VIBRATION,0.7993766,OK
5776622,VIBRATION,0.7990228,OK
5777872,VIBRATION,0.4142799,OK
5779122,VIBRATION,0.6244484,OK
5780000,PRESSURE,101.2189,OK
5780000,TEMPERATURE,22.01398,OK
5780372,VIBRATION,0.500448,OK
5781622,VIBRATION,0.2764886,OK
5782872,VIBRATION,0.108297,OK
5784122,VIBRATION,0.05362482,OK
5785372,VIBRATION,0.1117473,OK
5786622,VIBRATION,0.309944,OK
5787872,VIBRATION,0.6820042,OK
5789122,VIBRATION,0.2970467,OK
5790000,PRESSURE,101.1905,OK
5790000,TEMPERATURE,22.01328,OK
5790372,VIBRATION,0.3742437,OK
5791622,VIBRATION,-0.04022997,OK
5792872,VIBRATION,-0.2944946,OK
5794122,VIBRATION,-0.3835508,OK
5795372,VIBRATION,-0.527299,OK
5796622,VIBRATION,-0.5994828,OK
5797872,VIBRATION,-0.6444232,OK
5799122,VIBRATION,-0.3164048,OK
5800000,PRESSURE,101.2085,OK
5800000,TEMPERATURE,22.03329,OK
5800372,VIBRATION,0.1254098,OK
5801622,VIBRATION,0.949275,OK
5802872,VIBRATION,0.6271473,OK
5804122,VIBRATION,0.4530662,OK
5805372,VIBRATION,-0.1365568,OK
5806622,VIBRATION,0.1906198,OK
5807872,VIBRATION,0.5241997,OK
5809122,VIBRATION,0.2824964,OK
5810000,PRESSURE,101.1821,OK
5810000,TEMPERATURE,22.27006,OK
5810372,VIBRATION,0.4558787,OK
5811622,VIBRATION,0.7749784,OK
5812872,VIBRATION,0.493443,OK
5814122,VIBRATION,0.4859361,OK
5815372,VIBRATION,0.8546251,OK
5816622,VIBRATION,0.5815753,OK
5817872,VIBRATION,0.8269249,OK
5819122,VIBRATION,0.6386036,OK
5820000,PRESSURE,101.1058,OK
5820000,TEMPERATURE,22.22786,OK
5820372,VIBRATION,1.022011,OK
5821622,VIBRATION,1.277352,OK
5822872,VIBRATION,0.9345722,OK
5824122,VIBRATION,1.067465,OK
5825372,VIBRATION,0.9171664,OK
5826622,VIBRATION,1.069446,OK
5827872,VIBRATION,1.010416,OK
5829122,VIBRATION,1.162119,OK
5830000,PRESSURE,101.1938,OK
5830000,TEMPERATURE,22.13952,OK
5830372,VIBRATION,1.073928,OK
5831622,VIBRATION,1.33778,OK
5832872,VIBRATION,0.6382537,OK
5834122,VIBRATION,0.921428,OK
5835446,VIBRATION,1.230476,OK
5836758,VIBRATION,1.207168,OK
5837872,VIBRATION,1.666073,OK
5839122,VIBRATION,1.182907,OK
5840000,PRESSURE,101.1599,OK
5840000,TEMPERATURE,22.09213,OK
5840372,VIBRATION,0.7246488,OK
5841622,VIBRATION,0.3261314,OK
5842873,VIBRATION,0.5719141,OK
5844122,VIBRATION,0.6123934,OK
5845372,VIBRATION,0.3026984,OK
5846622,VIBRATION,0.1540144,OK
5847872,VIBRATION,-0.04404073,OK
5849122,VIBRATION,-0.2671554,OK
5850000,PRESSURE,101.2376,OK
5850000,TEMPERATURE,22.18935,OK
5850372,VIBRATION,-0.2518957,OK
5851622,VIBRATION,0.3698246,OK
5852872,VIBRATION,0.008870211,OK
5854122,VIBRATION,0.1465356,OK
5855372,VIBRATION,0.2767754,OK
5856622,VIBRATION,0.3343036,OK
5857872,VIBRATION,0.5538748,OK
5859122,VIBRATION,0.6349056,OK
5860000,PRESSURE,101.1795,OK
5860000,TEMPERATURE,22.26213,OK
5860372,VIBRATION,0.2761165,OK
5861622,VIBRATION,0.1782309,OK
5862872,VIBRATION,0.2486535,OK
5864122,VIBRATION,-0.3721194,OK
5865372,VIBRATION,-0.488418,OK
5866622,VIBRATION,-0.2384522,OK
5867872,VIBRATION,-0.2400784,OK
5869122,VIBRATION,-0.6146951,OK
5870000,PRESSURE,101.1946,OK
5870000,TEMPERATURE,22.22546,OK
5870372,VIBRATION,-1.038044,OK
5871622,VIBRATION,-1.214139,OK
5872872,VIBRATION,-0.8547601,OK
5874122,VIBRATION,-1.246086,OK
5875372,VIBRATION,-1.214801,OK
5876622,VIBRATION,-1.557027,OK
5877872,VIBRATION,-1.492265,OK
5879122,VIBRATION,-1.626354,OK
5880000,PRESSURE,101.2412,OK
5880000,TEMPERATURE,22.13185,OK
5880372,VIBRATION,-1.366827,OK
5881622,VIBRATION,-1.044873,OK
5882872,VIBRATION,-1.505677,OK
5884122,VIBRATION,-1.570193,OK
5885372,VIBRATION,-1.090513,OK
5886622,VIBRATION,-1.442567,OK
5887872,VIBRATION,-1.722616,OK
5889122,VIBRATION,-2.036068,OK
5890000,PRESSURE,101.3014,OK
5890000,TEMPERATURE,21.98508,OK
5890372,VIBRATION,-1.860682,OK
5891622,VIBRATION,-1.780247,OK
5892872,VIBRATION,-1.841522,OK
5894122,VIBRATION,-1.047651,OK
5895372,VIBRATION,-1.014142,OK
5896622,VIBRATION,-1.333769,OK
5897872,VIBRATION,-1.466051,OK
5899122,VIBRATION,-1.186891,OK
5900000,PRESSURE,101.2293,OK
5900000,TEMPERATURE,21.86904,OK
5900372,VIBRATION,-0.9774278,OK
5901622,VIBRATION,-0.9622927,OK
5902872,VIBRATION,-0.7451917,OK
5904122,VIBRATION,-0.6704737,OK
5905372,VIBRATION,-0.6363289,OK
5906622,VIBRATION,-0.6430346,OK
5907872,VIBRATION,-0.8049669,OK
5909122,VIBRATION,-1.241501,OK
5910000,PRESSURE,101.1724,OK
5910000,TEMPERATURE,21.80717,OK
5910372,VIBRATION,-1.292216,OK
5911622,VIBRATION,-1.391992,OK
5912872,VIBRATION,-1.610329,OK
5914122,VIBRATION,-1.399382,OK
5915372,VIBRATION,-0.9711433,OK
5916622,VIBRATION,-1.468018,OK
5917872,VIBRATION,-1.460485,OK
5919122,VIBRATION,-1.387649,OK
5920000,PRESSURE,101.1724,OK
5920000,TEMPERATURE,21.57299,OK
5920372,VIBRATION,-1.05253,OK
5921622,VIBRATION,-0.500817,OK
5922872,VIBRATION,-0.7778768,OK
5924122,VIBRATION,-1.338756,OK
5925372,VIBRATION,-1.040935,OK
5926622,VIBRATION,-0.6077514,OK
5927872,VIBRATION,-0.7012408,OK
5929122,VIBRATION,-0.9089592,OK
5930000,PRESSURE,101.2418,OK
5930000,TEMPERATURE,21.62742,OK
5930372,VIBRATION,-0.6545585,OK
5931622,VIBRATION,-0.7082503,OK
5932872,VIBRATION,-0.6980568,OK
5934122,VIBRATION,-0.5795305,OK
5935372,VIBRATION,-0.9338088,OK
5936622,VIBRATION,-1.054177,OK
5937872,VIBRATION,-1.370939,OK
5939122,VIBRATION,-1.289966,OK
5940000,PRESSURE,101.293,OK
5940000,TEMPERATURE,21.65384,OK
5940372,VIBRATION,-1.327395,OK
5941622,VIBRATION,-0.7254662,OK
5942872,VIBRATION,-1.032114,OK
5944122,VIBRATION,-0.9695001,OK
5945372,VIBRATION,-0.9607146,OK
5946622,VIBRATION,-0.7440954,OK
5947872,VIBRATION,-0.2956753,OK
5949122,VIBRATION,0.08338508,OK
5950000,PRESSURE,101.2311,OK
5950000,TEMPERATURE,21.45967,OK
5950372,VIBRATION,0.08173055,OK
5951622,VIBRATION,0.255863,OK
5952872,VIBRATION,0.372113,OK
5954122,VIBRATION,0.879985,OK
5955372,VIBRATION,0.8797398,OK
5956622,VIBRATION,0.5097389,OK
5957872,VIBRATION,0.6171383,OK
5959122,VIBRATION,0.1024824,OK
5960000,PRESSURE,101.2611,OK
5960000,TEMPERATURE,21.64286,OK
5960372,VIBRATION,-0.07631216,OK
5961622,VIBRATION,-0.2419367,OK
5962872,VIBRATION,0.1954889,OK
5964122,VIBRATION,-0.1780241,OK
5965372,VIBRATION,0.1143433,OK
5966622,VIBRATION,0.3082186,OK
5967872,VIBRATION,0.01839416,OK
5969122,VIBRATION,0.04595371,OK
5970000,PRESSURE,101.2368,OK
5970000,TEMPERATURE,21.50231,OK
5970372,VIBRATION,-0.02452495,OK
5971622,VIBRATION,0.3472661,OK
5972872,VIBRATION,0.6173277,OK
5974122,VIBRATION,1.236542,OK
5975372,VIBRATION,1.172698,OK
5976622,VIBRATION,0.7156975,OK
5977872,VIBRATION,0.7966472,OK
5979122,VIBRATION,0.8432848,OK
5980000,PRESSURE,101.2242,OK
5980000,TEMPERATURE,21.54636,OK
5980372,VIBRATION,0.8147315,OK
5981622,VIBRATION,0.958406,OK
5982872,VIBRATION,0.6403538,OK
5984122,VIBRATION,0.151943,OK
5985372,VIBRATION,0.2188411,OK
5986622,VIBRATION,0.2328952,OK
5987872,VIBRATION,0.01004077,OK
5989122,VIBRATION,-0.1594494,OK
5990000,PRESSURE,101.2082,OK
5990000,TEMPERATURE,21.79283,OK
5990372,VIBRATION,-0.3912586,OK
5991622,VIBRATION,-0.6493037,OK
5992872,VIBRATION,-0.8230254,OK
5994122,VIBRATION,-0.5150207,OK
5995372,VIBRATION,-0.629157,OK
5996622,VIBRATION,-0.7190344,OK
5997872,VIBRATION,-1.400261,OK
5999122,VIBRATION,-1.44831,OK
6000067,PRESSURE,101.2826,OK
6000067,TEMPERATURE,21.63599,OK
6000067,HUMIDITY,44.7837,OK
6000514,VIBRATION,-1.002769,OK
6001686,VIBRATION,-0.7110602,OK
6002873,VIBRATION,-0.8168524,OK
6004122,VIBRATION,-0.7415637,OK
6005373,VIBRATION,-0.5747343,OK
6006622,VIBRATION,-0.8119503,OK
6007872,VIBRATION,-0.109448,OK
6009122,VIBRATION,0.04785156,OK
6010000,PRESSURE,101.2854,OK
6010000,TEMPERATURE,21.57989,OK
6010372,VIBRATION,0.4180888,OK
6011622,VIBRATION,0.627772,OK
6012872,VIBRATION,0.2995795,OK
6014122,VIBRATION,0.07004798,OK
6015372,VIBRATION,0.2296675,OK
6016622,VIBRATION,-0.1755015,OK
6017881,VIBRATION,0.03491024,OK
6019166,VIBRATION,-0.3476348,OK
6020000,PRESSURE,101.3669,OK
6020000,TEMPERATURE,21.65364,OK
6020373,VIBRATION,-0.566832,OK
6021622,VIBRATION,-0.344177,OK
6022872,VIBRATION,0.1060607,OK
6024122,VIBRATION,0.3434112,OK
6025373,VIBRATION,0.06278502,OK
6026622,VIBRATION,0.3900933,OK
6027872,VIBRATION,0.3103238,OK
6029122,VIBRATION,0.1392609,OK
6030000,PRESSURE,101.4384,OK
6030000,TEMPERATURE,21.62143,OK
6030372,VIBRATION,0.08441461,OK
6031622,VIBRATION,0.1765558,OK
6032917,VIBRATION,0.3707119,OK
6034122,VIBRATION,0.2745853,OK
6035372,VIBRATION,0.5123918,OK
6036622,VIBRATION,0.1532254,OK
6037872,VIBRATION,0.1625972,OK
6039122,VIBRATION,0.5216183,OK
6040000,PRESSURE,101.4101,OK
6040000,TEMPERATURE,21.58042,OK
6040372,VIBRATION,0.4594318,OK
6041622,VIBRATION,0.07332753,OK
6042872,VIBRATION,-0.001598049,OK
6044122,VIBRATION,0.8362788,OK
6045372,VIBRATION,0.4378367,OK
6046622,VIBRATION,0.6209423,OK
6047872,VIBRATION,0.3637213,OK
6049122,VIBRATION,0.1176881,OK
6050000,PRESSURE,101.3767,OK
6050000,TEMPERATURE,21.6455,OK
6050372,VIBRATION,0.03939244,OK
6051622,VIBRATION,0.1039958,OK
6052872,VIBRATION,0.1443769,OK
6054122,VIBRATION,0.08085445,OK
6055372,VIBRATION,0.4605054,OK
6056622,VIBRATION,0.7599233,OK
6057872,VIBRATION,0.6998933,OK
6059122,VIBRATION,0.8716504,OK
6060000,PRESSURE,101.4145,OK
6060000,TEMPERATURE,21.72665,OK
6060372,VIBRATION,0.4946867,OK
6061622,VIBRATION,0.4865962,OK
6062872,VIBRATION,1.038133,OK
6064122,VIBRATION,0.7970198,OK
6065372,VIBRATION,1.233347,OK
6066622,VIBRATION,1.433398,OK
6067872,VIBRATION,0.9176597,OK
6069122,VIBRATION,0.616365,OK
6070000,PRESSURE,101.3954,OK
6070000,TEMPERATURE,21.85967,OK
6070372,VIBRATION,0.7138072,OK
6071622,VIBRATION,0.8494563,OK
6072872,VIBRATION,0.646253,OK
6074122,VIBRATION,0.4371092,OK
6075372,VIBRATION,0.372472,OK
6076622,VIBRATION,0.7351653,OK
6077872,VIBRATION,1.048808,OK
6079122,VIBRATION,0.6817255,OK
6080000,PRESSURE,101.3722,OK
6080000,TEMPERATURE,21.8757,OK
6080372,VIBRATION,0.5704242,OK
6081622,VIBRATION,0.7660903,OK
6082872,VIBRATION,0.206372,OK
6084122,VIBRATION,0.08800406,OK
6085372,VIBRATION,-0.2520588,OK
6086622,VIBRATION,-0.2545769,OK
6087872,VIBRATION,-0.004914145,OK
6089122,VIBRATION,0.3147509,OK
6090000,PRESSURE,101.3599,OK
6090000,TEMPERATURE,21.82194,OK
6090372,VIBRATION,-0.02405854,OK
6091622,VIBRATION,0.5684462,OK
6092872,VIBRATION,0.9808815,OK
6094122,VIBRATION,1.340361,OK
6095372,VIBRATION,1.710793,OK
6096622,VIBRATION,1.733939,OK
6097922,VIBRATION,1.897753,OK
6099122,VIBRATION,1.5361,OK
6100000,PRESSURE,101.3748,OK
6100000,TEMPERATURE,21.7281,OK
6100372,VIBRATION,1.556553,OK
6101622,VIBRATION,1.642031,OK
6102872,VIBRATION,1.764537,OK
6104122,VIBRATION,1.544603,OK
6105372,VIBRATION,1.501839,OK
6106622,VIBRATION,1.0925,OK
6107872,VIBRATION,1.584246,OK
6109122,VIBRATION,1.763501,OK
6110000,PRESSURE,101.3786,OK
6110000,TEMPERATURE,21.63954,OK
6110372,VIBRATION,1.717296,OK
6111622,VIBRATION,1.159828,OK
6112872,VIBRATION,0.2717705,OK
6114122,VIBRATION,0.3134572,OK
6115372,VIBRATION,0.000941594,OK
6116622,VIBRATION,0.6064731,OK
6117872,VIBRATION,0.2130893,OK
6119122,VIBRATION,0.727536,OK
6120000,PRESSURE,101.3411,OK
6120000,TEMPERATURE,21.6681,OK
6120372,VIBRATION,1.022918,OK
6121622,VIBRATION,1.055313,OK
6122872,VIBRATION,1.469155,OK
6124122,VIBRATION,1.559604,OK
6125372,VIBRATION,1.361645,OK
6126622,VIBRATION,1.741321,OK
6127872,VIBRATION,2.002634,OK
6129122,VIBRATION,1.812974,OK
6130000,PRESSURE,101.3785,OK
6130000,TEMPERATURE,21.54549,OK
6130372,VIBRATION,1.633622,OK
6131622,VIBRATION,1.766827,OK
6132872,VIBRATION,1.600882,OK
6134122,VIBRATION,1.019579,OK
6135372,VIBRATION,1.209282,OK
6136622,VIBRATION,1.464893,OK
6137872,VIBRATION,1.524202,OK
6139122,VIBRATION,1.506045,OK
6140000,PRESSURE,101.3964,OK
6140000,TEMPERATURE,21.60157,OK
6140372,VIBRATION,0.9800521,OK
6141622,VIBRATION,0.7712298,OK
6142872,VIBRATION,0.9392609,OK
6144122,VIBRATION,0.6837773,OK
6145372,VIBRATION,0.9189813,OK
6146622,VIBRATION,0.2166997,OK
6147872,VIBRATION,0.1537083,OK
6149122,VIBRATION,0.01573899,OK
6150000,PRESSURE,101.3829,OK
6150000,TEMPERATURE,21.57572,OK
6150372,VIBRATION,0.2987806,OK
6151622,VIBRATION,0.07721224,OK
6152872,VIBRATION,0.4108243,OK
6154122,VIBRATION,0.1281315,OK
6155372,VIBRATION,-0.1153523,OK
6156622,VIBRATION,-0.3120526,OK
6157872,VIBRATION,-0.4307045,OK
6159122,VIBRATION,-0.1793623,OK
6160000,PRESSURE,101.4732,OK
6160000,TEMPERATURE,21.85935,OK
6160372,VIBRATION,-0.03760213,OK
6161622,VIBRATION,0.1318632,OK
6162872,VIBRATION,0.006089359,OK
6164122,VIBRATION,0.1351428,OK
6165372,VIBRATION,0.1593923,OK
6166626,VIBRATION,0.2896935,OK
6167872,VIBRATION,0.4016336,OK
6169122,VIBRATION,0.334237,OK
6170000,PRESSURE,101.367,OK
6170000,TEMPERATURE,21.84788,OK
6170372,VIBRATION,0.3808974,OK
6171622,VIBRATION,0.4078555,OK
6172872,VIBRATION,0.3904265,OK
6174122,VIBRATION,0.8778912,OK
6175372,VIBRATION,0.9086563,OK
6176622,VIBRATION,1.11955,OK
6177872,VIBRATION,1.028812,OK
6179122,VIBRATION,0.3457429,OK
6180000,PRESSURE,101.333,OK
6180000,TEMPERATURE,21.96994,OK
6180372,VIBRATION,0.1048881,OK
6181622,VIBRATION,-0.3247211,OK
6182872,VIBRATION,-0.317425,OK
6184122,VIBRATION,-0.2080776,OK
6185372,VIBRATION,-0.8625684,OK
6186622,VIBRATION,-1.052356,OK
6187872,VIBRATION,-0.7079599,OK
6189122,VIBRATION,-0.5591695,OK
6190000,PRESSURE,101.3465,OK
6190000,TEMPERATURE,22.04917,OK
6190372,VIBRATION,-0.7448372,OK
6191622,VIBRATION,-0.8338082,OK
6192872,VIBRATION,-0.5998775,OK
6194122,VIBRATION,-0.4617412,OK
6195372,VIBRATION,-0.1817491,OK
6196622,VIBRATION,-0.2452312,OK
6197872,VIBRATION,-0.422918,OK
6199122,VIBRATION,-0.6550424,OK
6200000,PRESSURE,101.4276,OK
6200000,TEMPERATURE,21.82963,OK
6200372,VIBRATION,-0.1222065,OK
6201622,VIBRATION,-0.1254247,OK
6202872,VIBRATION,-0.3444833,OK
6204122,VIBRATION,-0.4222474,OK
6205372,VIBRATION,-0.1333124,OK
6206622,VIBRATION,0.3346892,OK
6207872,VIBRATION,0.3932891,OK
6209122,VIBRATION,0.4971127,OK
6210000,PRESSURE,101.4348,OK
6210000,TEMPERATURE,21.83255,OK
6210372,VIBRATION,0.3634828,OK
6211622,VIBRATION,0.05019492,OK
6212872,VIBRATION,0.3716604,OK
6214122,VIBRATION,0.2690891,OK
6215372,VIBRATION,-0.164665,OK
6216622,VIBRATION,-0.2015315,OK
6217872,VIBRATION,-0.2601885,OK
6219122,VIBRATION,-0.4753061,OK
6220000,PRESSURE,101.4374,OK
6220000,TEMPERATURE,21.89686,OK
6220372,VIBRATION,-0.5633173,OK
6221622,VIBRATION,-0.6859349,OK
6222872,VIBRATION,-0.6099978,OK
6224122,VIBRATION,-0.1678479,OK
6225372,VIBRATION,-0.1544785,OK
6226622,VIBRATION,-0.3350582,OK
6227872,VIBRATION,0.129389,OK
6229122,VIBRATION,0.2638012,OK
6230000,PRESSURE,101.4651,OK
6230000,TEMPERATURE,21.98244,OK
6230372,VIBRATION,0.01277396,OK
6231622,VIBRATION,0.4017371,OK
6232872,VIBRATION,-0.2254943,OK
6234122,VIBRATION,-0.4047494,OK
6235372,VIBRATION,0.1217133,OK
6236622,VIBRATION,0.4173488,OK
6237872,VIBRATION,0.4422398,OK
6239122,VIBRATION,0.8374704,OK
6240000,PRESSURE,101.4453,OK
6240000,TEMPERATURE,22.05664,OK
6240372,VIBRATION,0.999581,OK
6241622,VIBRATION,1.059042,OK
6242872,VIBRATION,1.292466,OK
6244122,VIBRATION,1.279912,OK
6245372,VIBRATION,1.480502,OK
6246622,VIBRATION,1.775125,OK
6247872,VIBRATION,1.388738,OK
6249122,VIBRATION,1.305553,OK
6250000,PRESSURE,101.3441,OK
6250000,TEMPERATURE,22.13218,OK
6250372,VIBRATION,0.6572523,OK
6251622,VIBRATION,0.8020817,OK
6252872,VIBRATION,1.026863,OK
6254122,VIBRATION,0.4534498,OK
6255372,VIBRATION,0.4811626,OK
6256634,VIBRATION,0.5590265,OK
6257872,VIBRATION,0.04232556,OK
6259122,VIBRATION,0.03759758,OK
6260000,PRESSURE,101.3419,OK
6260000,TEMPERATURE,22.09631,OK
6260372,VIBRATION,0.2669739,OK
6261681,VIBRATION,0.4070949,OK
6262872,VIBRATION,0.3697573,OK
6264122,VIBRATION,0.3220119,OK
6265372,VIBRATION,0.05523832,OK
6266622,VIBRATION,-0.4130513,OK
6267872,VIBRATION,-0.07927626,OK
6269122,VIBRATION,0.108527,OK
6270000,PRESSURE,101.2861,OK
6270000,TEMPERATURE,22.00979,OK
6270373,VIBRATION,-0.03757541,OK
6271622,VIBRATION,-0.2393534,OK
6272872,VIBRATION,-0.335052,OK
6274122,VIBRATION,0.1540771,OK
6275372,VIBRATION,-0.219504,OK
6276622,VIBRATION,-0.4035464,OK
6277872,VIBRATION,-0.3133019,OK
6279122,VIBRATION,-0.0524045,OK
6280000,PRESSURE,101.2729,OK
6280000,TEMPERATURE,22.13102,OK
6280372,VIBRATION,0.3896562,OK
6281622,VIBRATION,0.3410363,OK
6282872,VIBRATION,0.3525156,OK
6284122,VIBRATION,0.1733196,OK
6285372,VIBRATION,-0.1123481,OK
6286622,VIBRATION,-0.1645554,OK
6287872,VIBRATION,0.05037133,OK
6289122,VIBRATION,-0.6410378,OK
6290000,PRESSURE,101.2909,OK
6290000,TEMPERATURE,22.12746,OK
6290372,VIBRATION,-0.4162154,OK
6291622,VIBRATION,-0.8573485,OK
6292872,VIBRATION,-0.6796405,OK
6294122,VIBRATION,-0.9180015,OK
6295372,VIBRATION,-0.6822374,OK
6296622,VIBRATION,-0.5504714,OK
6297872,VIBRATION,0.06211538,OK
6299122,VIBRATION,-0.1722171,OK
6300000,PRESSURE,101.2285,OK
6300000,TEMPERATURE,21.84719,OK
6300438,VIBRATION,-0.6528458,OK
6301622,VIBRATION,-0.7160391,OK
6302872,VIBRATION,-0.3020394,OK
6304122,VIBRATION,-0.2377629,OK
6305372,VIBRATION,0.01836954,OK
6306622,VIBRATION,-0.5349338,OK
6307872,VIBRATION,-0.6620664,OK
6309122,VIBRATION,-0.8206521,OK
6310000,PRESSURE,101.1535,OK
6310000,TEMPERATURE,22.04579,OK
6310372,VIBRATION,-0.961173,OK
6311622,VIBRATION,-0.5036498,OK
6312872,VIBRATION,-0.550193,OK
6314122,VIBRATION,-0.691177,OK
6315372,VIBRATION,-0.1486846,OK
6316622,VIBRATION,-0.7273271,OK
6317872,VIBRATION,-0.2212693,OK
6319122,VIBRATION,-0.2327365,OK
6320000,PRESSURE,101.0609,OK
6320000,TEMPERATURE,22.05818,OK
6320372,VIBRATION,0.09411342,OK
6321622,VIBRATION,-0.02628719,OK
6322872,VIBRATION,0.4910826,OK
6324122,VIBRATION,0.2336164,OK
6325372,VIBRATION,-0.08966127,OK
6326622,VIBRATION,-0.1520269,OK
6327872,VIBRATION,-0.1603618,OK
6329122,VIBRATION,-0.1992646,OK
6330000,PRESSURE,101.1133,OK
6330000,TEMPERATURE,22.02357,OK
6330372,VIBRATION,-0.7450274,OK
6331622,VIBRATION,-0.6117479,OK
6332872,VIBRATION,-0.7724678,OK
6334122,VIBRATION,-0.6865101,OK
6335372,VIBRATION,-0.6556492,OK
6336622,VIBRATION,-0.1391899,OK
6337872,VIBRATION,-0.4019301,OK
6339122,VIBRATION,-0.4594525,OK
6340000,PRESSURE,101.1126,OK
6340000,TEMPERATURE,22.01086,OK
6340372,VIBRATION,-0.1100199,OK
6341622,VIBRATION,0.5297545,OK
6342872,VIBRATION,0.4620492,OK
6344122,VIBRATION,0.0518481,OK
6345372,VIBRATION,-0.02110638,OK
6346622,VIBRATION,-0.2095207,OK
6347872,VIBRATION,-0.7525599,OK
6349122,VIBRATION,-0.6885236,OK
6350000,PRESSURE,101.2304,OK
6350000,TEMPERATURE,22.03791,OK
6350372,VIBRATION,-0.17327,OK
6351622,VIBRATION,-0.413962,OK
6352872,VIBRATION,-0.2993512,OK
6354122,VIBRATION,-0.2447575,OK
6355372,VIBRATION,-0.2718336,OK
6356622,VIBRATION,0.3710957,OK
6357872,VIBRATION,0.3254968,OK
6359122,VIBRATION,0.5295994,OK
6360000,PRESSURE,101.1828,OK
6360000,TEMPERATURE,22.02214,OK
6360372,VIBRATION,0.1874791,OK
6361622,VIBRATION,0.5454586,OK
6362872,VIBRATION,0.6418887,OK
6364122,VIBRATION,0.586953,OK
6365372,VIBRATION,0.6461814,OK
6366622,VIBRATION,0.7927116,OK
6367872,VIBRATION,0.8408542,OK
6369122,VIBRATION,1.130869,OK
6370000,PRESSURE,101.1575,OK
6370000,TEMPERATURE,22.00335,OK
6370372,VIBRATION,1.311144,OK
6371622,VIBRATION,1.491353,OK
6372872,VIBRATION,1.349039,OK
6374122,VIBRATION,0.792674,OK
6375372,VIBRATION,0.9327093,OK
6376622,VIBRATION,1.258592,OK
6377872,VIBRATION,1.225194,OK
6379122,VIBRATION,1.441626,OK
6380000,PRESSURE,101.2298,OK
6380000,TEMPERATURE,22.00174,OK
6380372,VIBRATION,1.421139,OK
6381622,VIBRATION,1.651592,OK
6382872,VIBRATION,1.771381,OK
6384122,VIBRATION,1.465255,OK
6385372,VIBRATION,1.205852,OK
6386622,VIBRATION,0.8232466,OK
6387872,VIBRATION,0.1781514,OK
6389122,VIBRATION,0.2540662,OK
6390000,PRESSURE,101.232,OK
6390000,TEMPERATURE,21.93826,OK
6390372,VIBRATION,0.3058231,OK
6391622,VIBRATION,-0.231262,OK
6392872,VIBRATION,-0.1594303,OK
6394122,VIBRATION,0.009286327,OK
6395372,VIBRATION,0.2435956,OK
6396622,VIBRATION,0.5723815,OK
6397872,VIBRATION,0.04590804,OK
6399122,VIBRATION,-0.07989981,OK
6400000,PRESSURE,101.2559,OK
6400000,TEMPERATURE,22.00593,OK
6400372,VIBRATION,-0.4202705,OK
6401622,VIBRATION,-0.904978,OK
6402872,VIBRATION,-0.9748593,OK
6404122,VIBRATION,-0.7678041,OK
6405372,VIBRATION,-0.3981083,OK
6406622,VIBRATION,-0.3583024,OK
6407872,VIBRATION,-0.5797725,OK
6409122,VIBRATION,-0.4654797,OK
6410000,PRESSURE,101.2768,OK
6410000,TEMPERATURE,22.26475,OK
6410372,VIBRATION,-0.8087883,OK
6411622,VIBRATION,-1.2389,OK
6412872,VIBRATION,-0.9593476,OK
6414122,VIBRATION,-1.012308,OK
6415372,VIBRATION,-1.474635,OK
6416622,VIBRATION,-1.115655,OK
6417872,VIBRATION,-1.135412,OK
6419122,VIBRATION,-0.9965271,OK
6420000,PRESSURE,101.215,OK
6420000,TEMPERATURE,22.19021,OK
6420372,VIBRATION,-0.8349894,OK
6421622,VIBRATION,-1.028843,OK
6422872,VIBRATION,-1.165842,OK
6424122,VIBRATION,-1.052701,OK
6425372,VIBRATION,-0.7906522,OK
6426622,VIBRATION,-0.8368181,OK
6427872,VIBRATION,-0.5552845,OK
6429122,VIBRATION,-0.7184059,OK
6430000,PRESSURE,101.218,OK
6430000,TEMPERATURE,22.19328,OK
6430372,VIBRATION,-0.3434393,OK
6431622,VIBRATION,-0.2541415,OK
6432872,VIBRATION,-0.1883276,OK
6434122,VIBRATION,-0.4448947,OK
6435372,VIBRATION,-0.2226764,OK
6436622,VIBRATION,-0.4452302,OK
6437872,VIBRATION,-0.9185475,OK
6439122,VIBRATION,0,COMM_ERROR
6440000,PRESSURE,101.2793,OK
6440000,TEMPERATURE,22.13013,OK
6440372,VIBRATION,-1.274278,OK
6441622,VIBRATION,-1.698613,OK
6442872,VIBRATION,-1.405422,OK
6444122,VIBRATION,-1.29275,OK
6445372,VIBRATION,-1.194743,OK
6446622,VIBRATION,-0.9433812,OK
6447872,VIBRATION,-0.609813,OK
6449122,VIBRATION,-0.5406247,OK
6450000,PRESSURE,101.2365,OK
6450000,TEMPERATURE,22.0926,OK
6450372,VIBRATION,-0.3851035,OK
6451622,VIBRATION,0.193867,OK
6452872,VIBRATION,0.138102,OK
6454122,VIBRATION,0.5797176,OK
6455372,VIBRATION,0.3601731,OK
6456622,VIBRATION,0.9095294,OK
6457872,VIBRATION,0.7926986,OK
6459122,VIBRATION,0.3974674,OK
6460000,PRESSURE,101.2564,OK
6460000,TEMPERATURE,22.2054,OK
6460372,VIBRATION,0.5393195,OK
6461622,VIBRATION,0.4077293,OK
6462872,VIBRATION,-0.2424933,OK
6464122,VIBRATION,-0.3222484,OK
6465473,VIBRATION,-0.209142,OK
6466622,VIBRATION,0.07786582,OK
6467872,VIBRATION,0.3061436,OK
6469122,VIBRATION,0.7763868,OK
6470000,PRESSURE,101.2213,OK
6470000,TEMPERATURE,22.31228,OK
6470372,VIBRATION,0.7034083,OK
6471623,VIBRATION,0.01169878,OK
6472872,VIBRATION,-0.03940306,OK
6474122,VIBRATION,-0.1536993,OK
6475372,VIBRATION,0.2286116,OK
6476622,VIBRATION,-0.1356189,OK
6477872,VIBRATION,-0.5450847,OK
6479122,VIBRATION,-0.2555277,OK
6480000,PRESSURE,101.1995,OK
6480000,TEMPERATURE,22.09961,OK
6480372,VIBRATION,0.06656359,OK
6481622,VIBRATION,0.1488772,OK
6482872,VIBRATION,-0.2511484,OK
6484122,VIBRATION,0.04890819,OK
6485372,VIBRATION,-0.1460865,OK
6486622,VIBRATION,-0.2235266,OK
6487872,VIBRATION,-0.685493,OK
6489122,VIBRATION,-0.7313483,OK
6490000,PRESSURE,101.1945,OK
6490000,TEMPERATURE,21.99817,OK
6490372,VIBRATION,-0.5083613,OK
6491622,VIBRATION,0.09428676,OK
6492872,VIBRATION,0.4159504,OK
6494122,VIBRATION,0.3363852,OK
6495372,VIBRATION,0.396066,OK
6496622,VIBRATION,0.6172951,OK
6497872,VIBRATION,0.9426882,OK
6499122,VIBRATION,0.8739741,OK
6500000,PRESSURE,101.1826,OK
6500000,TEMPERATURE,21.96909,OK
6500372,VIBRATION,0.6027156,OK
6501622,VIBRATION,0.391919,OK
6502872,VIBRATION,0.2239521,OK
6504122,VIBRATION,0.5835103,OK
6505372,VIBRATION,0.4411501,OK
6506622,VIBRATION,0.8832381,OK
6507872,VIBRATION,1.028657,OK
6509122,VIBRATION,1.143709,OK
6510000,PRESSURE,101.1425,OK
6510000,TEMPERATURE,22.05239,OK
6510372,VIBRATION,1.262313,OK
6511622,VIBRATION,1.251452,OK
6512872,VIBRATION,1.304064,OK
6514122,VIBRATION,1.149637,OK
6515372,VIBRATION,0.9083928,OK
6516622,VIBRATION,1.093343,OK
6517872,VIBRATION,0.9830268,OK
6519122,VIBRATION,0.6835984,OK
6520000,PRESSURE,101.0888,OK
6520000,TEMPERATURE,22.01595,OK
6520372,VIBRATION,0.3153851,OK
6521622,VIBRATION,0.310623,OK
6522872,VIBRATION,-0.06713392,OK
6524122,VIBRATION,-0.1295714,OK
6525372,VIBRATION,0.2250416,OK
6526622,VIBRATION,0.1946015,OK
6527872,VIBRATION,0.144819,OK
6529122,VIBRATION,-0.01188477,OK
6530000,PRESSURE,101.2467,OK
6530000,TEMPERATURE,22.04959,OK
6530372,VIBRATION,-0.07728546,OK
6531622,VIBRATION,0.02942561,OK
6532872,VIBRATION,0.105735,OK
6534122,VIBRATION,0.3959253,OK
6535372,VIBRATION,0.3145599,OK
6536622,VIBRATION,0.05824187,OK
6537872,VIBRATION,0.0607235,OK
6539122,VIBRATION,0.1801025,OK
6540000,PRESSURE,101.2015,OK
6540000,TEMPERATURE,22.04365,OK
6540372,VIBRATION,0.03057645,OK
6541622,VIBRATION,0.03730877,OK
6542872,VIBRATION,-0.2209647,OK
6544122,VIBRATION,-0.151197,OK
6545372,VIBRATION,0.3706085,OK
6546622,VIBRATION,-0.233388,OK
6547872,VIBRATION,0.1557043,OK
6549122,VIBRATION,-0.013689,OK
6550000,PRESSURE,101.1661,OK
6550000,TEMPERATURE,22.05797,OK
6550372,VIBRATION,0.3017148,OK
6551622,VIBRATION,0.03277089,OK
6552872,VIBRATION,0.2271912,OK
6554122,VIBRATION,0.3400652,OK
6555372,VIBRATION,0.5258365,OK
6556622,VIBRATION,0.5298484,OK
6557872,VIBRATION,0.3316538,OK
6559122,VIBRATION,-0.01750818,OK
6560000,PRESSURE,101.1477,OK
6560000,TEMPERATURE,22.1525,OK
6560372,VIBRATION,-0.3331743,OK
6561622,VIBRATION,-0.1084647,OK
6562872,VIBRATION,0.01625277,OK
6564122,VIBRATION,-0.3803339,OK
6565372,VIBRATION,-0.2093705,OK
6566622,VIBRATION,-0.05863877,OK
6567872,VIBRATION,-0.5163806,OK
6569122,VIBRATION,-0.7539175,OK
6570000,PRESSURE,101.1639,OK
6570000,TEMPERATURE,22.47369,OK
6570372,VIBRATION,-1.07328,OK
6571622,VIBRATION,-1.201884,OK
6572872,VIBRATION,-1.549131,OK
6574122,VIBRATION,-1.763401,OK
6575372,VIBRATION,-2.527388,OK
6576622,VIBRATION,-2.360754,OK
6577872,VIBRATION,-2.526401,OK
6579122,VIBRATION,-2.658991,OK
6580000,PRESSURE,101.18,OK
6580000,TEMPERATURE,22.58931,OK
6580372,VIBRATION,-2.760365,OK
6581622,VIBRATION,-2.449797,OK
6582872,VIBRATION,-1.925948,OK
6584122,VIBRATION,-1.449807,OK
6585372,VIBRATION,-1.675056,OK
6586622,VIBRATION,-1.930937,OK
6587976,VIBRATION,-2.182383,OK
6589122,VIBRATION,-2.231128,OK
6590000,PRESSURE,101.2395,OK
6590000,TEMPERATURE,22.64364,OK
6590372,VIBRATION,-2.369731,OK
6591622,VIBRATION,-2.284328,OK
6592872,VIBRATION,-1.90326,OK
6594122,VIBRATION,-2.20216,OK
6595372,VIBRATION,-1.950544,OK
6596622,VIBRATION,-2.033766,OK
6597872,VIBRATION,-2.035768,OK
6599122,VIBRATION,-1.887597,OK
6600000,PRESSURE,101.2279,OK
6600000,TEMPERATURE,22.70936,OK
6600372,VIBRATION,-1.792324,OK
6601622,VIBRATION,-1.96056,OK
6602872,VIBRATION,-1.904755,OK
6604422,VIBRATION,-1.589891,OK
6605372,VIBRATION,-1.908055,OK
6606622,VIBRATION,-1.387818,OK
6607872,VIBRATION,-0.4104156,OK
6609122,VIBRATION,-0.320958,OK
6610000,PRESSURE,101.1587,OK
6610000,TEMPERATURE,22.67198,OK
6610372,VIBRATION,-0.8950949,OK
6611622,VIBRATION,-1.302805,OK
6612872,VIBRATION,-1.239509,OK
6614122,VIBRATION,-1.33305,OK
6615372,VIBRATION,-1.682719,OK
6616622,VIBRATION,-1.155175,OK
6617872,VIBRATION,-0.7396973,OK
6619122,VIBRATION,-1.018883,OK
6620000,PRESSURE,101.246,OK
6620000,TEMPERATURE,22.55215,OK
6620372,VIBRATION,-0.8600771,OK
6621623,VIBRATION,-0.5066602,OK
6622872,VIBRATION,-0.1697189,OK
6624122,VIBRATION,-0.0135173,OK
6625372,VIBRATION,0.07216431,OK
6626622,VIBRATION,0.3314012,OK
6627872,VIBRATION,0.4556243,OK
6629122,VIBRATION,0.6377138,OK
6630000,PRESSURE,101.1932,OK
6630000,TEMPERATURE,22.50732,OK
6630372,VIBRATION,0.2415993,OK
6631622,VIBRATION,0.3200462,OK
6632872,VIBRATION,0.01800274,OK
6634122,VIBRATION,0.04479931,OK
6635372,VIBRATION,-0.3186428,OK
6636622,VIBRATION,-0.3307706,OK
6637872,VIBRATION,-0.2325383,OK
6639122,VIBRATION,0.03274911,OK
6640000,PRESSURE,101.2541,OK
6640000,TEMPERATURE,22.53522,OK
6640372,VIBRATION,0.5245971,OK
6641622,VIBRATION,0.322993,OK
6642872,VIBRATION,-0.3999514,OK
6644122,VIBRATION,-0.6205051,OK
6645372,VIBRATION,-0.8128522,OK
6646622,VIBRATION,-0.6986081,OK
6647872,VIBRATION,-0.47219,OK
6649122,VIBRATION,-0.05603854,OK
6650000,PRESSURE,101.259,OK
6650000,TEMPERATURE,22.47858,OK
6650372,VIBRATION,0.01378819,OK
6651622,VIBRATION,-0.2237705,OK
6652872,VIBRATION,-0.1589155,OK
6654122,VIBRATION,-0.6771862,OK
6655410,VIBRATION,-0.5532385,OK
6656622,VIBRATION,-0.1685278,OK
6657872,VIBRATION,-0.1969773,OK
6659122,VIBRATION,-0.3819584,OK
6660000,PRESSURE,101.2754,OK
6660000,TEMPERATURE,22.51812,OK
6660372,VIBRATION,-0.405652,OK
6661622,VIBRATION,-0.4860399,OK
6662872,VIBRATION,-0.5630897,OK
6664122,VIBRATION,-0.8978187,OK
6665372,VIBRATION,-0.401036,OK
6666622,VIBRATION,-0.00683405,OK
6667872,VIBRATION,0.08510325,OK
6669122,VIBRATION,-0.2534082,OK
6670000,PRESSURE,101.2941,OK
6670000,TEMPERATURE,22.6055,OK
6670372,VIBRATION,-0.9671232,OK
6671622,VIBRATION,-1.537649,OK
6672872,VIBRATION,-1.322849,OK
6674122,VIBRATION,-0.7455523,OK
6675372,VIBRATION,-0.04724624,OK
6676622,VIBRATION,-0.07013763,OK
6677872,VIBRATION,-0.1448707,OK
6679122,VIBRATION,-0.1176841,OK
6680000,PRESSURE,101.2433,OK
6680000,TEMPERATURE,22.70178,OK
6680372,VIBRATION,-0.3214664,OK
6681622,VIBRATION,-0.4246394,OK
6682872,VIBRATION,-0.02024449,OK
6684173,VIBRATION,0.1616914,OK
6685372,VIBRATION,0.2777833,OK
6686622,VIBRATION,0.2619583,OK
6687872,VIBRATION,0.383557,OK
6689122,VIBRATION,0.29946,OK
6690000,PRESSURE,101.138,OK
6690000,TEMPERATURE,22.66031,OK
6690372,VIBRATION,0.8546805,OK
6691622,VIBRATION,0.9072337,OK
6692872,VIBRATION,0.8130252,OK
6694122,VIBRATION,0.7297704,OK
6695372,VIBRATION,0.7977907,OK
6696622,VIBRATION,1.406294,OK
6697872,VIBRATION,1.239203,OK
6699122,VIBRATION,0.9131239,OK
6700000,PRESSURE,101.1462,OK
6700000,TEMPERATURE,22.75157,OK
6700372,VIBRATION,1.038207,OK
6701622,VIBRATION,1.27761,OK
6702872,VIBRATION,1.221856,OK
6704122,VIBRATION,0.7893584,OK
6705372,VIBRATION,1.102576,OK
6706622,VIBRATION,1.008146,OK
6707872,VIBRATION,1.38631,OK
6709122,VIBRATION,1.494424,OK
6710000,PRESSURE,101.1896,OK
6710000,TEMPERATURE,22.73268,OK
6710372,VIBRATION,1.214848,OK
6711622,VIBRATION,1.588812,OK
6712872,VIBRATION,1.602485,OK
6714122,VIBRATION,1.628017,OK
6715372,VIBRATION,1.896007,OK
6716622,VIBRATION,1.827198,OK
6717872,VIBRATION,2.107135,OK
6719122,VIBRATION,2.319394,OK
6720000,PRESSURE,101.1864,OK
6720000,TEMPERATURE,22.75042,OK
6720372,VIBRATION,1.72999,OK
6721622,VIBRATION,1.954231,OK
6722872,VIBRATION,2.507871,OK
6724122,VIBRATION,2.30364,OK
6725372,VIBRATION,2.549294,OK
6726622,VIBRATION,2.035579,OK
6727872,VIBRATION,2.120016,OK
6729216,VIBRATION,2.120318,OK
6730000,PRESSURE,101.1533,OK
6730000,TEMPERATURE,22.63397,OK
6730372,VIBRATION,2.124035,OK
6731622,VIBRATION,2.216669,OK
6732872,VIBRATION,2.09579,OK
6734122,VIBRATION,1.650184,OK
6735372,VIBRATION,1.380818,OK
6736622,VIBRATION,1.165221,OK
6737872,VIBRATION,1.06025,OK
6739122,VIBRATION,0.8868434,OK
6740000,PRESSURE,101.191,OK
6740000,TEMPERATURE,22.53732,OK
6740372,VIBRATION,1.130791,OK
6741622,VIBRATION,1.111239,OK
6742872,VIBRATION,1.331723,OK
6744122,VIBRATION,0.4777457,OK
6745372,VIBRATION,0.9375368,OK
6746622,VIBRATION,1.034349,OK
6747872,VIBRATION,1.115628,OK
6749122,VIBRATION,0.1659886,OK
6750000,PRESSURE,101.1729,OK
6750000,TEMPERATURE,22.56833,OK
6750372,VIBRATION,0.6480539,OK
6751622,VIBRATION,0.5263938,OK
6752872,VIBRATION,0.1756552,OK
6754122,VIBRATION,0.3978321,OK
6755372,VIBRATION,0.8984022,OK
6756622,VIBRATION,0.7861722,OK
6757872,VIBRATION,1.05565,OK
6759122,VIBRATION,1.388719,OK
6760000,PRESSURE,101.1693,OK
6760000,TEMPERATURE,22.349,OK
6760372,VIBRATION,1.227949,OK
6761622,VIBRATION,0.6434585,OK
6762872,VIBRATION,0.6688895,OK
6764122,VIBRATION,0.6594947,OK
6765372,VIBRATION,0.8851686,OK
6766622,VIBRATION,0.3972957,OK
6767872,VIBRATION,0.1454163,OK
6769122,VIBRATION,0.3035653,OK
6770000,PRESSURE,101.1126,OK
6770000,TEMPERATURE,22.40985,OK
6770372,VIBRATION,-0.2127122,OK
6771622,VIBRATION,-0.3178522,OK
6772872,VIBRATION,-0.04230384,OK
6774122,VIBRATION,-0.1462097,OK
6775372,VIBRATION,-0.2873523,OK
6776622,VIBRATION,-0.8117379,OK
6777872,VIBRATION,-0.893143,OK
6779122,VIBRATION,-0.9819886,OK
6780000,PRESSURE,101.062,OK
6780000,TEMPERATURE,22.42004,OK
6780372,VIBRATION,-0.915937,OK
6781622,VIBRATION,-1.211062,OK
6782872,VIBRATION,-1.196383,OK
6784122,VIBRATION,-1.377606,OK
6785372,VIBRATION,-1.412322,OK
6786622,VIBRATION,-1.362769,OK
6787927,VIBRATION,-1.596393,OK
6789122,VIBRATION,-1.789601,OK
6790000,PRESSURE,101.0517,OK
6790000,TEMPERATURE,22.36221,OK
6790372,VIBRATION,-1.359978,OK
6791623,VIBRATION,-1.737845,OK
6792872,VIBRATION,-1.282604,OK
6794122,VIBRATION,-1.257115,OK
6795372,VIBRATION,-1.368025,OK
6796622,VIBRATION,-1.301771,OK
6797872,VIBRATION,-0.9017538,OK
6799122,VIBRATION,-0.7459608,OK
6800000,PRESSURE,101.1481,OK
6800000,TEMPERATURE,22.34344,OK
6800372,VIBRATION,-0.7172565,OK
6801622,VIBRATION,-0.6995022,OK
6802872,VIBRATION,-0.9659934,OK
6804143,VIBRATION,-1.022862,OK
6805372,VIBRATION,-1.26446,OK
6806622,VIBRATION,-0.868941,OK
6807872,VIBRATION,-0.5951402,OK
6809122,VIBRATION,-0.8756097,OK
6810000,PRESSURE,101.1182,OK
6810000,TEMPERATURE,22.27414,OK
6810372,VIBRATION,-0.587178,OK
6811622,VIBRATION,-1.078693,OK
6812872,VIBRATION,-1.632624,OK
6814122,VIBRATION,-1.465259,OK
6815372,VIBRATION,-1.411535,OK
6816622,VIBRATION,-1.651906,OK
6817872,VIBRATION,-1.746707,OK
6819122,VIBRATION,-1.609194,OK
6820000,PRESSURE,101.1151,OK
6820000,TEMPERATURE,22.39952,OK
6820372,VIBRATION,-2.19207,OK
6821622,VIBRATION,-1.414499,OK
6822872,VIBRATION,-1.154769,OK
6824122,VIBRATION,-1.182645,OK
6825372,VIBRATION,-1.429704,OK
6826622,VIBRATION,-1.220044,OK
6827872,VIBRATION,-1.383189,OK
6829122,VIBRATION,-1.087962,OK
6830000,PRESSURE,101.1495,OK
6830000,TEMPERATURE,22.48556,OK
6830372,VIBRATION,-1.184812,OK
6831622,VIBRATION,-1.492746,OK
6832872,VIBRATION,-1.107777,OK
6834122,VIBRATION,-1.159116,OK
6835372,VIBRATION,-1.798549,OK
6836622,VIBRATION,-1.347649,OK
6837872,VIBRATION,-1.425892,OK
6839123,VIBRATION,-1.097442,OK
6840000,PRESSURE,101.0969,OK
6840000,TEMPERATURE,22.30831,OK
6840372,VIBRATION,-0.8558804,OK
6841622,VIBRATION,-0.7581504,OK
6842872,VIBRATION,-0.9947782,OK
6844122,VIBRATION,-0.6894838,OK
6845372,VIBRATION,-0.3848114,OK
6846622,VIBRATION,-0.5065382,OK
6847872,VIBRATION,-0.3907838,OK
6849122,VIBRATION,-0.2636055,OK
6850000,PRESSURE,101.0339,OK
6850000,TEMPERATURE,22.20027,OK
6850372,VIBRATION,-0.3204002,OK
6851622,VIBRATION,-0.1455586,OK
6852872,VIBRATION,-0.3822763,OK
6854122,VIBRATION,-0.4659201,OK
6855372,VIBRATION,-0.6564309,OK
6856622,VIBRATION,-0.2621552,OK
6857872,VIBRATION,0.3585813,OK
6859122,VIBRATION,0.6968102,OK
6860000,PRESSURE,101.0417,OK
6860000,TEMPERATURE,22.09082,OK
6860372,VIBRATION,1.147566,OK
6861622,VIBRATION,1.070806,OK
6862872,VIBRATION,1.060565,OK
6864122,VIBRATION,1.064172,OK
6865372,VIBRATION,1.203208,OK
6866622,VIBRATION,1.212068,OK
6867872,VIBRATION,1.204814,OK
6869122,VIBRATION,1.185376,OK
6870000,PRESSURE,101.0384,OK
6870000,TEMPERATURE,21.99459,OK
6870372,VIBRATION,0.7539639,OK
6871622,VIBRATION,0.4283033,OK
6872872,VIBRATION,0.5965304,OK
6874122,VIBRATION,0.8069091,OK
6875372,VIBRATION,0.7356453,OK
6876622,VIBRATION,0.8844134,OK
6877872,VIBRATION,0.7668707,OK
6879122,VIBRATION,0.9478366,OK
6880000,PRESSURE,101.0354,OK
6880000,TEMPERATURE,22.1584,OK
6880372,VIBRATION,0.7014308,OK
6881622,VIBRATION,0.7266498,OK
6882872,VIBRATION,0.2754919,OK
6884122,VIBRATION,0.2540359,OK
6885372,VIBRATION,0.4861802,OK
6886622,VIBRATION,0.5256612,OK
6888302,VIBRATION,0.7579261,OK
6889122,VIBRATION,0.7474038,OK
6890000,PRESSURE,100.9721,OK
6890000,TEMPERATURE,22.27511,OK
6890373,VIBRATION,0.3882929,OK
6891622,VIBRATION,0.08884278,OK
6892872,VIBRATION,0.2402551,OK
6894122,VIBRATION,0.04148562,OK
6895372,VIBRATION,0.4653569,OK
6896622,VIBRATION,0.009724731,OK
6897872,VIBRATION,0.0008791777,OK
6899122,VIBRATION,0.1952384,OK
6900000,PRESSURE,100.8983,OK
6900000,TEMPERATURE,22.26243,OK
6900372,VIBRATION,0.7280446,OK
6901622,VIBRATION,0.5600936,OK
6902873,VIBRATION,1.054479,OK
6904122,VIBRATION,0.7564811,OK
6905372,VIBRATION,-0.02843251,OK
6906622,VIBRATION,-0.3314961,OK
6907872,VIBRATION,-0.195413,OK
6909122,VIBRATION,-0.4694749,OK
6910000,PRESSURE,100.7946,OK
6910000,TEMPERATURE,22.1756,OK
6910372,VIBRATION,0.5357705,OK
6911622,VIBRATION,0.3384345,OK
6912872,VIBRATION,0.795901,OK
6914122,VIBRATION,1.376088,OK
6915372,VIBRATION,1.231504,OK
6916622,VIBRATION,1.219729,OK
6917872,VIBRATION,1.448422,OK
6919122,VIBRATION,1.438297,OK
6920000,PRESSURE,100.7979,OK
6920000,TEMPERATURE,22.10925,OK
6920372,VIBRATION,1.584236,OK
6921622,VIBRATION,1.289449,OK
6922872,VIBRATION,1.225624,OK
6924122,VIBRATION,1.01903,OK
6925372,VIBRATION,0.8994445,OK
6926623,VIBRATION,0.4711046,OK
6927872,VIBRATION,0.6057199,OK
6929122,VIBRATION,0.7783888,OK
6930000,PRESSURE,100.8724,OK
6930000,TEMPERATURE,21.88474,OK
6930372,VIBRATION,0.9333149,OK
6931622,VIBRATION,1.297434,OK
6932872,VIBRATION,0.7450868,OK
6934122,VIBRATION,0.3280943,OK
6935372,VIBRATION,0.4567086,OK
6936622,VIBRATION,0.4432277,OK
6937872,VIBRATION,0.3469331,OK
6939122,VIBRATION,-0.2515222,OK
6940000,PRESSURE,100.8902,OK
6940000,TEMPERATURE,21.74586,OK
6940372,VIBRATION,-0.6770489,OK
6941622,VIBRATION,-0.3649558,OK
6942872,VIBRATION,-0.6914386,OK
6944122,VIBRATION,-0.8387703,OK
6945372,VIBRATION,-0.5462044,OK
6946622,VIBRATION,-0.4151016,OK
6947872,VIBRATION,-0.6568478,OK
6949122,VIBRATION,-0.5671309,OK
6950000,PRESSURE,100.9395,OK
6950000,TEMPERATURE,21.72228,OK
6950372,VIBRATION,-0.3713251,OK
6951622,VIBRATION,-0.1031104,OK
6952872,VIBRATION,-0.4738595,OK
6954122,VIBRATION,-0.6860813,OK
6955372,VIBRATION,-1.040883,OK
6956622,VIBRATION,-0.6872758,OK
6957872,VIBRATION,-0.1770512,OK
6959122,VIBRATION,-0.07408321,OK
6960000,PRESSURE,100.9583,OK
6960000,TEMPERATURE,22.04461,OK
6960372,VIBRATION,0.09003901,OK
6961622,VIBRATION,0.4744259,OK
6962872,VIBRATION,0.3272467,OK
6964122,VIBRATION,0.5231934,OK
6965372,VIBRATION,0.7339903,OK
6966622,VIBRATION,0.8584895,OK
6967872,VIBRATION,1.022437,OK
6969122,VIBRATION,0.4314904,OK
6970000,PRESSURE,100.9266,OK
6970000,TEMPERATURE,21.94688,OK
6970372,VIBRATION,0.1396871,OK
6971622,VIBRATION,0.2441415,OK
6972872,VIBRATION,0.1844362,OK
6974122,VIBRATION,0.2127029,OK
6975372,VIBRATION,0.09965502,OK
6976622,VIBRATION,0.6088544,OK
6977872,VIBRATION,0.6953455,OK
6979122,VIBRATION,0.3905334,OK
6980000,PRESSURE,100.9518,OK
6980000,TEMPERATURE,22.0619,OK
6980372,VIBRATION,-0.05924363,OK
6981622,VIBRATION,0.04998875,OK
6982872,VIBRATION,0.190255,OK
6984122,VIBRATION,0.2056533,OK
6985372,VIBRATION,0.562973,OK
6986622,VIBRATION,-0.04888806,OK
6987872,VIBRATION,0.143734,OK
6989122,VIBRATION,-0.1665401,OK
6990000,PRESSURE,100.9112,OK
6990000,TEMPERATURE,22.09478,OK
6990372,VIBRATION,-0.0251184,OK
6991622,VIBRATION,-0.006345338,OK
6992872,VIBRATION,0.2326762,OK
6994122,VIBRATION,0.6223592,OK
6995372,VIBRATION,0.4390273,OK
6996622,VIBRATION,0.4535502,OK
6997872,VIBRATION,0.0500477,OK
6999122,VIBRATION,-0.2379767,OK
7000094,PRESSURE,100.9933,OK
7000094,TEMPERATURE,22.14876,OK
7000094,HUMIDITY,45.03563,OK
7000372,VIBRATION,0.3230078,OK
7001726,VIBRATION,0.06885811,OK
7002872,VIBRATION,0.2653331,OK
7004122,VIBRATION,0.7273137,OK
7005372,VIBRATION,0.5320793,OK
7006622,VIBRATION,0.8965996,OK
7007872,VIBRATION,0.6015214,OK
7009122,VIBRATION,-0.03738225,OK
7010000,PRESSURE,101.0906,OK
7010000,TEMPERATURE,22.25337,OK
7010372,VIBRATION,-0.1442892,OK
7011622,VIBRATION,-0.1307385,OK
7012872,VIBRATION,-0.3459808,OK
7014122,VIBRATION,0.2215212,OK
7015372,VIBRATION,0.327646,OK
7016622,VIBRATION,0.2732249,OK
7017883,VIBRATION,0.4213776,OK
7019122,VIBRATION,0.3820356,OK
7020000,PRESSURE,101.1432,OK
7020000,TEMPERATURE,22.1954,OK
7020372,VIBRATION,0.175219,OK
7021622,VIBRATION,0.1703949,OK
7022872,VIBRATION,0.4015517,OK
7024160,VIBRATION,0.6856051,OK
7025372,VIBRATION,0.8327862,OK
7026622,VIBRATION,1.413915,OK
7027872,VIBRATION,1.176061,OK
7029122,VIBRATION,1.336484,OK
7030000,PRESSURE,101.1768,OK
7030000,TEMPERATURE,22.27702,OK
7030372,VIBRATION,1.054878,OK
7031622,VIBRATION,0.9544944,OK
7032872,VIBRATION,0.7077383,OK
7034122,VIBRATION,0.7486889,OK
7035372,VIBRATION,1.222939,OK
7036625,VIBRATION,1.411686,OK
7037872,VIBRATION,1.240493,OK
7039122,VIBRATION,1.354388,OK
7040000,PRESSURE,101.1474,OK
7040000,TEMPERATURE,22.30892,OK
7040372,VIBRATION,1.439959,OK
7041622,VIBRATION,1.068929,OK
7042872,VIBRATION,1.016958,OK
7044122,VIBRATION,0.6373997,OK
7045372,VIBRATION,0.5476497,OK
7046622,VIBRATION,0.5448625,OK
7047872,VIBRATION,0.46609,OK
7049122,VIBRATION,0.5098046,OK
7050000,PRESSURE,101.1611,OK
7050000,TEMPERATURE,22.31366,OK
7050372,VIBRATION,0.391939,OK
7051622,VIBRATION,0.1514104,OK
7052872,VIBRATION,0.2598842,OK
7054122,VIBRATION,0.9766032,OK
7055372,VIBRATION,0.9519884,OK
7056622,VIBRATION,0.8970629,OK
7057872,VIBRATION,0.989925,OK
7059122,VIBRATION,0.6319692,OK
7060000,PRESSURE,101.2225,OK
7060000,TEMPERATURE,22.31967,OK
7060372,VIBRATION,0.7416914,OK
7061622,VIBRATION,1.373895,OK
7062872,VIBRATION,1.126517,OK
7064122,VIBRATION,1.232289,OK
7065372,VIBRATION,1.426403,OK
7066622,VIBRATION,1.808694,OK
7067872,VIBRATION,1.960782,OK
7069122,VIBRATION,2.567646,OK
7070000,PRESSURE,101.2326,OK
7070000,TEMPERATURE,22.2719,OK
7070372,VIBRATION,2.807274,OK
7071622,VIBRATION,2.215034,OK
7072872,VIBRATION,2.435853,OK
7074122,VIBRATION,2.525119,OK
7075372,VIBRATION,2.396465,OK
7076622,VIBRATION,1.923853,OK
7077872,VIBRATION,2.029229,OK
7079122,VIBRATION,1.993007,OK
7080000,PRESSURE,101.2509,OK
7080000,TEMPERATURE,22.29601,OK
7080372,VIBRATION,2.012798,OK
7081622,VIBRATION,2.116365,OK
7082872,VIBRATION,2.579198,OK
7084122,VIBRATION,2.264763,OK
7085372,VIBRATION,2.649654,OK
7086622,VIBRATION,2.671555,OK
7087872,VIBRATION,2.580949,OK
7089122,VIBRATION,2.71268,OK
7090000,PRESSURE,101.2819,OK
7090000,TEMPERATURE,22.3498,OK
7090372,VIBRATION,3.121198,OK
7091622,VIBRATION,3.027838,OK
7092872,VIBRATION,3.237304,OK
7094122,VIBRATION,2.484099,OK
7095372,VIBRATION,2.106446,OK
7096622,VIBRATION,1.975701,OK
7097872,VIBRATION,1.67899,OK
7099122,VIBRATION,1.236686,OK
7100000,PRESSURE,101.2305,OK
7100000,TEMPERATURE,22.29651,OK
7100372,VIBRATION,1.125226,OK
7101622,VIBRATION,1.343128,OK
7102872,VIBRATION,1.521521,OK
7104122,VIBRATION,1.417669,OK
7105372,VIBRATION,1.126014,OK
7106622,VIBRATION,1.505178,OK
7107872,VIBRATION,1.134908,OK
7109122,VIBRATION,1.18695,OK
7110000,PRESSURE,101.2481,OK
7110000,TEMPERATURE,22.31219,OK
7110372,VIBRATION,1.327918,OK
7111622,VIBRATION,1.429966,OK
7112872,VIBRATION,1.158804,OK
7114122,VIBRATION,0.4618349,OK
7115372,VIBRATION,0.3233005,OK
7116622,VIBRATION,0.01924354,OK
7117872,VIBRATION,-0.1947498,OK
7119122,VIBRATION,-0.2522612,OK
7120000,PRESSURE,101.3089,OK
7120000,TEMPERATURE,22.12742,OK
7120372,VIBRATION,-0.2773214,OK
7121622,VIBRATION,-0.361975,OK
7122872,VIBRATION,-0.212896,OK
7124122,VIBRATION,-0.1987083,OK
7125379,VIBRATION,-0.3721043,OK
7126622,VIBRATION,-0.466034,OK
7127872,VIBRATION,-0.1404757,OK
7129122,VIBRATION,-0.649154,OK
7130000,PRESSURE,101.3767,OK
7130000,TEMPERATURE,22.13359,OK
7130372,VIBRATION,-0.3885486,OK
7131622,VIBRATION,-0.561676,OK
7132872,VIBRATION,-0.5322891,OK
7134122,VIBRATION,-0.79464,OK
7135372,VIBRATION,-0.8372592,OK
7136622,VIBRATION,-1.405398,OK
7137872,VIBRATION,-1.246928,OK
7139122,VIBRATION,-1.214173,OK
7140000,PRESSURE,101.4167,OK
7140000,TEMPERATURE,22.15744,OK
7140372,VIBRATION,-1.773053,OK
7141622,VIBRATION,-1.689786,OK
7142872,VIBRATION,-1.564433,OK
7144122,VIBRATION,-1.762774,OK
7145372,VIBRATION,-2.021954,OK
7146622,VIBRATION,-2.127922,OK
7147872,VIBRATION,-2.447394,OK
7149122,VIBRATION,-2.361919,OK
7150000,PRESSURE,101.4681,OK
7150000,TEMPERATURE,22.24336,OK
7150372,VIBRATION,-2.800138,OK
7151622,VIBRATION,-2.943603,OK
7152872,VIBRATION,-2.49386,OK
7154122,VIBRATION,-2.023443,OK
7155372,VIBRATION,-1.761253,OK
7156622,VIBRATION,-1.709943,OK
7157872,VIBRATION,-1.692615,OK
7159122,VIBRATION,-1.038344,OK
7160000,PRESSURE,101.4374,OK
7160000,TEMPERATURE,22.14852,OK
7160372,VIBRATION,-0.913314,OK
7161622,VIBRATION,-0.8096135,OK
7162872,VIBRATION,-1.015666,OK
7164122,VIBRATION,-0.7060495,OK
7165372,VIBRATION,-0.6353078,OK
7166622,VIBRATION,-0.4938508,OK
7167872,VIBRATION,-0.346456,OK
7169122,VIBRATION,-0.4663049,OK
7170000,PRESSURE,101.331,OK
7170000,TEMPERATURE,22.12167,OK
7170372,VIBRATION,-0.3906344,OK
7171622,VIBRATION,-0.745685,OK
7172872,VIBRATION,-0.5416809,OK
7174122,VIBRATION,-0.739237,OK
7175372,VIBRATION,-0.9801317,OK
7176622,VIBRATION,-1.367989,OK
7177872,VIBRATION,-1.640681,OK
7179122,VIBRATION,-2.023011,OK
7180000,PRESSURE,101.3624,OK
7180000,TEMPERATURE,21.95347,OK
7180372,VIBRATION,-1.601404,OK
7181622,VIBRATION,-1.520977,OK
7182872,VIBRATION,-0.7756479,OK
7184424,VIBRATION,-1.172315,OK
7186179,VIBRATION,-1.119378,OK
7186622,VIBRATION,-0.6989893,OK
7187872,VIBRATION,-0.7278895,OK
7189122,VIBRATION,-1.027609,OK
7190001,PRESSURE,101.4101,OK
7190001,TEMPERATURE,21.97003,OK
7190372,VIBRATION,-0.7616326,OK
7191622,VIBRATION,-0.6743115,OK
7192872,VIBRATION,-0.986649,OK
7194122,VIBRATION,-0.737738,OK
7195372,VIBRATION,-0.9618107,OK
7196622,VIBRATION,-1.109644,OK
7197872,VIBRATION,-0.7037177,OK
7199122,VIBRATION,-0.6817886,OK
7200000,PRESSURE,101.4276,OK
7200000,TEMPERATURE,22.00792,OK
7200372,VIBRATION,-1.333565,OK
7201622,VIBRATION,-1.368951,OK
7202872,VIBRATION,-1.996358,OK
7204122,VIBRATION,-2.198775,OK
7205372,VIBRATION,-2.148117,OK
7206622,VIBRATION,-2.298238,OK
7207873,VIBRATION,-2.670306,OK
7209122,VIBRATION,-2.223845,OK
7210001,PRESSURE,101.3934,OK
7210001,TEMPERATURE,21.95082,OK
7210372,VIBRATION,-1.628657,OK
7211622,VIBRATION,-1.869885,OK
7212873,VIBRATION,-1.437882,OK
7214122,VIBRATION,-1.539276,OK
7215372,VIBRATION,-1.484567,OK
7216622,VIBRATION,-1.392845,OK
7217873,VIBRATION,-0.9889857,OK
7219122,VIBRATION,-1.247515,OK
7220000,PRESSURE,101.375,OK
7220000,TEMPERATURE,21.90203,OK
7220373,VIBRATION,-1.681585,OK
7221623,VIBRATION,-2.376111,OK
7222874,VIBRATION,-2.71407,OK
7224122,VIBRATION,-2.050925,OK
7225373,VIBRATION,-1.506928,OK
7226622,VIBRATION,-1.12255,OK
7227873,VIBRATION,-0.8719343,OK
7229139,VIBRATION,-0.7559065,OK
7230000,PRESSURE,101.3237,OK
7230000,TEMPERATURE,21.83422,OK
7230373,VIBRATION,-0.9845335,OK
7231623,VIBRATION,-1.307599,OK
7232872,VIBRATION,-1.318648,OK
7234123,VIBRATION,-0.8918022,OK
7235372,VIBRATION,-0.9049602,OK
7236622,VIBRATION,-1.131507,OK
7237872,VIBRATION,-0.7725485,OK
7239122,VIBRATION,-1.023043,OK
7240001,PRESSURE,101.3406,OK
7240001,TEMPERATURE,21.68496,OK
7240400,VIBRATION,-1.479499,OK
7241622,VIBRATION,-1.845634,OK
7242872,VIBRATION,-1.788364,OK
7244122,VIBRATION,-1.838873,OK
7245372,VIBRATION,-1.55656,OK
7246622,VIBRATION,-1.788246,OK
7247872,VIBRATION,-1.829007,OK
7249123,VIBRATION,-2.155224,OK
7250001,PRESSURE,101.2317,OK
7250001,TEMPERATURE,21.89916,OK
7250373,VIBRATION,-2.148081,OK
7251623,VIBRATION,-2.19368,OK
7252873,VIBRATION,-2.113683,OK
7254122,VIBRATION,-1.761894,OK
7255372,VIBRATION,-1.464782,OK
7256622,VIBRATION,-0.9629782,OK
7257873,VIBRATION,-0.9967129,OK
7259122,VIBRATION,-0.8596698,OK
7260000,PRESSURE,101.1812,OK
7260000,TEMPERATURE,21.78852,OK
7260372,VIBRATION,-0.8972235,OK
7261622,VIBRATION,-0.685469,OK
7262872,VIBRATION,-0.8653733,OK
7264122,VIBRATION,-1.018135,OK
7265372,VIBRATION,-1.347158,OK
7266622,VIBRATION,-1.27357,OK
7267872,VIBRATION,-1.614935,OK
7269122,VIBRATION,-1.571832,OK
7270000,PRESSURE,101.2149,OK
7270000,TEMPERATURE,21.76872,OK
7270372,VIBRATION,-1.690725,OK
7271622,VIBRATION,-1.312828,OK
7272872,VIBRATION,-1.165915,OK
7274122,VIBRATION,-1.047634,OK
7275372,VIBRATION,-1.326325,OK
7276622,VIBRATION,-1.090361,OK
7277872,VIBRATION,-1.015799,OK
7279122,VIBRATION,-1.1582,OK
7280000,PRESSURE,101.198,OK
7280000,TEMPERATURE,21.68413,OK
7280372,VIBRATION,-1.092938,OK
7281622,VIBRATION,-1.036169,OK
7282872,VIBRATION,-0.8267166,OK
7284122,VIBRATION,0.02047886,OK
7285372,VIBRATION,-0.4806148,OK
7286622,VIBRATION,-0.2378505,OK
7287872,VIBRATION,-0.6468545,OK
7289122,VIBRATION,-0.8918241,OK
7290000,PRESSURE,101.3196,OK
7290000,TEMPERATURE,21.48015,OK
7290372,VIBRATION,-0.679626,OK
7291622,VIBRATION,-0.5027113,OK
7292872,VIBRATION,-0.5662362,OK
7294122,VIBRATION,-0.8276585,OK
7295372,VIBRATION,-1.265939,OK
7296622,VIBRATION,-1.079776,OK
7297872,VIBRATION,-0.7828847,OK
7299122,VIBRATION,-0.9421467,OK
7300000,PRESSURE,101.3791,OK
7300000,TEMPERATURE,21.64191,OK
7300372,VIBRATION,-1.386217,OK
7301622,VIBRATION,-1.498776,OK
7302872,VIBRATION,-1.592109,OK
7304122,VIBRATION,-1.87723,OK
7305372,VIBRATION,-1.690823,OK
7306622,VIBRATION,-1.381581,OK
7307872,VIBRATION,-1.661805,OK
7309122,VIBRATION,-1.600999,OK
7310000,PRESSURE,101.3741,OK
7310000,TEMPERATURE,21.71535,OK
7310372,VIBRATION,-1.43043,OK
7311622,VIBRATION,-0.8485099,OK
7312872,VIBRATION,-0.260306,OK
7314122,VIBRATION,-0.1233711,OK
7315372,VIBRATION,0.3446053,OK
7316622,VIBRATION,0.2731811,OK
7317872,VIBRATION,0.2795748,OK
7319122,VIBRATION,0.2493503,OK
7320000,PRESSURE,101.3567,OK
7320000,TEMPERATURE,21.61066,OK
7320372,VIBRATION,0.1015053,OK
7321622,VIBRATION,-0.2714144,OK
7322872,VIBRATION,-0.8333918,OK
7324122,VIBRATION,-0.9136932,OK
7325372,VIBRATION,-0.8753133,OK
7326622,VIBRATION,-0.9880916,OK
7327872,VIBRATION,-0.7010395,OK
7329122,VIBRATION,-0.6151075,OK
7330000,PRESSURE,101.3425,OK
7330000,TEMPERATURE,21.45236,OK
7330372,VIBRATION,-0.2906801,OK
7331622,VIBRATION,0.04179527,OK
7332872,VIBRATION,0.1430005,OK
7334122,VIBRATION,-0.2101422,OK
7335372,VIBRATION,0.3902178,OK
7336622,VIBRATION,0.5826787,OK
7337873,VIBRATION,0.3934214,OK
7339122,VIBRATION,0.1207068,OK
7340000,PRESSURE,101.3004,OK
7340000,TEMPERATURE,21.40169,OK
7340372,VIBRATION,0.3365036,OK
7341622,VIBRATION,0.3146463,OK
7342926,VIBRATION,0.4279407,OK
7344122,VIBRATION,0.39293,OK
7345372,VIBRATION,0.6352705,OK
7346622,VIBRATION,0.7500763,OK
7347872,VIBRATION,0.6998218,OK
7349122,VIBRATION,0.5572382,OK
7350000,PRESSURE,101.2969,OK
7350000,TEMPERATURE,21.4757,OK
7350372,VIBRATION,0.3677665,OK
7351622,VIBRATION,0.517367,OK
7352879,VIBRATION,0.6472185,OK
7354122,VIBRATION,0.4661553,OK
7355372,VIBRATION,0.5182722,OK
7356622,VIBRATION,0.5885607,OK
7357872,VIBRATION,0.5993268,OK
7359122,VIBRATION,0.4423063,OK
7360000,PRESSURE,101.3189,OK
7360000,TEMPERATURE,21.66437,OK
7360372,VIBRATION,0.505293,OK
7361622,VIBRATION,0.4815181,OK
7362872,VIBRATION,0.1589897,OK
7364122,VIBRATION,0.2999322,OK
7365372,VIBRATION,0.08621078,OK
7366622,VIBRATION,0.811913,OK
7367886,VIBRATION,1.203795,OK
7369122,VIBRATION,1.137595,OK
7370000,PRESSURE,101.3638,OK
7370000,TEMPERATURE,21.75365,OK
7370372,VIBRATION,0.8373589,OK
7371622,VIBRATION,1.102965,OK
7372872,VIBRATION,1.910722,OK
7374122,VIBRATION,2.002,OK
7375372,VIBRATION,1.709363,OK
7376622,VIBRATION,1.462245,OK
7377872,VIBRATION,1.633768,OK
7379122,VIBRATION,1.671978,OK
7380000,PRESSURE,101.463,OK
7380000,TEMPERATURE,21.69203,OK
7380372,VIBRATION,1.598809,OK
7381622,VIBRATION,1.071989,OK
7382872,VIBRATION,1.268094,OK
7384122,VIBRATION,1.301314,OK
7385372,VIBRATION,1.998497,OK
7386622,VIBRATION,2.232214,OK
7387872,VIBRATION,2.205268,OK
7389122,VIBRATION,2.485196,OK
7390000,PRESSURE,101.4407,OK
7390000,TEMPERATURE,21.65499,OK
7390372,VIBRATION,2.794752,OK
7391622,VIBRATION,2.812287,OK
7392872,VIBRATION,2.961611,OK
7394122,VIBRATION,2.950174,OK
7395372,VIBRATION,3.065128,OK
7396622,VIBRATION,2.582329,OK
7397872,VIBRATION,2.546911,OK
7399122,VIBRATION,2.767168,OK
7400000,PRESSURE,101.4482,OK
7400000,TEMPERATURE,21.84016,OK
7400372,VIBRATION,2.607908,OK
7401622,VIBRATION,2.678425,OK
7402872,VIBRATION,2.522048,OK
7404122,VIBRATION,1.974261,OK
7405372,VIBRATION,1.731271,OK
7406622,VIBRATION,1.293858,OK
7407872,VIBRATION,1.738927,OK
7409128,VIBRATION,2.108693,OK
7410000,PRESSURE,101.4627,OK
7410000,TEMPERATURE,21.83836,OK
7410372,VIBRATION,1.804856,OK
7411622,VIBRATION,1.478106,OK
7412872,VIBRATION,1.381219,OK
7414122,VIBRATION,1.397927,OK
7415372,VIBRATION,1.306494,OK
7416622,VIBRATION,0.8393024,OK
7417872,VIBRATION,0.7509329,OK
7419122,VIBRATION,0.9035786,OK
7420000,PRESSURE,101.4087,OK
7420000,TEMPERATURE,22.05093,OK
7420372,VIBRATION,0.6881018,OK
7421622,VIBRATION,0.4532758,OK
7422872,VIBRATION,0.1362734,OK
7424122,VIBRATION,-0.08989937,OK
7425386,VIBRATION,-0.2740732,OK
7426622,VIBRATION,-0.09011463,OK
7427872,VIBRATION,0.08900432,OK
7429122,VIBRATION,0.660266,OK
7430000,PRESSURE,101.4318,OK
7430000,TEMPERATURE,21.9929,OK
7430372,VIBRATION,0.3283591,OK
7431622,VIBRATION,0.2820508,OK
7432872,VIBRATION,0.3462456,OK
7434122,VIBRATION,-0.4047254,OK
7435372,VIBRATION,-0.3548756,OK
7436622,VIBRATION,-0.462889,OK
7437872,VIBRATION,-0.309792,OK
7439122,VIBRATION,-0.07107571,OK
7440000,PRESSURE,101.3986,OK
7440000,TEMPERATURE,21.96384,OK
7440372,VIBRATION,-0.4405478,OK
7441622,VIBRATION,-0.7115397,OK
7442872,VIBRATION,-0.216602,OK
7444122,VIBRATION,-0.02762917,OK
7445372,VIBRATION,-0.05337761,OK
7446622,VIBRATION,-0.3031895,OK
7447872,VIBRATION,-0.3827067,OK
7449122,VIBRATION,0.08039078,OK
7450000,PRESSURE,101.363,OK
7450000,TEMPERATURE,21.95124,OK
7450372,VIBRATION,-0.1889765,OK
7451622,VIBRATION,-0.3826732,OK
7452872,VIBRATION,-0.1769988,OK
7454122,VIBRATION,-0.4354912,OK
7455372,VIBRATION,-0.4194253,OK
7456622,VIBRATION,-0.340621,OK
7457872,VIBRATION,-0.01257177,OK
7459122,VIBRATION,0.05823027,OK
7460062,PRESSURE,101.3609,OK
7460062,TEMPERATURE,21.76559,OK
7460372,VIBRATION,-0.4200246,OK
7461622,VIBRATION,-0.2340727,OK
7462872,VIBRATION,-0.08461563,OK
7464122,VIBRATION,-0.507305,OK
7465372,VIBRATION,-0.5763522,OK
7466622,VIBRATION,-0.6965751,OK
7467872,VIBRATION,-1.256859,OK
7469122,VIBRATION,-1.116161,OK
7470000,PRESSURE,101.3895,OK
7470000,TEMPERATURE,21.91814,OK
7470372,VIBRATION,-0.5309601,OK
7471622,VIBRATION,-0.9002028,OK
7472872,VIBRATION,-1.016199,OK
7474122,VIBRATION,-0.8036661,OK
7475410,VIBRATION,-1.191152,OK
7476622,VIBRATION,-0.9113014,OK
7477872,VIBRATION,-1.097838,OK
7479122,VIBRATION,-1.295169,OK
7480000,PRESSURE,101.3805,OK
7480000,TEMPERATURE,22.04287,OK
7480372,VIBRATION,-1.613157,OK
7481622,VIBRATION,-2.005082,OK
7482872,VIBRATION,-1.992362,OK
7484122,VIBRATION,-1.699956,OK
7485372,VIBRATION,-1.259433,OK
7486622,VIBRATION,-1.599982,OK
7487872,VIBRATION,-1.525841,OK
7489122,VIBRATION,-1.825683,OK
7490000,PRESSURE,101.2628,OK
7490000,TEMPERATURE,21.91452,OK
7490372,VIBRATION,-2.033095,OK
7491622,VIBRATION,-1.635736,OK
7492872,VIBRATION,-1.864469,OK
7494122,VIBRATION,-1.104967,OK
7495372,VIBRATION,-1.136727,OK
7496622,VIBRATION,-1.121746,OK
7497872,VIBRATION,-1.159215,OK
7499122,VIBRATION,-0.8113758,OK
7500000,PRESSURE,101.2845,OK
7500000,TEMPERATURE,21.82874,OK
7500372,VIBRATION,-0.1385876,OK
7501622,VIBRATION,-0.17357,OK
7502872,VIBRATION,0.1557191,OK
7504162,VIBRATION,-0.3451022,OK
7505495,VIBRATION,-0.3301044,OK
7506622,VIBRATION,-0.2246758,OK
7507872,VIBRATION,-0.1121929,OK
7509122,VIBRATION,-0.06545525,OK
7510000,PRESSURE,101.3578,OK
7510000,TEMPERATURE,21.83983,OK
7510372,VIBRATION,0.201311,OK
7511622,VIBRATION,0.6376582,OK
7512872,VIBRATION,0.4390687,OK
7514122,VIBRATION,0.9466679,OK
7515372,VIBRATION,0.2184087,OK
7516622,VIBRATION,0.06824478,OK
7517872,VIBRATION,0.6137253,OK
7519122,VIBRATION,0.6661498,OK
7520000,PRESSURE,101.3858,OK
7520000,TEMPERATURE,21.74793,OK
7520372,VIBRATION,0.8431462,OK
7521622,VIBRATION,0.7824731,OK
7522872,VIBRATION,0.3480138,OK
7524122,VIBRATION,0.2291746,OK
7525372,VIBRATION,-0.1785298,OK
7526622,VIBRATION,-0.1482121,OK
7527872,VIBRATION,-0.4389494,OK
7529122,VIBRATION,-0.1209692,OK
7530000,PRESSURE,101.42,OK
7530000,TEMPERATURE,21.59333,OK
7530372,VIBRATION,-0.05754189,OK
7531622,VIBRATION,-0.07762746,OK
7532872,VIBRATION,-0.04698463,OK
7534122,VIBRATION,-0.4631176,OK
7535372,VIBRATION,-0.3007424,OK
7536622,VIBRATION,-0.2567741,OK
7537872,VIBRATION,-0.1816051,OK
7539122,VIBRATION,0.238968,OK
7540000,PRESSURE,101.4177,OK
7540000,TEMPERATURE,21.69892,OK
7540372,VIBRATION,0.2733529,OK
7541622,VIBRATION,0.4726273,OK
7542872,VIBRATION,0.4095213,OK
7544122,VIBRATION,-0.1996446,OK
7545372,VIBRATION,0.03049274,OK
7546622,VIBRATION,-0.1880253,OK
7547872,VIBRATION,-0.7254068,OK
7549122,VIBRATION,-0.07906047,OK
7550000,PRESSURE,101.3344,OK
7550000,TEMPERATURE,21.7934,OK
7550372,VIBRATION,-0.246575,OK
7551622,VIBRATION,0.1657081,OK
7552872,VIBRATION,-0.183703,OK
7554122,VIBRATION,-0.03833968,OK
7555372,VIBRATION,-0.01543826,OK
7556622,VIBRATION,0.2138925,OK
7557872,VIBRATION,0.2339742,OK
7559122,VIBRATION,0.1587228,OK
7560002,PRESSURE,101.2859,OK
7560002,TEMPERATURE,21.87648,OK
7560372,VIBRATION,0.3949821,OK
7561622,VIBRATION,0.660662,OK
7562872,VIBRATION,0.9059728,OK
7564122,VIBRATION,0.6997962,OK
7565372,VIBRATION,0.9288031,OK
7566622,VIBRATION,0.9008933,OK
7567872,VIBRATION,0.7545111,OK
7569122,VIBRATION,0.7604405,OK
7570000,PRESSURE,101.3372,OK
7570000,TEMPERATURE,21.98364,OK
7570372,VIBRATION,0.7558611,OK
7571622,VIBRATION,0.9574177,OK
7572872,VIBRATION,0.3340736,OK
7574122,VIBRATION,0.7663054,OK
7575372,VIBRATION,0.7470848,OK
7576622,VIBRATION,0.8316942,OK
7577872,VIBRATION,1.311924,OK
7579122,VIBRATION,0.770359,OK
7580000,PRESSURE,101.2911,OK
7580000,TEMPERATURE,21.82222,OK
7580372,VIBRATION,1.258812,OK
7581622,VIBRATION,1.502431,OK
7582872,VIBRATION,1.15372,OK
7584122,VIBRATION,0.8538013,OK
7585372,VIBRATION,0.4199405,OK
7586622,VIBRATION,0.6328702,OK
7587872,VIBRATION,1.146034,OK
7589122,VIBRATION,1.163639,OK
7590000,PRESSURE,101.2002,OK
7590000,TEMPERATURE,21.87825,OK
7590372,VIBRATION,1.015016,OK
7591622,VIBRATION,1.486026,OK
7592872,VIBRATION,1.388894,OK
7594122,VIBRATION,1.650361,OK
7595372,VIBRATION,1.967489,OK
7596622,VIBRATION,1.820834,OK
7597872,VIBRATION,1.512892,OK
7599122,VIBRATION,1.126816,OK
7600000,PRESSURE,101.1447,OK
7600000,TEMPERATURE,21.82585,OK
7600372,VIBRATION,1.707143,OK
7601644,VIBRATION,1.821283,OK
7602872,VIBRATION,1.872123,OK
7604122,VIBRATION,1.883358,OK
7605372,VIBRATION,2.077433,OK
7606622,VIBRATION,2.076628,OK
7607872,VIBRATION,2.002527,OK
7609122,VIBRATION,1.893568,OK
7610000,PRESSURE,101.0868,OK
7610000,TEMPERATURE,21.74132,OK
7610372,VIBRATION,2.245472,OK
7611622,VIBRATION,1.624939,OK
7612872,VIBRATION,1.448397,OK
7614122,VIBRATION,1.230984,OK
7615372,VIBRATION,1.396369,OK
7616622,VIBRATION,1.456406,OK
7617872,VIBRATION,1.959093,OK
7619122,VIBRATION,1.748297,OK
7620000,PRESSURE,101.1956,OK
7620000,TEMPERATURE,21.79805,OK
7620372,VIBRATION,1.639606,OK
7621622,VIBRATION,0,COMM_ERROR
7622872,VIBRATION,1.593612,OK
7624122,VIBRATION,1.13276,OK
7625372,VIBRATION,0.7238812,OK
7626622,VIBRATION,0.5787218,OK
7627872,VIBRATION,0.6719749,OK
7629122,VIBRATION,0.5400711,OK
7630000,PRESSURE,101.1306,OK
7630000,TEMPERATURE,21.71515,OK
7630372,VIBRATION,-0.1536424,OK
7631622,VIBRATION,0.07324829,OK
7632872,VIBRATION,0.2496908,OK
7634122,VIBRATION,0.2753615,OK
7635372,VIBRATION,-0.06466409,OK
7636622,VIBRATION,0.084206,OK
7637872,VIBRATION,-0.1624913,OK
7639122,VIBRATION,-0.07772105,OK
7640000,PRESSURE,101.1163,OK
7640000,TEMPERATURE,22.07765,OK
7640372,VIBRATION,-0.05422698,OK
7641622,VIBRATION,-0.05324569,OK
7642872,VIBRATION,-0.3155134,OK
7644122,VIBRATION,-0.4457903,OK
7645372,VIBRATION,-0.8005597,OK
7646622,VIBRATION,-0.8757617,OK
7647872,VIBRATION,-0.8106564,OK
7649197,VIBRATION,-0.783028,OK
7650000,PRESSURE,101.0475,OK
7650000,TEMPERATURE,22.19063,OK
7650372,VIBRATION,-0.8316352,OK
7651622,VIBRATION,-0.9300263,OK
7652872,VIBRATION,-0.07719665,OK
7654122,VIBRATION,-0.05421595,OK
7655372,VIBRATION,-0.3008115,OK
7656622,VIBRATION,-0.4184983,OK
7657872,VIBRATION,-0.6831846,OK
7659122,VIBRATION,-0.5980973,OK
7660000,PRESSURE,101.1336,OK
7660000,TEMPERATURE,22.08598,OK
7660372,VIBRATION,-0.9819691,OK
7661622,VIBRATION,-1.10253,OK
7662872,VIBRATION,-0.66485,OK
7664122,VIBRATION,-0.6856445,OK
7665372,VIBRATION,-0.2153451,OK
7666622,VIBRATION,-0.4144752,OK
7667872,VIBRATION,-0.5471177,OK
7669122,VIBRATION,-0.4580022,OK
7670000,PRESSURE,101.141,OK
7670000,TEMPERATURE,22.07701,OK
7670372,VIBRATION,-0.5585711,OK
7671622,VIBRATION,-0.5255628,OK
7672872,VIBRATION,-1.025276,OK
7674122,VIBRATION,-0.6105255,OK
7675377,VIBRATION,-0.4433339,OK
7676622,VIBRATION,-0.438925,OK
7677872,VIBRATION,-0.408873,OK
7679122,VIBRATION,-0.7447437,OK
7680000,PRESSURE,101.1733,OK
7680000,TEMPERATURE,21.91267,OK
7680372,VIBRATION,-0.4059149,OK
7681622,VIBRATION,-0.8695268,OK
7682872,VIBRATION,-0.7945859,OK
7684122,VIBRATION,-1.425201,OK
7685372,VIBRATION,-1.330148,OK
7686622,VIBRATION,-1.283185,OK
7687872,VIBRATION,-1.100737,OK
7689122,VIBRATION,-1.32713,OK
7690000,PRESSURE,101.158,OK
7690000,TEMPERATURE,21.9826,OK
7690372,VIBRATION,-1.514285,OK
7691622,VIBRATION,-1.54753,OK
7692872,VIBRATION,-1.271752,OK
7694122,VIBRATION,-0.9972854,OK
7695372,VIBRATION,-1.102352,OK
7696622,VIBRATION,-1.629436,OK
7697872,VIBRATION,-2.072818,OK
7699122,VIBRATION,-1.685337,OK
7700000,PRESSURE,101.1914,OK
7700000,TEMPERATURE,22.1035,OK
7700372,VIBRATION,-1.92477,OK
7701622,VIBRATION,-1.377439,OK
7702872,VIBRATION,-1.669304,OK
7704122,VIBRATION,-1.880113,OK
7705372,VIBRATION,-1.947656,OK
7706622,VIBRATION,-1.391918,OK
7707872,VIBRATION,-1.405004,OK
7709178,VIBRATION,-1.352242,OK
7710000,PRESSURE,101.2383,OK
7710000,TEMPERATURE,22.23744,OK
7710373,VIBRATION,-1.750332,OK
7711622,VIBRATION,-1.406845,OK
7712872,VIBRATION,-1.085875,OK
7714122,VIBRATION,-1.333136,OK
7715372,VIBRATION,-1.37722,OK
7716622,VIBRATION,-1.546382,OK
7717872,VIBRATION,-2.024285,OK
7719122,VIBRATION,-1.967715,OK
7720000,PRESSURE,101.2724,OK
7720000,TEMPERATURE,22.23479,OK
7720372,VIBRATION,-1.693823,OK
7721622,VIBRATION,-1.47055,OK
7722872,VIBRATION,-1.463782,OK
7724122,VIBRATION,-1.209665,OK
7725372,VIBRATION,-0.8169611,OK
7726622,VIBRATION,-0.5160272,OK
7727872,VIBRATION,-0.1813272,OK
7729122,VIBRATION,0.06885316,OK
7730000,PRESSURE,101.234,OK
7730000,TEMPERATURE,22.18057,OK
7730372,VIBRATION,0.05979481,OK
7731622,VIBRATION,0.4305776,OK
7732872,VIBRATION,0.7154101,OK
7734122,VIBRATION,0.5704684,OK
7735372,VIBRATION,0.2729012,OK
7736622,VIBRATION,0.1069942,OK
7737872,VIBRATION,-0.2158587,OK
7739122,VIBRATION,-0.01226956,OK
7740000,PRESSURE,101.2388,OK
7740000,TEMPERATURE,22.18103,OK
7740372,VIBRATION,0.3746104,OK
7741622,VIBRATION,0.4248468,OK
7742872,VIBRATION,0.4729722,OK
7744122,VIBRATION,0.2627263,OK
7745372,VIBRATION,0.4478731,OK
7746622,VIBRATION,0.07083794,OK
7747872,VIBRATION,-0.1217644,OK
7749122,VIBRATION,0.3007325,OK
7750000,PRESSURE,101.2454,OK
7750000,TEMPERATURE,22.09908,OK
7750372,VIBRATION,0.249092,OK
7751622,VIBRATION,0.1941704,OK
7752872,VIBRATION,-0.07096699,OK
7754122,VIBRATION,-0.1711652,OK
7755372,VIBRATION,0.2193315,OK
7756636,VIBRATION,-0.04419885,OK
7757872,VIBRATION,0.2728565,OK
7759122,VIBRATION,0.6612365,OK
7760000,PRESSURE,101.1795,OK
7760000,TEMPERATURE,21.9942,OK
7760372,VIBRATION,0.7809216,OK
7761622,VIBRATION,0.7783786,OK
7762872,VIBRATION,1.033524,OK
7764122,VIBRATION,1.187663,OK
7765372,VIBRATION,0.7666168,OK
7766622,VIBRATION,0.8335508,OK
7767872,VIBRATION,0.9778637,OK
7769122,VIBRATION,0.8209325,OK
7770000,PRESSURE,101.1775,OK
7770000,TEMPERATURE,21.88059,OK
7770372,VIBRATION,0.9495786,OK
7771622,VIBRATION,0.7086263,OK
7772872,VIBRATION,0.9313115,OK
7774122,VIBRATION,0.9595274,OK
7775372,VIBRATION,0.9131257,OK
7776622,VIBRATION,0.8249919,OK
7777872,VIBRATION,1.374683,OK
7779122,VIBRATION,1.306213,OK
7780000,PRESSURE,101.1008,OK
7780000,TEMPERATURE,21.94534,OK
7780372,VIBRATION,1.65196,OK
7781623,VIBRATION,1.711819,OK
7782872,VIBRATION,1.655781,OK
7784122,VIBRATION,1.368862,OK
7785372,VIBRATION,1.478112,OK
7786622,VIBRATION,1.132932,OK
7787872,VIBRATION,0.8029938,OK
7789122,VIBRATION,0.7384863,OK
7790000,PRESSURE,101.0633,OK
7790000,TEMPERATURE,21.99246,OK
7790372,VIBRATION,0.9200909,OK
7791622,VIBRATION,1.37657,OK
7792872,VIBRATION,1.178384,OK
7794122,VIBRATION,0.6139189,OK
7795372,VIBRATION,0.4859433,OK
7796622,VIBRATION,0.4654852,OK
7797872,VIBRATION,0.5879613,OK
7799122,VIBRATION,-0.004257415,OK
7800000,PRESSURE,101.0973,OK
7800000,TEMPERATURE,21.88569,OK
7800372,VIBRATION,-0.2891105,OK
7801622,VIBRATION,0.059151,OK
7802872,VIBRATION,0.3313063,OK
7804122,VIBRATION,0.4178173,OK
7805372,VIBRATION,-0.09149037,OK
7806622,VIBRATION,0.3639236,OK
7807872,VIBRATION,0.01708023,OK
7809122,VIBRATION,0.4373201,OK
7810000,PRESSURE,101.1172,OK
7810000,TEMPERATURE,21.79581,OK
7810372,VIBRATION,0.405393,OK
7811622,VIBRATION,-0.1446921,OK
7812872,VIBRATION,-0.962289,OK
7814142,VIBRATION,-0.7404117,OK
7815372,VIBRATION,-1.140937,OK
7816622,VIBRATION,-1.460354,OK
7817872,VIBRATION,-1.098913,OK
7819122,VIBRATION,-1.317796,OK
7820000,PRESSURE,101.1421,OK
7820000,TEMPERATURE,21.80976,OK
7820372,VIBRATION,-0.9603552,OK
7821622,VIBRATION,-0.8984655,OK
7822872,VIBRATION,-1.068008,OK
7824122,VIBRATION,-0.9686205,OK
7825372,VIBRATION,-1.138662,OK
7826622,VIBRATION,-0.8344599,OK
7827872,VIBRATION,-1.179734,OK
7829122,VIBRATION,-1.436429,OK
7830000,PRESSURE,101.0818,OK
7830000,TEMPERATURE,21.83671,OK
7830372,VIBRATION,-1.3644,OK
7831622,VIBRATION,-1.142193,OK
7832872,VIBRATION,-0.9237709,OK
7834122,VIBRATION,-1.109606,OK
7835372,VIBRATION,-1.054971,OK
7836622,VIBRATION,-0.6771157,OK
7837872,VIBRATION,-0.03840121,OK
7839136,VIBRATION,0.3940396,OK
7840000,PRESSURE,101.1498,OK
7840000,TEMPERATURE,21.87591,OK
7840372,VIBRATION,-0.03330863,OK
7841622,VIBRATION,0.3050549,OK
7842872,VIBRATION,0.4754702,OK
7844122,VIBRATION,0.4907829,OK
7845372,VIBRATION,1.295275,OK
7846622,VIBRATION,1.49222,OK
7847874,VIBRATION,1.581868,OK
7849122,VIBRATION,0.7296937,OK
7850000,PRESSURE,101.2885,OK
7850000,TEMPERATURE,22.05252,OK
7850372,VIBRATION,0.8006819,OK
7851658,VIBRATION,0.336659,OK
7852872,VIBRATION,0.3271629,OK
7854122,VIBRATION,0.3479023,OK
7855372,VIBRATION,0.09701747,OK
7856622,VIBRATION,-0.521334,OK
7857872,VIBRATION,-0.7321085,OK
7859122,VIBRATION,-0.9997843,OK
7860000,PRESSURE,101.2483,OK
7860000,TEMPERATURE,21.87902,OK
7860372,VIBRATION,-0.7983513,OK
7861622,VIBRATION,-0.8817327,OK
7862872,VIBRATION,-0.5477355,OK
7864122,VIBRATION,0.03855864,OK
7865372,VIBRATION,0.2329385,OK
7866622,VIBRATION,0.1840121,OK
7867872,VIBRATION,-0.04026603,OK
7869122,VIBRATION,0.2803093,OK
7870000,PRESSURE,101.2785,OK
7870000,TEMPERATURE,21.7389,OK
7870372,VIBRATION,0.5477845,OK
7871622,VIBRATION,0.8751576,OK
7872872,VIBRATION,0.5281506,OK
7874122,VIBRATION,0.08384162,OK
7875372,VIBRATION,-0.119095,OK
7876622,VIBRATION,0.1305825,OK
7877872,VIBRATION,0.1684793,OK
7879122,VIBRATION,0.1122939,OK
7880000,PRESSURE,101.284,OK
7880000,TEMPERATURE,21.67445,OK
7880372,VIBRATION,-0.001315891,OK
7881622,VIBRATION,-0.203755,OK
7882872,VIBRATION,-0.494074,OK
7884122,VIBRATION,-0.7582578,OK
7885372,VIBRATION,-1.029023,OK
7886622,VIBRATION,-0.9973051,OK
7887872,VIBRATION,-1.207411,OK
7889122,VIBRATION,-0.8395246,OK
7890000,PRESSURE,101.219,OK
7890000,TEMPERATURE,21.83637,OK
7890372,VIBRATION,-0.7329579,OK
7891622,VIBRATION,-0.8948889,OK
7892872,VIBRATION,-1.252049,OK
7894122,VIBRATION,-1.777874,OK
7895372,VIBRATION,-1.451252,OK
7896622,VIBRATION,-1.429378,OK
7897872,VIBRATION,-1.021047,OK
7899122,VIBRATION,-1.024114,OK
7900000,PRESSURE,101.2828,OK
7900000,TEMPERATURE,21.96985,OK
7900372,VIBRATION,-0.6511889,OK
7901622,VIBRATION,-0.8275269,OK
7902872,VIBRATION,-0.7591536,OK
7904122,VIBRATION,-0.215292,OK
7905372,VIBRATION,-0.07749679,OK
7906622,VIBRATION,-0.1006205,OK
7907872,VIBRATION,0.2449735,OK
7909122,VIBRATION,0.5612266,OK
7910000,PRESSURE,101.3373,OK
7910000,TEMPERATURE,21.95148,OK
7910372,VIBRATION,0.6979023,OK
7911622,VIBRATION,1.621037,OK
7912872,VIBRATION,1.636096,OK
7914122,VIBRATION,1.424993,OK
7915372,VIBRATION,1.487551,OK
7916622,VIBRATION,1.046527,OK
7917872,VIBRATION,0.7850858,OK
7919122,VIBRATION,0.7896781,OK
7920000,PRESSURE,101.3568,OK
7920000,TEMPERATURE,21.75292,OK
7920372,VIBRATION,0.1848061,OK
7921622,VIBRATION,-0.02607333,OK
7922872,VIBRATION,-0.2586358,OK
7924122,VIBRATION,0.09296194,OK
7925372,VIBRATION,0.2955017,OK
7926622,VIBRATION,0.02241836,OK
7927872,VIBRATION,-0.4156999,OK
7929122,VIBRATION,-0.1560543,OK
7930000,PRESSURE,101.3407,OK
7930000,TEMPERATURE,21.61986,OK
7930372,VIBRATION,-0.3751009,OK
7931622,VIBRATION,-0.5703213,OK
7932872,VIBRATION,-0.8457342,OK
7934122,VIBRATION,-0.897749,OK
7935372,VIBRATION,-0.4849934,OK
7936622,VIBRATION,0.0188649,OK
7937872,VIBRATION,-0.004663095,OK
7939122,VIBRATION,-0.1968366,OK
7940000,PRESSURE,101.3658,OK
7940000,TEMPERATURE,21.59302,OK
7940372,VIBRATION,-0.2710069,OK
7941622,VIBRATION,0.3485503,OK
7942872,VIBRATION,0.01128818,OK
7944122,VIBRATION,-0.03040856,OK
7945372,VIBRATION,-0.6195536,OK
7946622,VIBRATION,-0.8932441,OK
7947872,VIBRATION,-0.5435605,OK
7949122,VIBRATION,-0.7247524,OK
7950000,PRESSURE,101.2917,OK
7950000,TEMPERATURE,21.65331,OK
7950372,VIBRATION,-0.9961225,OK
7951657,VIBRATION,-1.226208,OK
7952872,VIBRATION,-1.246861,OK
7954123,VIBRATION,-1.21047,OK
7955372,VIBRATION,-0.6107381,OK
7956622,VIBRATION,-1.111051,OK
7957872,VIBRATION,-1.754763,OK
7959122,VIBRATION,-1.207973,OK
7960000,PRESSURE,101.3334,OK
7960000,TEMPERATURE,21.56251,OK
7960372,VIBRATION,-1.404998,OK
7961622,VIBRATION,-1.746154,OK
7962872,VIBRATION,-1.5978,OK
7964122,VIBRATION,-1.993005,OK
7965372,VIBRATION,-1.796998,OK
7966622,VIBRATION,-1.769262,OK
7967872,VIBRATION,-2.341792,OK
7969122,VIBRATION,-2.37124,OK
7970000,PRESSURE,101.2791,OK
7970000,TEMPERATURE,21.57415,OK
7970372,VIBRATION,-2.637077,OK
7971622,VIBRATION,-2.239361,OK
7972872,VIBRATION,-2.016276,OK
7974122,VIBRATION,-1.957893,OK
7975372,VIBRATION,-2.152544,OK
7976622,VIBRATION,-1.63938,OK
7977872,VIBRATION,-1.708082,OK
7979122,VIBRATION,-1.14547,OK
7980000,PRESSURE,101.2792,OK
7980000,TEMPERATURE,21.41725,OK
7980372,VIBRATION,-1.475815,OK
7981622,VIBRATION,-1.257462,OK
7982872,VIBRATION,-0.6998595,OK
7984122,VIBRATION,-0.5510532,OK
7985372,VIBRATION,-0.9122088,OK
7986622,VIBRATION,-0.6385878,OK
7987872,VIBRATION,-0.7122624,OK
7989122,VIBRATION,-0.0903183,OK
7990000,PRESSURE,101.1675,OK
7990000,TEMPERATURE,21.57638,OK
7990372,VIBRATION,-0.598629,OK
7991622,VIBRATION,-0.4123004,OK
7992872,VIBRATION,-0.3561674,OK
7994122,VIBRATION,-0.5991873,OK
7995372,VIBRATION,-0.9481059,OK
7996622,VIBRATION,-0.6213634,OK
7997872,VIBRATION,-0.5663559,OK
7999131,VIBRATION,-0.6241453,OK
8000003,PRESSURE,101.2074,OK
8000003,TEMPERATURE,21.56203,OK
8000003,HUMIDITY,44.6336,OK
8000372,VIBRATION,-0.1178989,OK
8001622,VIBRATION,0.006969844,OK
8002872,VIBRATION,-0.6107848,OK
8004122,VIBRATION,-0.8245433,OK
8005372,VIBRATION,-0.5147594,OK
8006622,VIBRATION,-0.2899784,OK
8007872,VIBRATION,0.401976,OK
8009122,VIBRATION,0.1383397,OK
8010000,PRESSURE,101.1562,OK
8010000,TEMPERATURE,21.48611,OK
8010372,VIBRATION,-0.1520311,OK
8011622,VIBRATION,-0.03061031,OK
8012872,VIBRATION,0.0391235,OK
8014122,VIBRATION,-0.1740554,OK
8015372,VIBRATION,0.3361342,OK
8016622,VIBRATION,0.8536618,OK
8017872,VIBRATION,0.7437831,OK
8019122,VIBRATION,0.8252814,OK
8020000,PRESSURE,101.2497,OK
8020000,TEMPERATURE,21.72169,OK
8020372,VIBRATION,0.455095,OK
8021622,VIBRATION,0.1988132,OK
8022872,VIBRATION,-0.1323304,OK
8024122,VIBRATION,-0.1294278,OK
8025372,VIBRATION,-0.414284,OK
8026713,VIBRATION,-0.4513157,OK
8027872,VIBRATION,-0.7213649,OK
8029122,VIBRATION,-0.3664097,OK
8030000,PRESSURE,101.2333,OK
8030000,TEMPERATURE,21.68129,OK
8030372,VIBRATION,-1.007675,OK
8031622,VIBRATION,-0.7329071,OK
8032872,VIBRATION,-1.099693,OK
8034122,VIBRATION,-1.129758,OK
8035372,VIBRATION,-1.171414,OK
8036622,VIBRATION,-1.113292,OK
8037872,VIBRATION,-0.9047422,OK
8039131,VIBRATION,-0.7659426,OK
8040000,PRESSURE,101.2457,OK
8040000,TEMPERATURE,21.81037,OK
8040372,VIBRATION,-1.199087,OK
8041622,VIBRATION,-1.304206,OK
8042872,VIBRATION,-1.807718,OK
8044122,VIBRATION,-1.718306,OK
8045372,VIBRATION,-1.647467,OK
8046622,VIBRATION,-1.212169,OK
8047872,VIBRATION,-1.037439,OK
8049122,VIBRATION,-1.21951,OK
8050000,PRESSURE,101.1797,OK
8050000,TEMPERATURE,21.74375,OK
8050372,VIBRATION,-1.527196,OK
8051622,VIBRATION,-1.725738,OK
8052872,VIBRATION,-1.694478,OK
8054122,VIBRATION,-1.671934,OK
8055372,VIBRATION,-1.385869,OK
8056622,VIBRATION,-1.509417,OK
8057872,VIBRATION,-1.390692,OK
8059122,VIBRATION,-1.635796,OK
8060000,PRESSURE,101.1509,OK
8060000,TEMPERATURE,21.67514,OK
8060372,VIBRATION,-1.188688,OK
8061622,VIBRATION,-1.353322,OK
8062872,VIBRATION,-1.191809,OK
8064122,VIBRATION,-1.207142,OK
8065372,VIBRATION,-1.730724,OK
8066622,VIBRATION,-1.16759,OK
8067872,VIBRATION,-1.007859,OK
8069123,VIBRATION,-0.9131088,OK
8070004,PRESSURE,101.1496,OK
8070004,TEMPERATURE,21.72568,OK
8070372,VIBRATION,-1.143913,OK
8071622,VIBRATION,-0.8164662,OK
8072872,VIBRATION,-1.189051,OK
8074122,VIBRATION,-1.14401,OK
8075372,VIBRATION,-0.823258,OK
8076622,VIBRATION,-0.7417096,OK
8077872,VIBRATION,-0.6397076,OK
8079122,VIBRATION,-0.9134087,OK
8080000,PRESSURE,101.1081,OK
8080000,TEMPERATURE,21.86905,OK
8080372,VIBRATION,-0.8028412,OK
8081622,VIBRATION,-0.5764886,OK
8082872,VIBRATION,-0.809564,OK
8084122,VIBRATION,-0.9103204,OK
8085372,VIBRATION,-0.6576749,OK
8086622,VIBRATION,-0.765196,OK
8087951,VIBRATION,-0.9713587,OK
8089122,VIBRATION,-0.7591421,OK
8090000,PRESSURE,101.0789,OK
8090000,TEMPERATURE,22.06814,OK
8090372,VIBRATION,-0.7516659,OK
8091622,VIBRATION,-0.5207798,OK
8092872,VIBRATION,-0.7308915,OK
8094122,VIBRATION,-1.129264,OK
8095386,VIBRATION,-1.32941,OK
8096622,VIBRATION,-0.6963736,OK
8097872,VIBRATION,-0.8300098,OK
8099122,VIBRATION,-0.7863988,OK
8100000,PRESSURE,101.1069,OK
8100000,TEMPERATURE,22.00521,OK
8100372,VIBRATION,-0.6658699,OK
8101622,VIBRATION,-0.6740664,OK
8102872,VIBRATION,-1.425716,OK
8104122,VIBRATION,-1.356408,OK
8105372,VIBRATION,-1.489948,OK
8106622,VIBRATION,-1.444078,OK
8107872,VIBRATION,-1.086962,OK
8109122,VIBRATION,-1.141523,OK
8110000,PRESSURE,101.044,OK
8110000,TEMPERATURE,21.85008,OK
8110372,VIBRATION,-1.027483,OK
8111622,VIBRATION,-0.4981373,OK
8112872,VIBRATION,-0.7440459,OK
8114122,VIBRATION,-0.5789469,OK
8115372,VIBRATION,-0.5265311,OK
8116622,VIBRATION,-0.7329455,OK
8117872,VIBRATION,-0.8168545,OK
8119122,VIBRATION,-0.7726296,OK
8120000,PRESSURE,101.0155,OK
8120000,TEMPERATURE,21.80594,OK
8120372,VIBRATION,-1.169256,OK
8121622,VIBRATION,-0.9066688,OK
8122872,VIBRATION,-0.8655058,OK
8124122,VIBRATION,-0.8639093,OK
8125372,VIBRATION,-0.2155648,OK
8126622,VIBRATION,-0.4396453,OK
8127872,VIBRATION,-0.6963253,OK
8129122,VIBRATION,-0.3280776,OK
8130001,PRESSURE,100.9795,OK
8130001,TEMPERATURE,21.73659,OK
8130372,VIBRATION,-0.7183693,OK
8131622,VIBRATION,-0.6992496,OK
8132872,VIBRATION,-1.201523,OK
8134122,VIBRATION,-1.064373,OK
8135372,VIBRATION,-1.279825,OK
8136622,VIBRATION,-1.235414,OK
8137872,VIBRATION,-1.471666,OK
8139122,VIBRATION,-1.56142,OK
8140000,PRESSURE,100.9993,OK
8140000,TEMPERATURE,21.77392,OK
8140411,VIBRATION,-1.290092,OK
8141622,VIBRATION,-0.7801994,OK
8142872,VIBRATION,-0.9075288,OK
8144122,VIBRATION,0.2034594,OK
8145372,VIBRATION,0.6248808,OK
8146622,VIBRATION,0.02867379,OK
8147872,VIBRATION,-0.2253245,OK
8149122,VIBRATION,-0.2991738,OK
8150000,PRESSURE,100.9529,OK
8150000,TEMPERATURE,21.66521,OK
8150372,VIBRATION,-0.4512901,OK
8151622,VIBRATION,-0.3619861,OK
8152872,VIBRATION,-0.7739855,OK
8154122,VIBRATION,-0.8701093,OK
8155372,VIBRATION,-0.7544188,OK
8156622,VIBRATION,-0.3347383,OK
8157872,VIBRATION,-0.7562254,OK
8159122,VIBRATION,-0.6689165,OK
8160000,PRESSURE,100.8847,OK
8160000,TEMPERATURE,21.70439,OK
8160372,VIBRATION,-0.6531515,OK
8161622,VIBRATION,-0.5337271,OK
8162872,VIBRATION,-0.00499428,OK
8164122,VIBRATION,0.1604242,OK
8165372,VIBRATION,0.2166005,OK
8166622,VIBRATION,-0.1024644,OK
8167872,VIBRATION,0.5547947,OK
8169122,VIBRATION,0.9743806,OK
8170000,PRESSURE,100.832,OK
8170000,TEMPERATURE,21.72927,OK
8170372,VIBRATION,1.441537,OK
8171623,VIBRATION,1.3448,OK
8172872,VIBRATION,0.9854226,OK
8174122,VIBRATION,1.155473,OK
8175372,VIBRATION,1.619874,OK
8176622,VIBRATION,1.531212,OK
8177872,VIBRATION,1.704497,OK
8179122,VIBRATION,1.83054,OK
8180000,PRESSURE,100.7627,OK
8180000,TEMPERATURE,21.8929,OK
8180372,VIBRATION,1.916263,OK
8181622,VIBRATION,1.738205,OK
8182872,VIBRATION,1.785004,OK
8184122,VIBRATION,1.712011,OK
8185372,VIBRATION,2.351132,OK
8186622,VIBRATION,2.157906,OK
8187872,VIBRATION,1.555703,OK
8189122,VIBRATION,1.183765,OK
8190000,PRESSURE,100.7987,OK
8190000,TEMPERATURE,21.7988,OK
8190372,VIBRATION,1.347855,OK
8191622,VIBRATION,0.6863577,OK
8192872,VIBRATION,0.271397,OK
8194122,VIBRATION,0.1089543,OK
8195372,VIBRATION,0.35954,OK
8196622,VIBRATION,0.4191822,OK
8197872,VIBRATION,0.9428665,OK
8199122,VIBRATION,0.9693137,OK
8200000,PRESSURE,100.8845,OK
8200000,TEMPERATURE,21.8411,OK
8200372,VIBRATION,0.9927708,OK
8201622,VIBRATION,0.9854079,OK
8202872,VIBRATION,0.9188035,OK
8204122,VIBRATION,0.8860784,OK
8205372,VIBRATION,0.881318,OK
8206622,VIBRATION,0.9537355,OK
8207872,VIBRATION,0.7935043,OK
8209122,VIBRATION,0.3137714,OK
8210000,PRESSURE,100.891,OK
8210000,TEMPERATURE,21.79696,OK
8210372,VIBRATION,0.007040104,OK
8211622,VIBRATION,-0.1001202,OK
8212872,VIBRATION,-0.120612,OK
8214122,VIBRATION,0.1204781,OK
8215372,VIBRATION,0.1925346,OK
8216622,VIBRATION,0.5669064,OK
8217872,VIBRATION,0.7000775,OK
8219122,VIBRATION,0.9963208,OK
8220000,PRESSURE,100.8681,OK
8220000,TEMPERATURE,21.99526,OK
8220372,VIBRATION,0.02034437,OK
8221622,VIBRATION,-0.1357802,OK
8222872,VIBRATION,-0.1158445,OK
8224122,VIBRATION,-0.1544092,OK
8225372,VIBRATION,-0.1362646,OK
8226622,VIBRATION,-0.481315,OK
8227872,VIBRATION,-0.3213902,OK
8229122,VIBRATION,0.09074036,OK
8230000,PRESSURE,100.9225,OK
8230000,TEMPERATURE,22.12507,OK
8230372,VIBRATION,0.5886447,OK
8231622,VIBRATION,0.034795,OK
8232872,VIBRATION,-0.1437449,OK
8234122,VIBRATION,0.07530501,OK
8235372,VIBRATION,0.4351993,OK
8236622,VIBRATION,0.31125,OK
8237872,VIBRATION,0.493565,OK
8239122,VIBRATION,0.05588251,OK
8240000,PRESSURE,100.9256,OK
8240000,TEMPERATURE,22.21079,OK
8240372,VIBRATION,0.9541944,OK
8241622,VIBRATION,0.4037073,OK
8242872,VIBRATION,0.2214881,OK
8244122,VIBRATION,0.1265295,OK
8245372,VIBRATION,-0.5100418,OK
8246622,VIBRATION,-0.5945634,OK
8247872,VIBRATION,-0.3131294,OK
8249122,VIBRATION,-0.721073,OK
8250000,PRESSURE,100.9654,OK
8250000,TEMPERATURE,22.39114,OK
8250372,VIBRATION,-1.029544,OK
8251622,VIBRATION,-1.316986,OK
8252873,VIBRATION,-1.687739,OK
8254122,VIBRATION,-1.454414,OK
8255372,VIBRATION,-1.458778,OK
8256622,VIBRATION,-1.483211,OK
8257872,VIBRATION,-1.354617,OK
8259122,VIBRATION,-1.808847,OK
8260000,PRESSURE,101.0007,OK
8260000,TEMPERATURE,22.52795,OK
8260372,VIBRATION,-1.484405,OK
8261622,VIBRATION,-1.534851,OK
8262872,VIBRATION,-1.651292,OK
8264122,VIBRATION,-1.572916,OK
8265372,VIBRATION,-1.279989,OK
8266622,VIBRATION,-0.9436606,OK
8267872,VIBRATION,-1.460038,OK
8269122,VIBRATION,-1.762725,OK
8270000,PRESSURE,101.1022,OK
8270000,TEMPERATURE,22.51643,OK
8270372,VIBRATION,-1.77909,OK
8271622,VIBRATION,-1.947468,OK
8272872,VIBRATION,-2.067451,OK
8274122,VIBRATION,-2.074608,OK
8275372,VIBRATION,-1.449487,OK
8276622,VIBRATION,-0.8014206,OK
8277872,VIBRATION,-0.003990691,OK
8279122,VIBRATION,0.4288847,OK
8280000,PRESSURE,101.1486,OK
8280000,TEMPERATURE,22.42927,OK
8280372,VIBRATION,-0.1359049,OK
8281622,VIBRATION,-0.1061299,OK
8282872,VIBRATION,-0.2180685,OK
8284122,VIBRATION,-0.4300516,OK
8285372,VIBRATION,-0.6094482,OK
8286622,VIBRATION,-0.7010178,OK
8287872,VIBRATION,-0.5990238,OK
8289122,VIBRATION,-0.8196095,OK
8290000,PRESSURE,101.0954,OK
8290000,TEMPERATURE,22.28926,OK
8290372,VIBRATION,-0.8401415,OK
8291622,VIBRATION,-1.072022,OK
8292872,VIBRATION,-1.114583,OK
8294122,VIBRATION,-0.992306,OK
8295372,VIBRATION,-0.5040383,OK
8296622,VIBRATION,-0.2534401,OK
8297872,VIBRATION,-0.4537606,OK
8299122,VIBRATION,-0.5291033,OK
8300000,PRESSURE,101.0826,OK
8300000,TEMPERATURE,22.23647,OK
8300372,VIBRATION,-0.5307934,OK
8301622,VIBRATION,-0.4667172,OK
8302872,VIBRATION,-0.3583788,OK
8304122,VIBRATION,-0.4635691,OK
8305372,VIBRATION,-1.170482,OK
8306622,VIBRATION,-2.04604,OK
8307872,VIBRATION,-1.702927,OK
8309122,VIBRATION,-1.663067,OK
8310000,PRESSURE,101.1183,OK
8310000,TEMPERATURE,22.3235,OK
8310372,VIBRATION,-1.476056,OK
8311622,VIBRATION,-1.090633,OK
8312872,VIBRATION,-0.559051,OK
8314122,VIBRATION,-0.773551,OK
8315372,VIBRATION,-0.8029871,OK
8316622,VIBRATION,-1.219357,OK
8317872,VIBRATION,-1.430548,OK
8319122,VIBRATION,-0.8602395,OK
8320000,PRESSURE,101.1308,OK
8320000,TEMPERATURE,22.33378,OK
8320372,VIBRATION,-0.809445,OK
8321623,VIBRATION,-1.003921,OK
8322916,VIBRATION,-1.322257,OK
8324122,VIBRATION,-1.252632,OK
8325372,VIBRATION,-0.8919448,OK
8326622,VIBRATION,-0.9740092,OK
8327872,VIBRATION,-1.046701,OK
8329122,VIBRATION,-1.28488,OK
8330001,PRESSURE,101.2356,OK
8330001,TEMPERATURE,22.27006,OK
8330372,VIBRATION,-0.975055,OK
8331622,VIBRATION,-0.8638738,OK
8332872,VIBRATION,-0.646878,OK
8334122,VIBRATION,-0.5923857,OK
8335372,VIBRATION,-0.2258761,OK
8336622,VIBRATION,-0.5890583,OK
8337872,VIBRATION,-0.2812903,OK
8339122,VIBRATION,-0.1283946,OK
8340000,PRESSURE,101.2959,OK
8340000,TEMPERATURE,22.13988,OK
8340372,VIBRATION,-0.006932179,OK
8341622,VIBRATION,-0.4518769,OK
8342872,VIBRATION,-0.8900298,OK
8344122,VIBRATION,-1.103661,OK
8345372,VIBRATION,-0.888737,OK
8346622,VIBRATION,-0.8632743,OK
8347872,VIBRATION,-0.8507271,OK
8349122,VIBRATION,-1.370082,OK
8350000,PRESSURE,101.2969,OK
8350000,TEMPERATURE,22.00976,OK
8350372,VIBRATION,-1.431808,OK
8351622,VIBRATION,-1.014,OK
8352872,VIBRATION,-1.149664,OK
8354122,VIBRATION,-0.4922486,OK
8355372,VIBRATION,-1.191356,OK
8356622,VIBRATION,-0.9223511,OK
8357872,VIBRATION,-1.100565,OK
8359122,VIBRATION,-1.231477,OK
8360000,PRESSURE,101.3344,OK
8360000,TEMPERATURE,22.00453,OK
8360372,VIBRATION,-1.070985,OK
8361622,VIBRATION,-1.180363,OK
8362872,VIBRATION,-1.265463,OK
8364122,VIBRATION,-1.276251,OK
8365372,VIBRATION,-1.378128,OK
8366622,VIBRATION,-1.86797,OK
8367872,VIBRATION,-1.751429,OK
8369354,VIBRATION,-1.880269,OK
8370000,PRESSURE,101.4365,OK
8370000,TEMPERATURE,21.91107,OK
8370372,VIBRATION,-2.015421,OK
8371622,VIBRATION,-2.242656,OK
8372872,VIBRATION,-1.933437,OK
8374122,VIBRATION,-1.444968,OK
8375372,VIBRATION,-1.681928,OK
8376622,VIBRATION,-1.504373,OK
8377872,VIBRATION,-1.569005,OK
8379122,VIBRATION,-1.457424,OK
8380000,PRESSURE,101.4687,OK
8380000,TEMPERATURE,21.79003,OK
8380372,VIBRATION,-1.055805,OK
8381622,VIBRATION,-0.8403719,OK
8382872,VIBRATION,-0.5288457,OK
8384122,VIBRATION,-0.218331,OK
8385372,VIBRATION,-0.8305472,OK
8386622,VIBRATION,-0.4620204,OK
8387872,VIBRATION,-0.6816863,OK
8389122,VIBRATION,-0.8673989,OK
8390000,PRESSURE,101.4305,OK
8390000,TEMPERATURE,21.77399,OK
8390415,VIBRATION,-1.017946,OK
8391622,VIBRATION,-1.25756,OK
8392872,VIBRATION,-1.565205,OK
8394122,VIBRATION,-1.64089,OK
8395372,VIBRATION,-1.35272,OK
8396622,VIBRATION,-0.7897647,OK
8397872,VIBRATION,-0.6653242,OK
8399122,VIBRATION,-0.5016693,OK
8400000,PRESSURE,101.555,OK
8400000,TEMPERATURE,21.83769,OK
8400372,VIBRATION,-1.068107,OK
8401622,VIBRATION,-0.9534966,OK
8402872,VIBRATION,-0.8741469,OK
8404122,VIBRATION,-0.5004336,OK
8405372,VIBRATION,-0.6601983,OK
8406622,VIBRATION,-1.052012,OK
8407872,VIBRATION,-0.7317596,OK
8409122,VIBRATION,-0.7633103,OK
8410000,PRESSURE,101.481,OK
8410000,TEMPERATURE,21.87435,OK
8410372,VIBRATION,-0.946506,OK
8411622,VIBRATION,-0.9924077,OK
8412872,VIBRATION,-1.209068,OK
8414122,VIBRATION,-1.174875,OK
8415372,VIBRATION,-0.8539535,OK
8416622,VIBRATION,-0.7295639,OK
8417872,VIBRATION,0.04914114,OK
8419122,VIBRATION,0.1913329,OK
8420000,PRESSURE,101.415,OK
8420000,TEMPERATURE,21.91781,OK
8420372,VIBRATION,-0.05386451,OK
8421622,VIBRATION,-0.3068585,OK
8422872,VIBRATION,-0.1150693,OK
8424122,VIBRATION,-0.5056588,OK
8425372,VIBRATION,-0.3338833,OK
8426623,VIBRATION,-0.1332265,OK
8427872,VIBRATION,0.05201489,OK
8429122,VIBRATION,-0.1567184,OK
8430000,PRESSURE,101.3911,OK
8430000,TEMPERATURE,22.12938,OK
8430377,VIBRATION,-0.135685,OK
8431622,VIBRATION,-0.1450263,OK
8432872,VIBRATION,0.1876523,OK
8434122,VIBRATION,-0.02786805,OK
8435372,VIBRATION,-0.5050744,OK
8436622,VIBRATION,-0.7823427,OK
8437872,VIBRATION,-0.656647,OK
8439122,VIBRATION,-0.9027637,OK
8440000,PRESSURE,101.3687,OK
8440000,TEMPERATURE,22.09371,OK
8440372,VIBRATION,-1.146588,OK
8441622,VIBRATION,-0.8900419,OK
8442872,VIBRATION,-1.223122,OK
8444122,VIBRATION,-1.524112,OK
8445372,VIBRATION,-1.231862,OK
8446622,VIBRATION,-1.279674,OK
8447872,VIBRATION,-1.25374,OK
8449122,VIBRATION,-1.400463,OK
8450000,PRESSURE,101.3679,OK
8450000,TEMPERATURE,22.0541,OK
8450372,VIBRATION,-1.239449,OK
8451622,VIBRATION,-0.9059149,OK
8452872,VIBRATION,-1.120124,OK
8454122,VIBRATION,-0.9826859,OK
8455372,VIBRATION,-1.003074,OK
8456622,VIBRATION,-1.095327,OK
8457872,VIBRATION,-1.076778,OK
8459122,VIBRATION,-1.546521,OK
8460000,PRESSURE,101.4179,OK
8460000,TEMPERATURE,22.1077,OK
8460372,VIBRATION,-1.38949,OK
8461622,VIBRATION,-1.561399,OK
8462872,VIBRATION,-1.411023,OK
8464122,VIBRATION,-1.509609,OK
8465372,VIBRATION,-1.429241,OK
8466622,VIBRATION,-1.22987,OK
8467872,VIBRATION,-0.6481824,OK
8469122,VIBRATION,-0.5781284,OK
8470000,PRESSURE,101.5194,OK
8470000,TEMPERATURE,22.09843,OK
8470372,VIBRATION,-0.4738323,OK
8471622,VIBRATION,-0.9019435,OK
8472872,VIBRATION,-1.054142,OK
8474122,VIBRATION,-0.5595784,OK
8475372,VIBRATION,-0.4259001,OK
8476622,VIBRATION,-0.4890958,OK
8477892,VIBRATION,-0.5783419,OK
8479122,VIBRATION,-0.7181702,OK
8480000,PRESSURE,101.5232,OK
8480000,TEMPERATURE,22.07603,OK
8480372,VIBRATION,-0.2979229,OK
8481622,VIBRATION,-0.683491,OK
8482872,VIBRATION,-0.3474151,OK
8484122,VIBRATION,-0.1620689,OK
8485393,VIBRATION,-0.3928269,OK
8486622,VIBRATION,-0.3244483,OK
8487872,VIBRATION,-0.6841417,OK
8489122,VIBRATION,-0.9848283,OK
8490000,PRESSURE,101.4398,OK
8490000,TEMPERATURE,21.9546,OK
8490372,VIBRATION,-1.545913,OK
8491622,VIBRATION,-0.9221278,OK
8492872,VIBRATION,-1.04651,OK
8494122,VIBRATION,-0.668535,OK
8495372,VIBRATION,-0.5911568,OK
8496622,VIBRATION,-0.7546765,OK
8499500,VIBRATION,-0.3648202,OK
8500155,PRESSURE,101.3696,OK
8500155,TEMPERATURE,21.99048,OK
8500750,VIBRATION,-0.40145,OK
8502013,VIBRATION,-0.117534,OK
8503251,VIBRATION,-0.5637958,OK
8504500,VIBRATION,-0.2603461,OK
8505750,VIBRATION,-0.191396,OK
8507000,VIBRATION,-0.3217459,OK
8508250,VIBRATION,-0.7661669,OK
8509510,VIBRATION,-0.7219333,OK
8510000,PRESSURE,101.3693,OK
8510000,TEMPERATURE,22.07199,OK
8510764,VIBRATION,-1.437929,OK
8512000,VIBRATION,-1.495011,OK
8513616,VIBRATION,-1.176262,OK
8514500,VIBRATION,-1.539052,OK
8516303,VIBRATION,-1.685717,OK
8517000,VIBRATION,-1.196267,OK
8518250,VIBRATION,-0.9143186,OK
8519500,VIBRATION,-1.14891,OK
8520000,PRESSURE,101.2896,OK
8520000,TEMPERATURE,22.04121,OK
8520750,VIBRATION,-1.49693,OK
8522000,VIBRATION,-1.440482,OK
8523310,VIBRATION,-1.616082,OK
8524500,VIBRATION,-1.234252,OK
8525751,VIBRATION,-1.59472,OK
8527001,VIBRATION,-1.384089,OK
8528250,VIBRATION,-0.9095163,OK
8529500,VIBRATION,-0.6170025,OK
8530000,PRESSURE,101.3604,OK
8530000,TEMPERATURE,21.94164,OK
8530750,VIBRATION,-0.5185378,OK
8532000,VIBRATION,-0.08024589,OK
8533250,VIBRATION,0.6816698,OK
8534500,VIBRATION,0.4235288,OK
8536656,VIBRATION,0.673588,OK
8537586,VIBRATION,1.053708,OK
8538310,VIBRATION,0.7505404,OK
8539732,VIBRATION,0.7510681,OK
8541168,PRESSURE,101.3682,OK
8541168,TEMPERATURE,21.89759,OK
8541168,VIBRATION,0.8927314,OK
8542000,VIBRATION,0.4203765,OK
8543250,VIBRATION,0.0519989,OK
8544500,VIBRATION,-0.5148405,OK
8545750,VIBRATION,-0.6539848,OK
8547000,VIBRATION,-0.1995658,OK
8548250,VIBRATION,0.1199987,OK
8549500,VIBRATION,0.004799079,OK
8550000,PRESSURE,101.4531,OK
8550000,TEMPERATURE,21.95484,OK
8550750,VIBRATION,-0.1602675,OK
8552000,VIBRATION,-0.4622582,OK
8553250,VIBRATION,-1.059816,OK
8554500,VIBRATION,-0.8780641,OK
8555750,VIBRATION,-0.6186028,OK
8557000,VIBRATION,-1.047218,OK
8558250,VIBRATION,-1.268621,OK
8559500,VIBRATION,-1.418491,OK
8560000,PRESSURE,101.4633,OK
8560000,TEMPERATURE,21.82384,OK
8560750,VIBRATION,-1.170421,OK
8562000,VIBRATION,-1.240333,OK
8563250,VIBRATION,-0.6957039,OK
8564500,VIBRATION,-0.2001838,OK
8565750,VIBRATION,-0.455131,OK
8567000,VIBRATION,-0.2681748,OK
8568250,VIBRATION,0.1679128,OK
8569500,VIBRATION,-0.1750472,OK
8570000,PRESSURE,101.4033,OK
8570000,TEMPERATURE,21.71697,OK
8570750,VIBRATION,0.2749337,OK
8572000,VIBRATION,0.1635881,OK
8573250,VIBRATION,-0.3420379,OK
8574500,VIBRATION,-0.6061335,OK
8575750,VIBRATION,-0.2815362,OK
8577000,VIBRATION,-0.3173167,OK
8578250,VIBRATION,-0.3672009,OK
8579500,VIBRATION,-0.3304753,OK
8580000,PRESSURE,101.3417,OK
8580000,TEMPERATURE,21.58276,OK
8580750,VIBRATION,-0.4264564,OK
8582000,VIBRATION,-0.5182144,OK
8583250,VIBRATION,-0.1959662,OK
8584500,VIBRATION,-0.73002,OK
8585750,VIBRATION,-0.7031011,OK
8587000,VIBRATION,-0.4730096,OK
8588250,VIBRATION,-0.3478625,OK
8589500,VIBRATION,-0.3942727,OK
8590000,PRESSURE,101.3143,OK
8590000,TEMPERATURE,21.63621,OK
8590750,VIBRATION,0.2999377,OK
8592000,VIBRATION,0.1080559,OK
8593250,VIBRATION,0.3406091,OK
8594500,VIBRATION,0.1564784,OK
8595750,VIBRATION,0.4290621,OK
8597000,VIBRATION,0.4403813,OK
8598250,VIBRATION,0.7044541,OK
8599500,VIBRATION,0.7075114,OK
8600000,PRESSURE,101.3647,OK
8600000,TEMPERATURE,21.73329,OK
8600750,VIBRATION,1.629419,OK
8602000,VIBRATION,1.424132,OK
8603250,VIBRATION,1.204978,OK
8604500,VIBRATION,1.046627,OK
8605750,VIBRATION,0.9328863,OK
8607000,VIBRATION,0.4644318,OK
8608250,VIBRATION,0.1361183,OK
8609502,VIBRATION,-0.4262237,OK
8610000,PRESSURE,101.4224,OK
8610000,TEMPERATURE,21.70276,OK
8610750,VIBRATION,-0.1237089,OK
8612000,VIBRATION,-0.2541294,OK
8613250,VIBRATION,0.05886945,OK
8614500,VIBRATION,-0.07091507,OK
8615750,VIBRATION,0.06165961,OK
8617000,VIBRATION,0.1523426,OK
8618250,VIBRATION,-0.481736,OK
8619500,VIBRATION,-0.3633318,OK
8620000,PRESSURE,101.4854,OK
8620000,TEMPERATURE,21.73324,OK
8620750,VIBRATION,-0.3162999,OK
8622000,VIBRATION,-0.1639476,OK
8623250,VIBRATION,-0.4979483,OK
8624500,VIBRATION,-0.6153022,OK
8625750,VIBRATION,-0.1438288,OK
8627000,VIBRATION,-0.1343625,OK
8628250,VIBRATION,-0.01856779,OK
8629500,VIBRATION,-0.1874115,OK
8630000,PRESSURE,101.4477,OK
8630000,TEMPERATURE,21.67093,OK
8630750,VIBRATION,-0.3426341,OK
8632000,VIBRATION,-0.3582092,OK
8633250,VIBRATION,-0.5118294,OK
8634500,VIBRATION,-0.04231845,OK
8635750,VIBRATION,0.2829147,OK
8637000,VIBRATION,0.6742969,OK
8638250,VIBRATION,0.7850977,OK
8639500,VIBRATION,0.4056095,OK
8640000,PRESSURE,101.4362,OK
8640000,TEMPERATURE,21.7825,OK
8640750,VIBRATION,0.335691,OK
8642000,VIBRATION,-0.1299068,OK
8643250,VIBRATION,-0.1404715,OK
8644500,VIBRATION,-0.7615619,OK
8645750,VIBRATION,-0.7664371,OK
8647000,VIBRATION,-0.9464719,OK
8648250,VIBRATION,-0.8723577,OK
8649500,VIBRATION,-0.9007498,OK
8650000,PRESSURE,101.4948,OK
8650000,TEMPERATURE,21.82882,OK
8650753,VIBRATION,-1.303281,OK
8652000,VIBRATION,-1.179199,OK
8653250,VIBRATION,-1.074224,OK
8654500,VIBRATION,-1.005639,OK
8655750,VIBRATION,-0.8060053,OK
8657000,VIBRATION,-1.498957,OK
8658250,VIBRATION,-2.03351,OK
8659500,VIBRATION,-1.957574,OK
8660000,PRESSURE,101.4158,OK
8660000,TEMPERATURE,21.96198,OK
8660750,VIBRATION,-1.624956,OK
8662000,VIBRATION,-1.238696,OK
8663250,VIBRATION,-1.114414,OK
8664500,VIBRATION,-1.489092,OK
8665750,VIBRATION,-1.830625,OK
8667000,VIBRATION,-1.715507,OK
8668250,VIBRATION,-1.291816,OK
8669500,VIBRATION,-0.7977835,OK
8670000,PRESSURE,101.4367,OK
8670000,TEMPERATURE,22.00864,OK
8670750,VIBRATION,-0.9057652,OK
8672000,VIBRATION,-0.7299558,OK
8673250,VIBRATION,-1.27041,OK
8674500,VIBRATION,-1.000885,OK
8675750,VIBRATION,-1.271529,OK
8677000,VIBRATION,-1.219024,OK
8678250,VIBRATION,-1.357285,OK
8679500,VIBRATION,-1.344467,OK
8680000,PRESSURE,101.4386,OK
8680000,TEMPERATURE,22.07379,OK
8680750,VIBRATION,-1.391718,OK
8682000,VIBRATION,-1.53601,OK
8683250,VIBRATION,-1.095881,OK
8684500,VIBRATION,-1.779235,OK
8685750,VIBRATION,-1.874124,OK
8687000,VIBRATION,-1.590226,OK
8688250,VIBRATION,-1.168726,OK
8689500,VIBRATION,-1.036518,OK
8690000,PRESSURE,101.4357,OK
8690000,TEMPERATURE,22.14681,OK
8690750,VIBRATION,-1.158652,OK
8692000,VIBRATION,-1.140974,OK
8693250,VIBRATION,-1.074294,OK
8694500,VIBRATION,-0.692328,OK
8695750,VIBRATION,-0.3155328,OK
8697000,VIBRATION,-0.3485311,OK
8698250,VIBRATION,-0.566259,OK
8699500,VIBRATION,-0.3788338,OK
8700000,PRESSURE,101.3791,OK
8700000,TEMPERATURE,22.10902,OK
8700750,VIBRATION,-0.2506698,OK
8702000,VIBRATION,-0.1007261,OK
8703250,VIBRATION,0.2239909,OK
8704500,VIBRATION,-0.08069353,OK
8705750,VIBRATION,-0.5638921,OK
8707000,VIBRATION,-0.2483415,OK
8708250,VIBRATION,-0.624625,OK
8709500,VIBRATION,-0.4385664,OK
8710000,PRESSURE,101.3899,OK
8710000,TEMPERATURE,22.02027,OK
8710750,VIBRATION,0.2454902,OK
8712000,VIBRATION,0.4481844,OK
8713250,VIBRATION,0.3493965,OK
8714500,VIBRATION,0.8269138,OK
8715750,VIBRATION,0.7199891,OK
8717000,VIBRATION,0.5526373,OK
8718251,VIBRATION,0.5587613,OK
8719500,VIBRATION,0.701626,OK
8720000,PRESSURE,101.3708,OK
8720000,TEMPERATURE,21.9264,OK
8720750,VIBRATION,0.5980952,OK
8722009,VIBRATION,0.7911143,OK
8723250,VIBRATION,0.2119958,OK
8724500,VIBRATION,0.144772,OK
8725750,VIBRATION,0.1036087,OK
8727000,VIBRATION,-0.2677142,OK
8728250,VIBRATION,-0.4705454,OK
8729500,VIBRATION,-0.9074563,OK
8730000,PRESSURE,101.4636,OK
8730000,TEMPERATURE,22.03459,OK
8730750,VIBRATION,-1.157149,OK
8732000,VIBRATION,-1.11935,OK
8733250,VIBRATION,-1.216238,OK
8734500,VIBRATION,-0.6903174,OK
8735750,VIBRATION,-0.7272897,OK
8737000,VIBRATION,-0.3043757,OK
8738250,VIBRATION,-0.1300517,OK
8739500,VIBRATION,-0.8099149,OK
8740000,PRESSURE,101.4655,OK
8740000,TEMPERATURE,21.88515,OK
8740750,VIBRATION,-0.3000582,OK
8742000,VIBRATION,-0.3078127,OK
8743250,VIBRATION,-0.2982293,OK
8744500,VIBRATION,-0.5947024,OK
8745750,VIBRATION,-0.6144877,OK
8747000,VIBRATION,-0.4464472,OK
8748250,VIBRATION,-0.05670824,OK
8749500,VIBRATION,0.3388033,OK
8750000,PRESSURE,101.4946,OK
8750000,TEMPERATURE,21.77496,OK
8750750,VIBRATION,0.68428,OK
8752000,VIBRATION,0.6961554,OK
8753250,VIBRATION,0.7685757,OK
8754500,VIBRATION,0.734382,OK
8755750,VIBRATION,0.824104,OK
8757000,VIBRATION,0.9328707,OK
8758250,VIBRATION,0.6439027,OK
8759500,VIBRATION,0.4736216,OK
8760000,PRESSURE,101.4866,OK
8760000,TEMPERATURE,21.69334,OK
8760750,VIBRATION,0.519442,OK
8762000,VIBRATION,0.4985142,OK
8763250,VIBRATION,0.5190522,OK
8764500,VIBRATION,0.07980881,OK
8765750,VIBRATION,-0.03454833,OK
8767000,VIBRATION,-0.7426299,OK
8768250,VIBRATION,-0.5890957,OK
8769500,VIBRATION,-0.5172739,OK
8770003,PRESSURE,101.4613,OK
8770003,TEMPERATURE,21.61738,OK
8770750,VIBRATION,-0.4140478,OK
8772000,VIBRATION,-0.3678997,OK
8773250,VIBRATION,-0.4697937,OK
8774500,VIBRATION,-0.7323719,OK
8775815,VIBRATION,-0.7908413,OK
8777000,VIBRATION,-1.029416,OK
8778250,VIBRATION,-0.8402304,OK
8779500,VIBRATION,-0.8204707,OK
8780000,PRESSURE,101.3722,OK
8780000,TEMPERATURE,21.49153,OK
8780750,VIBRATION,-1.074886,OK
8782000,VIBRATION,-0.5046437,OK
8783250,VIBRATION,-0.4833309,OK
8784500,VIBRATION,-0.4461789,OK
8785761,VIBRATION,-0.1256347,OK
8787000,VIBRATION,-0.2649049,OK
8788250,VIBRATION,-0.2466519,OK
8789500,VIBRATION,-0.3377274,OK
8790000,PRESSURE,101.418,OK
8790000,TEMPERATURE,21.67243,OK
8790750,VIBRATION,-0.5543726,OK
8792000,VIBRATION,-1.237846,OK
8793250,VIBRATION,-0.665957,OK
8794500,VIBRATION,-0.30772,OK
8795750,VIBRATION,-0.3488179,OK
8797000,VIBRATION,-0.2663266,OK
8798250,VIBRATION,0.1037857,OK
8799500,VIBRATION,0.08207347,OK
8800000,PRESSURE,101.4987,OK
8800000,TEMPERATURE,21.55062,OK
8800750,VIBRATION,-0.003951969,OK
8802000,VIBRATION,-0.1241479,OK
8803250,VIBRATION,-0.3683588,OK
8804500,VIBRATION,-0.2616304,OK
8805750,VIBRATION,0.05010326,OK
8807000,VIBRATION,-0.5321651,OK
8808250,VIBRATION,-0.5219685,OK
8809501,VIBRATION,0.1094391,OK
8810000,PRESSURE,101.4493,OK
8810000,TEMPERATURE,21.67497,OK
8810750,VIBRATION,-0.4801232,OK
8812000,VIBRATION,-0.5724294,OK
8813250,VIBRATION,-0.5054039,OK
8814500,VIBRATION,-0.9476026,OK
8815750,VIBRATION,-1.383948,OK
8817000,VIBRATION,-2.147713,OK
8818250,VIBRATION,-1.758275,OK
8819501,VIBRATION,-1.834141,OK
8820000,PRESSURE,101.4441,OK
8820000,TEMPERATURE,21.62034,OK
8820750,VIBRATION,-1.75158,OK
8822001,VIBRATION,-1.495907,OK
8823250,VIBRATION,-1.768274,OK
8824500,VIBRATION,-2.013337,OK
8825750,VIBRATION,-1.439065,OK
8827000,VIBRATION,-1.578263,OK
8828250,VIBRATION,-2.151777,OK
8829500,VIBRATION,-2.322471,OK
8830000,PRESSURE,101.4198,OK
8830000,TEMPERATURE,21.72853,OK
8830750,VIBRATION,-2.527922,OK
8832000,VIBRATION,-2.139898,OK
8833250,VIBRATION,-1.668326,OK
8834500,VIBRATION,-1.264434,OK
8835750,VIBRATION,-1.257976,OK
8837000,VIBRATION,-1.169477,OK
8838250,VIBRATION,-0.8406851,OK
8839500,VIBRATION,-0.5514642,OK
8840000,PRESSURE,101.43,OK
8840000,TEMPERATURE,21.67643,OK
8840750,VIBRATION,-0.3675959,OK
8842000,VIBRATION,-0.534234,OK
8843250,VIBRATION,-0.3925645,OK
8844500,VIBRATION,-0.6482467,OK
8845750,VIBRATION,0.06123831,OK
8847000,VIBRATION,-0.2438936,OK
8848384,VIBRATION,0.1205068,OK
8849500,VIBRATION,0.2194995,OK
8850000,PRESSURE,101.3585,OK
8850000,TEMPERATURE,21.70701,OK
8850750,VIBRATION,0.04225948,OK
8852000,VIBRATION,0.03550658,OK
8853250,VIBRATION,0.5425753,OK
8854500,VIBRATION,0.3491438,OK
8855750,VIBRATION,0.1729507,OK
8857000,VIBRATION,0.9446581,OK
8858250,VIBRATION,0.9268397,OK
8859500,VIBRATION,1.105502,OK
8860000,PRESSURE,101.368,OK
8860000,TEMPERATURE,21.65155,OK
8860750,VIBRATION,1.247905,OK
8862000,VIBRATION,0.7087359,OK
8863250,VIBRATION,0.3553388,OK
8864500,VIBRATION,0.9213025,OK
8865750,VIBRATION,0.7543238,OK
8867000,VIBRATION,0.6894,OK
8868250,VIBRATION,0.7876563,OK
8869500,VIBRATION,0.7296824,OK
8870000,PRESSURE,101.35,OK
8870000,TEMPERATURE,21.7898,OK
8870750,VIBRATION,0.7775001,OK
8872000,VIBRATION,0.692209,OK
8873250,VIBRATION,0.739887,OK
8874500,VIBRATION,0.6696226,OK
8875750,VIBRATION,0.3644191,OK
8877000,VIBRATION,0.7541122,OK
8878250,VIBRATION,0.9140994,OK
8879500,VIBRATION,0.5000619,OK
8880000,PRESSURE,101.3365,OK
8880000,TEMPERATURE,21.86226,OK
8880750,VIBRATION,0.7578543,OK
8882000,VIBRATION,0.8755288,OK
8883250,VIBRATION,0.9896044,OK
8884500,VIBRATION,0.8707891,OK
8885750,VIBRATION,1.405789,OK
8887000,VIBRATION,1.037995,OK
8888250,VIBRATION,1.723012,OK
8889501,VIBRATION,1.809009,OK
8890000,PRESSURE,101.3345,OK
8890000,TEMPERATURE,21.90752,OK
8890750,VIBRATION,2.161001,OK
8892000,VIBRATION,2.165922,OK
8893250,VIBRATION,1.62529,OK
8894500,VIBRATION,1.697988,OK
8895750,VIBRATION,1.979494,OK
8897000,VIBRATION,1.678957,OK
8898250,VIBRATION,1.505377,OK
8899500,VIBRATION,1.218003,OK
8900000,PRESSURE,101.3778,OK
8900000,TEMPERATURE,22.03346,OK
8900750,VIBRATION,1.752947,OK
8902000,VIBRATION,1.518959,OK
8903250,VIBRATION,1.602965,OK
8904500,VIBRATION,1.287626,OK
8905786,VIBRATION,0.9809321,OK
8907000,VIBRATION,1.294407,OK
8908250,VIBRATION,0.9523766,OK
8909500,VIBRATION,0.844415,OK
8910000,PRESSURE,101.3693,OK
8910000,TEMPERATURE,22.10484,OK
8910750,VIBRATION,0.6713487,OK
8912000,VIBRATION,0.904916,OK
8913250,VIBRATION,0.8129805,OK
8914500,VIBRATION,1.251002,OK
8915750,VIBRATION,2.178626,OK
8917000,VIBRATION,1.415867,OK
8918250,VIBRATION,1.404412,OK
8919500,VIBRATION,1.693573,OK
8920000,PRESSURE,101.364,OK
8920000,TEMPERATURE,22.15159,OK
8920750,VIBRATION,1.667161,OK
8922000,VIBRATION,2.215737,OK
8923250,VIBRATION,2.132984,OK
8924500,VIBRATION,2.177875,OK
8925750,VIBRATION,2.268176,OK
8927000,VIBRATION,2.330216,OK
8928250,VIBRATION,2.63936,OK
8929500,VIBRATION,2.291027,OK
8930000,PRESSURE,101.3048,OK
8930000,TEMPERATURE,22.18581,OK
8930750,VIBRATION,1.752127,OK
8932000,VIBRATION,1.660627,OK
8933250,VIBRATION,1.513507,OK
8934500,VIBRATION,1.989329,OK
8935750,VIBRATION,1.320474,OK
8937000,VIBRATION,0.9446808,OK
8938250,VIBRATION,1.185884,OK
8939500,VIBRATION,1.487376,OK
8940000,PRESSURE,101.2407,OK
8940000,TEMPERATURE,22.15582,OK
8940750,VIBRATION,1.188946,OK
8942000,VIBRATION,1.534682,OK
8943250,VIBRATION,1.424087,OK
8944500,VIBRATION,1.472929,OK
8945750,VIBRATION,0.8919483,OK
8947000,VIBRATION,0.8018992,OK
8948250,VIBRATION,1.019643,OK
8949500,VIBRATION,0.8381595,OK
8950000,PRESSURE,101.2036,OK
8950000,TEMPERATURE,22.10256,OK
8950750,VIBRATION,0.8655544,OK
8952000,VIBRATION,0.552131,OK
8953250,VIBRATION,0.6167554,OK
8954500,VIBRATION,0.2949151,OK
8955750,VIBRATION,0.07737238,OK
8957000,VIBRATION,0.1253351,OK
8958250,VIBRATION,0.8318731,OK
8959500,VIBRATION,0.5893793,OK
8960000,PRESSURE,101.2755,OK
8960000,TEMPERATURE,22.07805,OK
8960750,VIBRATION,0.6172432,OK
8962000,VIBRATION,0.5634087,OK
8963250,VIBRATION,0.05370187,OK
8964500,VIBRATION,0.2097569,OK
8965750,VIBRATION,0.5662079,OK
8967000,VIBRATION,0.2791623,OK
8968250,VIBRATION,0.3111593,OK
8969500,VIBRATION,0.7536754,OK
8970000,PRESSURE,101.212,OK
8970000,TEMPERATURE,22.08408,OK
8970750,VIBRATION,0.7296866,OK
8972001,VIBRATION,0.1750416,OK
8973250,VIBRATION,0.2329102,OK
8974500,VIBRATION,0.1219551,OK
8975750,VIBRATION,-0.05383943,OK
8977000,VIBRATION,0.3131222,OK
8978250,VIBRATION,0.4052631,OK
8979500,VIBRATION,0.2789698,OK
8980000,PRESSURE,101.2054,OK
8980000,TEMPERATURE,21.87009,OK
8980750,VIBRATION,-0.06048008,OK
8982000,VIBRATION,-0.09711448,OK
8983250,VIBRATION,-0.5180356,OK
8984500,VIBRATION,-0.8592904,OK
8985750,VIBRATION,-0.96253,OK
8987000,VIBRATION,-1.067715,OK
8988250,VIBRATION,-1.027688,OK
8989500,VIBRATION,-0.7931874,OK
8990000,PRESSURE,101.299,OK
8990000,TEMPERATURE,22.08016,OK
8990750,VIBRATION,-0.4276113,OK
8992000,VIBRATION,-0.3426463,OK
8993250,VIBRATION,-0.4021423,OK
8994500,VIBRATION,-0.3245353,OK
8995750,VIBRATION,-0.5175985,OK
8997000,VIBRATION,-1.144936,OK
8998250,VIBRATION,-1.163048,OK
8999500,VIBRATION,-1.399571,OK
9000000,PRESSURE,101.2572,OK
9000000,TEMPERATURE,21.96234,OK
9000000,HUMIDITY,44.2858,OK
9000750,VIBRATION,-1.676675,OK
9002000,VIBRATION,-1.709572,OK
9003250,VIBRATION,-1.431854,OK
9004510,VIBRATION,-1.5618,OK
9005750,VIBRATION,-1.337034,OK
9007000,VIBRATION,-2.040687,OK
9008250,VIBRATION,-1.954186,OK
9009500,VIBRATION,-2.435827,OK
9010000,PRESSURE,101.3203,OK
9010000,TEMPERATURE,21.94194,OK
9010750,VIBRATION,-2.655456,OK
9012000,VIBRATION,-2.701776,OK
9013250,VIBRATION,-2.37142,OK
9014500,VIBRATION,-2.228828,OK
9015750,VIBRATION,-2.239274,OK
9017000,VIBRATION,-2.113806,OK
9018250,VIBRATION,-2.474966,OK
9019500,VIBRATION,-2.429849,OK
9020188,PRESSURE,101.3475,OK
9020188,TEMPERATURE,21.95571,OK
9020755,VIBRATION,-2.210641,OK
9022000,VIBRATION,-2.066104,OK
9023250,VIBRATION,-2.145469,OK
9024500,VIBRATION,-2.294203,OK
9025750,VIBRATION,-2.134779,OK
9027000,VIBRATION,-2.15259,OK
9028250,VIBRATION,-2.013164,OK
9029500,VIBRATION,-1.730983,OK
9030000,PRESSURE,101.3965,OK
9030000,TEMPERATURE,21.97894,OK
9030750,VIBRATION,-1.455675,OK
9032000,VIBRATION,-1.685873,OK
9033250,VIBRATION,-1.861082,OK
9034500,VIBRATION,-2.296902,OK
9035750,VIBRATION,-2.21087,OK
9037015,VIBRATION,-2.216114,OK
9038250,VIBRATION,-1.84029,OK
9039500,VIBRATION,-2.140233,OK
9040000,PRESSURE,101.4045,OK
9040000,TEMPERATURE,22.13063,OK
9040750,VIBRATION,-2.202498,OK
9042000,VIBRATION,-2.407386,OK
9043250,VIBRATION,-2.380546,OK
9044500,VIBRATION,-2.391484,OK
9045750,VIBRATION,-2.113792,OK
9047000,VIBRATION,-2.344152,OK
9048250,VIBRATION,-2.313088,OK
9049500,VIBRATION,-2.401226,OK
9050000,PRESSURE,101.3496,OK
9050000,TEMPERATURE,22.18737,OK
9050750,VIBRATION,-1.928174,OK
9052000,VIBRATION,-1.855343,OK
9053250,VIBRATION,-2.012857,OK
9054500,VIBRATION,-1.936728,OK
9055750,VIBRATION,-1.689159,OK
9057000,VIBRATION,-1.79007,OK
9058250,VIBRATION,-1.67247,OK
9059500,VIBRATION,-2.192632,OK
9060000,PRESSURE,101.3566,OK
9060000,TEMPERATURE,22.08763,OK
9060750,VIBRATION,-2.247785,OK
9062000,VIBRATION,-2.250957,OK
9063250,VIBRATION,-2.808909,OK
9064500,VIBRATION,-3.085488,OK
9065750,VIBRATION,-3.295198,OK
9067000,VIBRATION,-2.962454,OK
9068250,VIBRATION,-2.775545,OK
9069500,VIBRATION,-3.161996,OK
9070000,PRESSURE,101.4111,OK
9070000,TEMPERATURE,22.11963,OK
9070750,VIBRATION,-2.979548,OK
9072015,VIBRATION,-3.327695,OK
9073250,VIBRATION,-2.963662,OK
9074500,VIBRATION,-3.33214,OK
9075750,VIBRATION,-2.839609,OK
9077000,VIBRATION,-2.833757,OK
9078250,VIBRATION,-2.633364,OK
9079500,VIBRATION,-2.835423,OK
9080000,PRESSURE,101.4527,OK
9080000,TEMPERATURE,22.13007,OK
9080750,VIBRATION,-2.629372,OK
9082000,VIBRATION,-2.235345,OK
9083250,VIBRATION,-1.928023,OK
9084500,VIBRATION,-1.915592,OK
9085750,VIBRATION,-1.446591,OK
9087000,VIBRATION,-1.453475,OK
9088250,VIBRATION,-1.668588,OK
9089500,VIBRATION,-1.512527,OK
9090000,PRESSURE,101.4274,OK
9090000,TEMPERATURE,22.17187,OK
9090750,VIBRATION,-1.34307,OK
9092000,VIBRATION,-1.065482,OK
9093250,VIBRATION,-1.353846,OK
9094500,VIBRATION,-0.9738167,OK
9095750,VIBRATION,-1.547787,OK
9097000,VIBRATION,-2.142335,OK
9098250,VIBRATION,-2.342281,OK
9099500,VIBRATION,-2.081252,OK
9100000,PRESSURE,101.3379,OK
9100000,TEMPERATURE,22.11669,OK
9100750,VIBRATION,-2.039051,OK
9102000,VIBRATION,-1.919838,OK
9103250,VIBRATION,-1.88531,OK
9104500,VIBRATION,-1.757276,OK
9105750,VIBRATION,-1.412284,OK
9107000,VIBRATION,-1.346251,OK
9108250,VIBRATION,-1.289673,OK
9109500,VIBRATION,-0.7941555,OK
9110000,PRESSURE,101.3352,OK
9110000,TEMPERATURE,22.0707,OK
9110750,VIBRATION,-0.7730463,OK
9112000,VIBRATION,-0.3620795,OK
9113250,VIBRATION,-0.4163537,OK
9114500,VIBRATION,-0.856688,OK
9115750,VIBRATION,-0.9095899,OK
9117000,VIBRATION,-0.6463738,OK
9118250,VIBRATION,-0.4368285,OK
9119500,VIBRATION,-0.4450036,OK
9120000,PRESSURE,101.2989,OK
9120000,TEMPERATURE,22.22192,OK
9120750,VIBRATION,-0.3670745,OK
9122000,VIBRATION,-0.2224775,OK
9123250,VIBRATION,-0.1290821,OK
9124500,VIBRATION,-0.7410048,OK
9125750,VIBRATION,-0.909045,OK
9127000,VIBRATION,-0.9479023,OK
9128250,VIBRATION,-1.053021,OK
9129500,VIBRATION,-1.206911,OK
9130000,PRESSURE,101.3673,OK
9130000,TEMPERATURE,22.23521,OK
9130750,VIBRATION,-1.342575,OK
9132000,VIBRATION,-1.340664,OK
9133250,VIBRATION,-1.210604,OK
9134500,VIBRATION,-0.8850549,OK
9135750,VIBRATION,-0.8564705,OK
9137048,VIBRATION,-1.010703,OK
9138250,VIBRATION,-0.8183548,OK
9139500,VIBRATION,-0.800947,OK
9140000,PRESSURE,101.3022,OK
9140000,TEMPERATURE,22.42029,OK
9140750,VIBRATION,-0.5005784,OK
9142000,VIBRATION,-0.4943757,OK
9143250,VIBRATION,-0.636489,OK
9144500,VIBRATION,-0.4635583,OK
9145750,VIBRATION,-0.5757543,OK
9147000,VIBRATION,-0.9301609,OK
9148250,VIBRATION,-1.129327,OK
9149500,VIBRATION,-0.5324095,OK
9150000,PRESSURE,101.3092,OK
9150000,TEMPERATURE,22.2321,OK
9150750,VIBRATION,-0.3050348,OK
9152000,VIBRATION,-0.1274489,OK
9153250,VIBRATION,0.3635624,OK
9154500,VIBRATION,0.5769492,OK
9155750,VIBRATION,0.5059576,OK
9157000,VIBRATION,-0.002275459,OK
9158250,VIBRATION,0.2658212,OK
9159500,VIBRATION,0.6001549,OK
9160000,PRESSURE,101.307,OK
9160000,TEMPERATURE,22.29393,OK
9160750,VIBRATION,0.6768288,OK
9162000,VIBRATION,0.7766335,OK
9163250,VIBRATION,1.228937,OK
9164500,VIBRATION,1.05951,OK
9165750,VIBRATION,1.462396,OK
9167000,VIBRATION,1.920919,OK
9168250,VIBRATION,1.56154,OK
9169500,VIBRATION,1.723637,OK
9170001,PRESSURE,101.2831,OK
9170001,TEMPERATURE,22.37089,OK
9170750,VIBRATION,1.56965,OK
9172000,VIBRATION,1.424472,OK
9173250,VIBRATION,1.019875,OK
9174500,VIBRATION,1.332852,OK
9175750,VIBRATION,1.130314,OK
9177000,VIBRATION,1.232205,OK
9178250,VIBRATION,1.689867,OK
9179500,VIBRATION,1.25083,OK
9180000,PRESSURE,101.2905,OK
9180000,TEMPERATURE,22.22467,OK
9180750,VIBRATION,1.602147,OK
9182000,VIBRATION,1.340271,OK
9183250,VIBRATION,1.654262,OK
9184500,VIBRATION,1.527108,OK
9185750,VIBRATION,1.490002,OK
9187000,VIBRATION,1.733126,OK
9188250,VIBRATION,1.417448,OK
9189500,VIBRATION,1.224692,OK
9190000,PRESSURE,101.3305,OK
9190000,TEMPERATURE,22.18718,OK
9190750,VIBRATION,1.353131,OK
9192000,VIBRATION,1.639325,OK
9193250,VIBRATION,1.225737,OK
9194500,VIBRATION,1.261592,OK
9195750,VIBRATION,0.9330641,OK
9197000,VIBRATION,0.5218719,OK
9198250,VIBRATION,0.5558851,OK
9199500,VIBRATION,0.6138637,OK
9200000,PRESSURE,101.2662,OK
9200000,TEMPERATURE,22.14274,OK
9200750,VIBRATION,0.5168405,OK
9202000,VIBRATION,0.9523608,OK
9203250,VIBRATION,0.4557541,OK
9204500,VIBRATION,1.193199,OK
9205750,VIBRATION,1.465576,OK
9207000,VIBRATION,0.6450525,OK
9208250,VIBRATION,0.4057556,OK
9209500,VIBRATION,0.5252972,OK
9210000,PRESSURE,101.293,OK
9210000,TEMPERATURE,21.95274,OK
9210750,VIBRATION,0.8479625,OK
9212000,VIBRATION,0.3238192,OK
9213250,VIBRATION,0.3474646,OK
9214500,VIBRATION,0.1995326,OK
9215750,VIBRATION,0.2620784,OK
9217000,VIBRATION,0.4621899,OK
9218250,VIBRATION,0.1147475,OK
9219500,VIBRATION,0.4839756,OK
9220000,PRESSURE,101.2794,OK
9220000,TEMPERATURE,22.00733,OK
9220750,VIBRATION,0.6515819,OK
9222000,VIBRATION,0.3795788,OK
9223250,VIBRATION,0.7977376,OK
9224500,VIBRATION,0.6944447,OK
9225750,VIBRATION,0.8325128,OK
9227000,VIBRATION,0.3859518,OK
9228250,VIBRATION,0.0865389,OK
9229500,VIBRATION,0.5813391,OK
9230000,PRESSURE,101.2705,OK
9230000,TEMPERATURE,22.11282,OK
9230750,VIBRATION,1.05802,OK
9232110,VIBRATION,1.138215,OK
9233250,VIBRATION,0.5815429,OK
9234500,VIBRATION,0.5956043,OK
9235750,VIBRATION,0.4801321,OK
9237000,VIBRATION,0.5233597,OK
9238250,VIBRATION,0.379259,OK
9239500,VIBRATION,0.01604365,OK
9240000,PRESSURE,101.2538,OK
9240000,TEMPERATURE,22.01931,OK
9240750,VIBRATION,-0.357104,OK
9242000,VIBRATION,-0.6238192,OK
9243250,VIBRATION,-0.2817353,OK
9244500,VIBRATION,0.0782809,OK
9245750,VIBRATION,0.5441249,OK
9247000,VIBRATION,0.4891157,OK
9248250,VIBRATION,0.5484936,OK
9249500,VIBRATION,0.6589777,OK
9250000,PRESSURE,101.2595,OK
9250000,TEMPERATURE,22.17579,OK
9250750,VIBRATION,1.214948,OK
9252000,VIBRATION,1.389518,OK
9253250,VIBRATION,1.297827,OK
9254500,VIBRATION,1.46006,OK
9255750,VIBRATION,1.683937,OK
9257000,VIBRATION,1.425952,OK
9258250,VIBRATION,1.325691,OK
9259500,VIBRATION,1.455414,OK
9260000,PRESSURE,101.299,OK
9260000,TEMPERATURE,22.3439,OK
9260750,VIBRATION,1.249318,OK
9262000,VIBRATION,1.091524,OK
9263250,VIBRATION,0.8008382,OK
9264500,VIBRATION,0.3435793,OK
9265750,VIBRATION,0.1890895,OK
9267000,VIBRATION,0.6970665,OK
9268250,VIBRATION,0.5148153,OK
9269500,VIBRATION,0.3557523,OK
9270000,PRESSURE,101.3108,OK
9270000,TEMPERATURE,22.39614,OK
9270750,VIBRATION,0.06769374,OK
9272000,VIBRATION,0.8398132,OK
9273250,VIBRATION,0.8454523,OK
9274500,VIBRATION,1.373682,OK
9275750,VIBRATION,0.8757199,OK
9277000,VIBRATION,0.7917454,OK
9278250,VIBRATION,0.6076774,OK
9279500,VIBRATION,0.8735161,OK
9280000,PRESSURE,101.3108,OK
9280000,TEMPERATURE,22.53918,OK
9280750,VIBRATION,1.155421,OK
9282000,VIBRATION,0.9256108,OK
9283250,VIBRATION,0.5925644,OK
9284500,VIBRATION,0.5127528,OK
9285750,VIBRATION,0.531994,OK
9287000,VIBRATION,0.3544906,OK
9288250,VIBRATION,0.3922932,OK
9289500,VIBRATION,0.8430983,OK
9290000,PRESSURE,101.2622,OK
9290000,TEMPERATURE,22.52679,OK
9290750,VIBRATION,1.039158,OK
9292000,VIBRATION,1.271563,OK
9293250,VIBRATION,0.8570343,OK
9294500,VIBRATION,0.8484007,OK
9295750,VIBRATION,0.6110821,OK
9297000,VIBRATION,0.1115787,OK
9298250,VIBRATION,-0.3223988,OK
9299500,VIBRATION,0.1107156,OK
9300000,PRESSURE,101.2562,OK
9300000,TEMPERATURE,22.38063,OK
9300750,VIBRATION,-0.06311197,OK
9302000,VIBRATION,-0.08087162,OK
9303250,VIBRATION,-0.304972,OK
9304500,VIBRATION,0.008260704,OK
9305750,VIBRATION,-0.1030076,OK
9307078,VIBRATION,0.1989578,OK
9308250,VIBRATION,0.2258696,OK
9309500,VIBRATION,0.6706017,OK
9310000,PRESSURE,101.2261,OK
9310000,TEMPERATURE,22.21042,OK
9310750,VIBRATION,0.8461969,OK
9312000,VIBRATION,0.5116055,OK
9313250,VIBRATION,0.5818426,OK
9314500,VIBRATION,0.6785975,OK
9315750,VIBRATION,0.5839863,OK
9317000,VIBRATION,0.9704766,OK
9318250,VIBRATION,0.6739698,OK
9319500,VIBRATION,1.31742,OK
9320000,PRESSURE,101.1884,OK
9320000,TEMPERATURE,22.27476,OK
9320750,VIBRATION,1.096632,OK
9322000,VIBRATION,1.075889,OK
9323250,VIBRATION,1.576443,OK
9324500,VIBRATION,1.630503,OK
9325750,VIBRATION,1.676922,OK
9327000,VIBRATION,1.505113,OK
9328250,VIBRATION,1.431053,OK
9329500,VIBRATION,0.9673812,OK
9330000,PRESSURE,101.1552,OK
9330000,TEMPERATURE,22.17607,OK
9330750,VIBRATION,0.9521687,OK
9332000,VIBRATION,0.7956795,OK
9333252,VIBRATION,0.7471313,OK
9334500,VIBRATION,0.984088,OK
9335750,VIBRATION,1.476523,OK
9337000,VIBRATION,1.31948,OK
9338250,VIBRATION,1.091577,OK
9339500,VIBRATION,1.375056,OK
9340000,PRESSURE,101.125,OK
9340000,TEMPERATURE,22.27358,OK
9340750,VIBRATION,0.9092186,OK
9342000,VIBRATION,1.108754,OK
9343250,VIBRATION,1.319375,OK
9344500,VIBRATION,1.157456,OK
9345750,VIBRATION,1.286298,OK
9347000,VIBRATION,1.085242,OK
9348250,VIBRATION,1.321272,OK
9349500,VIBRATION,1.08749,OK
9350000,PRESSURE,101.1547,OK
9350000,TEMPERATURE,22.34682,OK
9350750,VIBRATION,1.509884,OK
9352000,VIBRATION,1.262487,OK
9353250,VIBRATION,1.507898,OK
9354500,VIBRATION,1.043633,OK
9355750,VIBRATION,0.8885171,OK
9357000,VIBRATION,0.2257848,OK
9358250,VIBRATION,0.5530523,OK
9359500,VIBRATION,0.1964028,OK
9360000,PRESSURE,101.1468,OK
9360000,TEMPERATURE,22.50325,OK
9360750,VIBRATION,0.2933535,OK
9362000,VIBRATION,0.06715821,OK
9363250,VIBRATION,-0.3557005,OK
9364500,VIBRATION,-0.367406,OK
9365750,VIBRATION,0.2225771,OK
9367000,VIBRATION,0.3210137,OK
9368250,VIBRATION,0.2974645,OK
9369533,VIBRATION,0.2253754,OK
9370000,PRESSURE,101.1081,OK
9370000,TEMPERATURE,22.55923,OK
9370750,VIBRATION,-0.04597006,OK
9372001,VIBRATION,0.273779,OK
9373270,VIBRATION,-0.09687353,OK
9374500,VIBRATION,0.3106947,OK
9375750,VIBRATION,0.005869794,OK
9377000,VIBRATION,0.07828209,OK
9378250,VIBRATION,0.4829772,OK
9379524,VIBRATION,0.4300842,OK
9380000,PRESSURE,101.1065,OK
9380000,TEMPERATURE,22.38515,OK
9380750,VIBRATION,0.1068776,OK
9382000,VIBRATION,-0.02558994,OK
9383250,VIBRATION,0.3418809,OK
9384500,VIBRATION,0.1192723,OK
9385750,VIBRATION,0.5038846,OK
9387000,VIBRATION,0.4140139,OK
9388250,VIBRATION,0.6596767,OK
9389500,VIBRATION,0.1947133,OK
9390000,PRESSURE,101.1083,OK
9390000,TEMPERATURE,22.4423,OK
9390750,VIBRATION,-0.1634713,OK
9392000,VIBRATION,0.1714294,OK
9393250,VIBRATION,0.3292725,OK
9394500,VIBRATION,0.1213626,OK
9395750,VIBRATION,-0.06032738,OK
9397000,VIBRATION,0.07757902,OK
9398250,VIBRATION,-0.09202349,OK
9399500,VIBRATION,0.1197214,OK
9400000,PRESSURE,101.1087,OK
9400000,TEMPERATURE,22.39205,OK
9400750,VIBRATION,0.07264473,OK
9402000,VIBRATION,0.3504596,OK
9403250,VIBRATION,0.4779921,OK
9404500,VIBRATION,0.8114667,OK
9405750,VIBRATION,0.6088314,OK
9407000,VIBRATION,0.5603212,OK
9408250,VIBRATION,0.8373144,OK
9409500,VIBRATION,0.6925266,OK
9410000,PRESSURE,101.073,OK
9410000,TEMPERATURE,22.27728,OK
9410750,VIBRATION,0.6043928,OK
9412000,VIBRATION,0.7948386,OK
9413250,VIBRATION,0.5542874,OK
9414500,VIBRATION,0.2392036,OK
9415750,VIBRATION,-0.04754314,OK
9417000,VIBRATION,-0.6366901,OK
9418250,VIBRATION,-0.4562462,OK
9419500,VIBRATION,-0.3912711,OK
9420000,PRESSURE,101.068,OK
9420000,TEMPERATURE,22.11919,OK
9420787,VIBRATION,-0.07748433,OK
9422000,VIBRATION,-0.2391836,OK
9423250,VIBRATION,-0.1483607,OK
9424500,VIBRATION,-0.1318111,OK
9425750,VIBRATION,-0.2567282,OK
9427000,VIBRATION,-0.5417915,OK
9428250,VIBRATION,-0.3245054,OK
9429500,VIBRATION,-0.4610844,OK
9430000,PRESSURE,101.0767,OK
9430000,TEMPERATURE,22.13444,OK
9430750,VIBRATION,-0.3984923,OK
9432000,VIBRATION,-0.7936784,OK
9433250,VIBRATION,-1.237039,OK
9434500,VIBRATION,-1.287447,OK
9435750,VIBRATION,-1.222708,OK
9437000,VIBRATION,-1.331396,OK
9438250,VIBRATION,-0.6403221,OK
9439500,VIBRATION,-0.5213778,OK
9440000,PRESSURE,101.0679,OK
9440000,TEMPERATURE,22.38334,OK
9440750,VIBRATION,-0.3366232,OK
9442000,VIBRATION,-0.04423873,OK
9443250,VIBRATION,-0.115487,OK
9444500,VIBRATION,-0.4789471,OK
9445750,VIBRATION,-0.3829758,OK
9447000,VIBRATION,-0.1967452,OK
9448250,VIBRATION,0.06442084,OK
9449500,VIBRATION,0.2819575,OK
9450000,PRESSURE,101.1675,OK
9450000,TEMPERATURE,22.41508,OK
9450750,VIBRATION,0.509884,OK
9452000,VIBRATION,0.4784713,OK
9453250,VIBRATION,0.7755897,OK
9454500,VIBRATION,0.401646,OK
9455750,VIBRATION,0.7248678,OK
9457000,VIBRATION,0.9733199,OK
9458250,VIBRATION,1.025796,OK
9459500,VIBRATION,0.3819864,OK
9460000,PRESSURE,101.1902,OK
9460000,TEMPERATURE,22.37635,OK
9460750,VIBRATION,0.2338878,OK
9462000,VIBRATION,0.1189155,OK
9463250,VIBRATION,-0.05795649,OK
9464500,VIBRATION,0.2851598,OK
9465750,VIBRATION,0.5545569,OK
9467000,VIBRATION,0.6037166,OK
9468250,VIBRATION,0.6217511,OK
9469500,VIBRATION,0.2616333,OK
9470000,PRESSURE,101.1983,OK
9470000,TEMPERATURE,22.3057,OK
9470998,VIBRATION,0.4579905,OK
9472000,VIBRATION,0.7114714,OK
9473250,VIBRATION,1.04808,OK
9474500,VIBRATION,0.8741866,OK
9475750,VIBRATION,1.43877,OK
9477000,VIBRATION,0.9899561,OK
9478250,VIBRATION,0.8634299,OK
9479500,VIBRATION,1.387928,OK
9480000,PRESSURE,101.1873,OK
9480000,TEMPERATURE,22.17955,OK
9480750,VIBRATION,1.446907,OK
9482000,VIBRATION,1.224963,OK
9483250,VIBRATION,1.335207,OK
9484500,VIBRATION,0.9901684,OK
9485750,VIBRATION,1.146457,OK
9487000,VIBRATION,1.279169,OK
9488250,VIBRATION,0.9857717,OK
9489500,VIBRATION,1.219849,OK
9490000,PRESSURE,101.0945,OK
9490000,TEMPERATURE,22.23278,OK
9490750,VIBRATION,0.8991737,OK
9492000,VIBRATION,1.008305,OK
9493250,VIBRATION,1.355912,OK
9494500,VIBRATION,0.8822262,OK
9495750,VIBRATION,0.9581671,OK
9497000,VIBRATION,0.7225439,OK
9498250,VIBRATION,0.2111012,OK
9499500,VIBRATION,0.8062292,OK
9500000,PRESSURE,101.0792,OK
9500000,TEMPERATURE,22.23056,OK
9500750,VIBRATION,0.640653,OK
9502000,VIBRATION,0.6639958,OK
9503250,VIBRATION,0.6272196,OK
9504500,VIBRATION,0.8069257,OK
9505750,VIBRATION,1.289126,OK
9507000,VIBRATION,1.411966,OK
9508250,VIBRATION,0.8639285,OK
9509500,VIBRATION,0.8933312,OK
9510000,PRESSURE,101.0402,OK
9510000,TEMPERATURE,22.23944,OK
9510750,VIBRATION,0.8648642,OK
9512000,VIBRATION,1.551781,OK
9513250,VIBRATION,1.732883,OK
9514500,VIBRATION,0.9904667,OK
9515750,VIBRATION,0.8061756,OK
9517000,VIBRATION,0.9490835,OK
9518250,VIBRATION,0.9384587,OK
9519500,VIBRATION,1.342533,OK
9520000,PRESSURE,101.0136,OK
9520000,TEMPERATURE,22.20968,OK
9520750,VIBRATION,1.596677,OK
9522000,VIBRATION,1.183013,OK
9523250,VIBRATION,1.112168,OK
9524500,VIBRATION,0.9082214,OK
9525750,VIBRATION,1.329494,OK
9527033,VIBRATION,1.045807,OK
9528250,VIBRATION,0.8775691,OK
9529500,VIBRATION,1.060614,OK
9530000,PRESSURE,101.0123,OK
9530000,TEMPERATURE,22.25434,OK
9530750,VIBRATION,1.16054,OK
9532000,VIBRATION,1.386816,OK
9533250,VIBRATION,1.22142,OK
9534500,VIBRATION,1.066074,OK
9535750,VIBRATION,0.4067976,OK
9537000,VIBRATION,0.5673839,OK
9538250,VIBRATION,0.6722325,OK
9539500,VIBRATION,0.3536666,OK
9540000,PRESSURE,101.0814,OK
9540000,TEMPERATURE,22.1794,OK
9540750,VIBRATION,0.6533955,OK
9542000,VIBRATION,0.3068471,OK
9543250,VIBRATION,0.8910046,OK
9544500,VIBRATION,1.372839,OK
9545750,VIBRATION,0.9001501,OK
9547000,VIBRATION,0.6203818,OK
9548250,VIBRATION,0.4904613,OK
9549500,VIBRATION,0.5478965,OK
9550000,PRESSURE,101.1211,OK
9550000,TEMPERATURE,22.1053,OK
9550750,VIBRATION,0.4496623,OK
9552000,VIBRATION,0.6275359,OK
9553250,VIBRATION,1.099655,OK
9554500,VIBRATION,0.9475409,OK
9555750,VIBRATION,0.9016276,OK
9557000,VIBRATION,0.740643,OK
9558250,VIBRATION,0.4185541,OK
9559500,VIBRATION,0.5987941,OK
9560022,PRESSURE,101.0891,OK
9560022,TEMPERATURE,22.17533,OK
9560750,VIBRATION,0.62388,OK
9562000,VIBRATION,0.3826117,OK
9563250,VIBRATION,0.3064889,OK
9564500,VIBRATION,0.5097368,OK
9565750,VIBRATION,0.001087448,OK
9567000,VIBRATION,0.2231869,OK
9568250,VIBRATION,0.6799718,OK
9569500,VIBRATION,1.005214,OK
9570000,PRESSURE,101.0777,OK
9570000,TEMPERATURE,22.23936,OK
9570750,VIBRATION,0.8916323,OK
9572000,VIBRATION,0.7647411,OK
9573250,VIBRATION,1.276634,OK
9574500,VIBRATION,1.419064,OK
9575750,VIBRATION,1.466751,OK
9577000,VIBRATION,1.504528,OK
9578250,VIBRATION,1.670865,OK
9579500,VIBRATION,2.22446,OK
9580000,PRESSURE,101.0608,OK
9580000,TEMPERATURE,22.11744,OK
9580750,VIBRATION,2.907302,OK
9582000,VIBRATION,3.466276,OK
9583250,VIBRATION,3.725137,OK
9584500,VIBRATION,3.357928,OK
9585750,VIBRATION,3.030334,OK
9587000,VIBRATION,2.511174,OK
9588250,VIBRATION,2.507735,OK
9589500,VIBRATION,2.255489,OK
9590000,PRESSURE,101.1083,OK
9590000,TEMPERATURE,22.11527,OK
9590750,VIBRATION,2.191761,OK
9592000,VIBRATION,1.687776,OK
9593250,VIBRATION,1.631556,OK
9594500,VIBRATION,1.318012,OK
9595750,VIBRATION,1.641281,OK
9597000,VIBRATION,2.126703,OK
9598250,VIBRATION,1.702674,OK
9599500,VIBRATION,1.72722,OK
9600000,PRESSURE,101.205,OK
9600000,TEMPERATURE,21.97421,OK
9600750,VIBRATION,1.388816,OK
9602000,VIBRATION,1.636485,OK
9603250,VIBRATION,1.512488,OK
9604500,VIBRATION,1.660437,OK
9605750,VIBRATION,1.702475,OK
9607000,VIBRATION,1.344776,OK
9608250,VIBRATION,1.143635,OK
9609500,VIBRATION,1.285499,OK
9610000,PRESSURE,101.2151,OK
9610000,TEMPERATURE,21.77193,OK
9610750,VIBRATION,1.445435,OK
9612000,VIBRATION,1.791735,OK
9613250,VIBRATION,2.480636,OK
9614500,VIBRATION,2.744255,OK
9615750,VIBRATION,2.31803,OK
9617000,VIBRATION,2.028434,OK
9618250,VIBRATION,2.148407,OK
9619500,VIBRATION,2.290446,OK
9620000,PRESSURE,101.2364,OK
9620000,TEMPERATURE,21.90831,OK
9620750,VIBRATION,1.771794,OK
9622000,VIBRATION,1.625564,OK
9623250,VIBRATION,1.759888,OK
9624500,VIBRATION,1.408186,OK
9625787,VIBRATION,1.971198,OK
9627000,VIBRATION,2.102033,OK
9628250,VIBRATION,1.677476,OK
9629500,VIBRATION,2.051499,OK
9630000,PRESSURE,101.3125,OK
9630000,TEMPERATURE,21.97618,OK
9630750,VIBRATION,1.710409,OK
9632000,VIBRATION,1.527263,OK
9633250,VIBRATION,1.320053,OK
9634500,VIBRATION,1.027331,OK
9635750,VIBRATION,1.037102,OK
9637000,VIBRATION,0.6971722,OK
9638250,VIBRATION,0.04425606,OK
9639500,VIBRATION,-0.5226596,OK
9640000,PRESSURE,101.3763,OK
9640000,TEMPERATURE,21.93546,OK
9640750,VIBRATION,-0.4128564,OK
9642000,VIBRATION,-0.9830598,OK
9643250,VIBRATION,-0.909325,OK
9644500,VIBRATION,-0.8658938,OK
9645750,VIBRATION,-0.7387897,OK
9647000,VIBRATION,-0.4718053,OK
9648250,VIBRATION,-0.4678041,OK
9649500,VIBRATION,-0.2344053,OK
9650000,PRESSURE,101.3938,OK
9650000,TEMPERATURE,22.03693,OK
9650750,VIBRATION,0.185091,OK
9652000,VIBRATION,0.5425439,OK
9653250,VIBRATION,0.6722871,OK
9654500,VIBRATION,0.2678044,OK
9655750,VIBRATION,0.4927169,OK
9657000,VIBRATION,0.6785514,OK
9658250,VIBRATION,-0.01631986,OK
9659500,VIBRATION,-0.3846836,OK
9660000,PRESSURE,101.4346,OK
9660000,TEMPERATURE,22.08128,OK
9660750,VIBRATION,-0.1521779,OK
9662000,VIBRATION,-0.2949028,OK
9663250,VIBRATION,-0.02068743,OK
9664500,VIBRATION,0.4897446,OK
9665750,VIBRATION,0.9416143,OK
9667000,VIBRATION,0.9375971,OK
9668250,VIBRATION,0.7654161,OK
9669500,VIBRATION,0.3340693,OK
9670000,PRESSURE,101.4079,OK
9670000,TEMPERATURE,22.00892,OK
9670750,VIBRATION,0.2655407,OK
9672000,VIBRATION,0.2231862,OK
9673250,VIBRATION,0.04380834,OK
9674500,VIBRATION,-0.5687164,OK
9675750,VIBRATION,-0.05384828,OK
9677000,VIBRATION,0.3466021,OK
9678250,VIBRATION,0.06553643,OK
9679500,VIBRATION,-0.2371666,OK
9680000,PRESSURE,101.4502,OK
9680000,TEMPERATURE,22.07191,OK
9680750,VIBRATION,-0.1243092,OK
9682000,VIBRATION,0.0954373,OK
9683250,VIBRATION,-0.1470916,OK
9684500,VIBRATION,-0.002886531,OK
9685750,VIBRATION,-0.4069387,OK
9687000,VIBRATION,-0.5090885,OK
9688250,VIBRATION,-0.3953364,OK
9689500,VIBRATION,0.07004413,OK
9690000,PRESSURE,101.4468,OK
9690000,TEMPERATURE,22.05306,OK
9690750,VIBRATION,0.3306377,OK
9692000,VIBRATION,-0.2528597,OK
9693250,VIBRATION,-0.2714131,OK
9694500,VIBRATION,0.06807483,OK
9695750,VIBRATION,0.1588658,OK
9697000,VIBRATION,0.1512708,OK
9698250,VIBRATION,0.1775906,OK
9699500,VIBRATION,0.5979458,OK
9700000,PRESSURE,101.3599,OK
9700000,TEMPERATURE,21.87842,OK
9700750,VIBRATION,0.1304725,OK
9702000,VIBRATION,-0.2780448,OK
9703250,VIBRATION,-0.698735,OK
9704500,VIBRATION,-0.3172665,OK
9705750,VIBRATION,-0.4913539,OK
9707000,VIBRATION,-0.3951457,OK
9708250,VIBRATION,-0.464176,OK
9709500,VIBRATION,-0.1676666,OK
9710000,PRESSURE,101.3307,OK
9710000,TEMPERATURE,21.87615,OK
9710750,VIBRATION,-0.2079914,OK
9712000,VIBRATION,-0.4297357,OK
9713250,VIBRATION,-0.7964121,OK
9714500,VIBRATION,-1.011128,OK
9715750,VIBRATION,-0.9622369,OK
9717000,VIBRATION,-1.106351,OK
9718250,VIBRATION,-1.091389,OK
9719500,VIBRATION,-0.7788497,OK
9720000,PRESSURE,101.2454,OK
9720000,TEMPERATURE,21.82723,OK
9720750,VIBRATION,-0.9590303,OK
9722000,VIBRATION,-0.6956831,OK
9723250,VIBRATION,-0.4706837,OK
9724500,VIBRATION,-0.272161,OK
9725750,VIBRATION,-0.08872754,OK
9727000,VIBRATION,-0.09208234,OK
9728250,VIBRATION,0.1965528,OK
9729500,VIBRATION,0.1592287,OK
9730000,PRESSURE,101.2543,OK
9730000,TEMPERATURE,21.90147,OK
9730750,VIBRATION,0.2351904,OK
9732000,VIBRATION,-0.1939358,OK
9733250,VIBRATION,0.3726896,OK
9734500,VIBRATION,0.4445004,OK
9735750,VIBRATION,0.8552294,OK
9737000,VIBRATION,0.6374891,OK
9738250,VIBRATION,0.7089454,OK
9739500,VIBRATION,0.578001,OK
9740000,PRESSURE,101.2488,OK
9740000,TEMPERATURE,21.83489,OK
9740750,VIBRATION,0.1506713,OK
9742000,VIBRATION,0.09521471,OK
9743250,VIBRATION,0.006198057,OK
9744500,VIBRATION,-0.09315243,OK
9745750,VIBRATION,-0.6455234,OK
9747000,VIBRATION,-0.629456,OK
9748250,VIBRATION,-1.007657,OK
9749500,VIBRATION,-0.3114559,OK
9750000,PRESSURE,101.2076,OK
9750000,TEMPERATURE,21.92831,OK
9750750,VIBRATION,-0.4276166,OK
9752000,VIBRATION,-0.5462633,OK
9753250,VIBRATION,-1.052037,OK
9754500,VIBRATION,-0.5436618,OK
9755750,VIBRATION,-0.4697491,OK
9757000,VIBRATION,-0.5866204,OK
9758250,VIBRATION,-0.9002984,OK
9759500,VIBRATION,-0.8284746,OK
9760000,PRESSURE,101.2053,OK
9760000,TEMPERATURE,21.90115,OK
9760750,VIBRATION,-1.452001,OK
9762000,VIBRATION,-1.288823,OK
9763250,VIBRATION,-0.7905269,OK
9764500,VIBRATION,-0.8601777,OK
9765750,VIBRATION,-0.5547769,OK
9767000,VIBRATION,-0.4659522,OK
9768250,VIBRATION,-0.6805689,OK
9769500,VIBRATION,-1.191105,OK
9770000,PRESSURE,101.1768,OK
9770000,TEMPERATURE,22.00856,OK
9770750,VIBRATION,-1.187723,OK
9772000,VIBRATION,-1.097204,OK
9773250,VIBRATION,-0.4219073,OK
9774500,VIBRATION,0.05089889,OK
9775750,VIBRATION,-0.362744,OK
9777000,VIBRATION,-0.8787576,OK
9778250,VIBRATION,-0.9878178,OK
9779500,VIBRATION,-1.337703,OK
9780000,PRESSURE,101.1357,OK
9780000,TEMPERATURE,21.98074,OK
9780750,VIBRATION,-1.27123,OK
9782000,VIBRATION,-0.9801279,OK
9783250,VIBRATION,-1.271405,OK
9784500,VIBRATION,-1.211933,OK
9785750,VIBRATION,-0.8155476,OK
9787000,VIBRATION,-1.502407,OK
9788250,VIBRATION,-1.226906,OK
9789500,VIBRATION,-0.9186727,OK
9790000,PRESSURE,101.0796,OK
9790000,TEMPERATURE,21.92723,OK
9790750,VIBRATION,-0.6388465,OK
9792000,VIBRATION,-0.9411615,OK
9793250,VIBRATION,-0.7840979,OK
9794500,VIBRATION,-0.9232881,OK
9795750,VIBRATION,-0.8503108,OK
9797000,VIBRATION,-0.4898063,OK
9798250,VIBRATION,-0.2849253,OK
9799500,VIBRATION,-0.2333621,OK
9800000,PRESSURE,101.0661,OK
9800000,TEMPERATURE,21.85981,OK
9800750,VIBRATION,-0.2437683,OK
9802000,VIBRATION,-0.3560079,OK
9803250,VIBRATION,-0.073447,OK
9804500,VIBRATION,-0.3699768,OK
9805750,VIBRATION,-0.4930337,OK
9807000,VIBRATION,-0.1320893,OK
9808250,VIBRATION,-0.4212181,OK
9809500,VIBRATION,-0.4988982,OK
9810000,PRESSURE,101.0679,OK
9810000,TEMPERATURE,21.96298,OK
9810750,VIBRATION,-1.077272,OK
9812000,VIBRATION,-1.097674,OK
9813250,VIBRATION,-0.8552211,OK
9814500,VIBRATION,-0.8032477,OK
9815750,VIBRATION,-0.4072658,OK
9817000,VIBRATION,-0.4932177,OK
9818250,VIBRATION,-0.4506975,OK
9819500,VIBRATION,-0.5351399,OK
9820000,PRESSURE,101.1042,OK
9820000,TEMPERATURE,21.87843,OK
9820750,VIBRATION,-0.2963088,OK
9822000,VIBRATION,-0.355038,OK
9823250,VIBRATION,-0.8435827,OK
9824500,VIBRATION,-1.253432,OK
9825750,VIBRATION,-1.285048,OK
9827000,VIBRATION,-1.54608,OK
9828250,VIBRATION,-1.337894,OK
9829500,VIBRATION,-1.069621,OK
9830000,PRESSURE,101.0587,OK
9830000,TEMPERATURE,21.87725,OK
9830750,VIBRATION,-0.960323,OK
9832000,VIBRATION,-1.19089,OK
9833250,VIBRATION,-0.9670516,OK
9834500,VIBRATION,-0.7599818,OK
9835750,VIBRATION,-0.749508,OK
9837000,VIBRATION,-0.5051659,OK
9838250,VIBRATION,-0.443928,OK
9839500,VIBRATION,-0.7430803,OK
9840030,PRESSURE,101.0255,OK
9840030,TEMPERATURE,21.90979,OK
9840750,VIBRATION,-1.242651,OK
9842000,VIBRATION,-1.942936,OK
9843250,VIBRATION,-1.463769,OK
9844500,VIBRATION,-1.597843,OK
9845750,VIBRATION,-1.767905,OK
9847000,VIBRATION,-1.47783,OK
9848508,VIBRATION,-1.375592,OK
9849500,VIBRATION,-1.106464,OK
9850000,PRESSURE,101.0324,OK
9850000,TEMPERATURE,21.94195,OK
9850750,VIBRATION,-0.8331006,OK
9852000,VIBRATION,-0.3063855,OK
9853250,VIBRATION,-0.5550471,OK
9854500,VIBRATION,-0.4817069,OK
9855750,VIBRATION,-0.6033852,OK
9857000,VIBRATION,-0.3658843,OK
9858250,VIBRATION,-0.2640126,OK
9859500,VIBRATION,0.07045628,OK
9860000,PRESSURE,100.9571,OK
9860000,TEMPERATURE,21.94377,OK
9860750,VIBRATION,0.2249832,OK
9862000,VIBRATION,0.5014437,OK
9863250,VIBRATION,0.6489427,OK
9864500,VIBRATION,0.9132742,OK
9865750,VIBRATION,0.7868185,OK
9867000,VIBRATION,0.2484253,OK
9868250,VIBRATION,0.07740402,OK
9869500,VIBRATION,0.2521418,OK
9870000,PRESSURE,101.0026,OK
9870000,TEMPERATURE,21.90542,OK
9870750,VIBRATION,0.2772798,OK
9872000,VIBRATION,0.4441043,OK
9873449,VIBRATION,0.2511116,OK
9874500,VIBRATION,0.01068468,OK
9875750,VIBRATION,-0.1836789,OK
9877000,VIBRATION,-0.03689632,OK
9878250,VIBRATION,-0.2572319,OK
9879500,VIBRATION,-0.01338617,OK
9880000,PRESSURE,101.0957,OK
9880000,TEMPERATURE,21.87261,OK
9880750,VIBRATION,-0.4668524,OK
9882000,VIBRATION,-0.2584252,OK
9883250,VIBRATION,-0.7954551,OK
9884500,VIBRATION,-0.7603075,OK
9885750,VIBRATION,-0.6156979,OK
9887000,VIBRATION,-0.2841817,OK
9888250,VIBRATION,0.04819865,OK
9889501,VIBRATION,0.1086878,OK
9890000,PRESSURE,101.1468,OK
9890000,TEMPERATURE,21.8084,OK
9890750,VIBRATION,0.08299797,OK
9892000,VIBRATION,0.1718247,OK
9893250,VIBRATION,0.07197466,OK
9894500,VIBRATION,-0.06885693,OK
9895750,VIBRATION,0.08247539,OK
9897000,VIBRATION,-0.04071578,OK
9898250,VIBRATION,-0.1645224,OK
9899500,VIBRATION,0.3645796,OK
9900000,PRESSURE,101.1796,OK
9900000,TEMPERATURE,21.65145,OK
9900750,VIBRATION,0.4901159,OK
9902000,VIBRATION,0.4303504,OK
9903273,VIBRATION,1.292879,OK
9904500,VIBRATION,1.189069,OK
9905750,VIBRATION,1.235475,OK
9907000,VIBRATION,1.228438,OK
9908250,VIBRATION,0.9515476,OK
9909500,VIBRATION,0.9013867,OK
9910000,PRESSURE,101.1812,OK
9910000,TEMPERATURE,21.44879,OK
9910750,VIBRATION,0.8554777,OK
9912000,VIBRATION,0.6904817,OK
9913250,VIBRATION,0.7740567,OK
9914500,VIBRATION,0.2981036,OK
9915750,VIBRATION,0.96355,OK
9917000,VIBRATION,1.041313,OK
9918250,VIBRATION,0.9280789,OK
9919500,VIBRATION,0.9126183,OK
9920000,PRESSURE,101.13,OK
9920000,TEMPERATURE,21.61178,OK
9920750,VIBRATION,0.7838108,OK
9922000,VIBRATION,0.7334548,OK
9923250,VIBRATION,0.7738505,OK
9924500,VIBRATION,0.5604459,OK
9925750,VIBRATION,1.048161,OK
9927000,VIBRATION,0.7985814,OK
9928250,VIBRATION,0.6750513,OK
9929500,VIBRATION,0.6514665,OK
9930000,PRESSURE,101.1554,OK
9930000,TEMPERATURE,21.63592,OK
9930750,VIBRATION,0.5306092,OK
9932000,VIBRATION,0.3873374,OK
9933250,VIBRATION,0.2305413,OK
9934500,VIBRATION,0.2617569,OK
9935750,VIBRATION,0.4412293,OK
9937000,VIBRATION,0.07997063,OK
9938250,VIBRATION,0.08201843,OK
9939500,VIBRATION,-0.1598908,OK
9940000,PRESSURE,101.2282,OK
9940000,TEMPERATURE,21.60037,OK
9940750,VIBRATION,-0.3936478,OK
9942000,VIBRATION,-0.01871716,OK
9943250,VIBRATION,-0.1510478,OK
9944500,VIBRATION,0.1523644,OK
9945750,VIBRATION,-0.5449164,OK
9947000,VIBRATION,-1.032654,OK
9948250,VIBRATION,-0.245801,OK
9949500,VIBRATION,-0.4893364,OK
9950000,PRESSURE,101.2367,OK
9950000,TEMPERATURE,21.8142,OK
9950750,VIBRATION,-1.338164,OK
9952000,VIBRATION,-1.333861,OK
9953250,VIBRATION,-1.785366,OK
9954500,VIBRATION,-1.835642,OK
9955750,VIBRATION,-1.942488,OK
9957000,VIBRATION,-1.714632,OK
9958251,VIBRATION,-1.524483,OK
9959500,VIBRATION,-1.436309,OK
9960000,PRESSURE,101.3024,OK
9960000,TEMPERATURE,21.79674,OK
9960775,VIBRATION,-1.334565,OK
9962000,VIBRATION,-1.667094,OK
9963250,VIBRATION,-1.8925,OK
9964500,VIBRATION,-2.197887,OK
9965750,VIBRATION,-2.358387,OK
9967000,VIBRATION,-2.952471,OK
9968254,VIBRATION,-3.188576,OK
9969500,VIBRATION,-3.221693,OK
9970000,PRESSURE,101.3562,OK
9970000,TEMPERATURE,21.72829,OK
9970750,VIBRATION,-2.533846,OK
9972000,VIBRATION,-2.086198,OK
9973250,VIBRATION,-2.074379,OK
9974500,VIBRATION,-2.110512,OK
9975750,VIBRATION,-1.872929,OK
9977000,VIBRATION,-1.607987,OK
9978250,VIBRATION,-1.417294,OK
9979500,VIBRATION,-1.406621,OK
9980000,PRESSURE,101.2252,OK
9980000,TEMPERATURE,21.7033,OK
9980750,VIBRATION,-1.789545,OK
9982000,VIBRATION,-1.475365,OK
9983250,VIBRATION,-1.67777,OK
9984500,VIBRATION,-2.031627,OK
9985750,VIBRATION,-1.175452,OK
9987000,VIBRATION,-0.9411466,OK
9988250,VIBRATION,-0.7012761,OK
9989500,VIBRATION,-0.7230766,OK
9990000,PRESSURE,101.2151,OK
9990000,TEMPERATURE,21.77793,OK
9990750,VIBRATION,-0.8212633,OK
9992000,VIBRATION,-0.4236593,OK
9993250,VIBRATION,-0.3989443,OK
9994500,VIBRATION,-0.5533829,OK
9995750,VIBRATION,-0.6951052,OK
9997000,VIBRATION,-1.26793,OK
9998250,VIBRATION,-1.201316,OK
9999500,VIBRATION,-0.9284776,OK
10000000,PRESSURE,101.2771,OK
10000000,TEMPERATURE,21.71304,OK
10000000,HUMIDITY,44.21918,OK
10000750,VIBRATION,-0.9507055,OK
10002000,VIBRATION,-1.260881,OK
10003250,VIBRATION,-1.687166,OK
10004500,VIBRATION,-1.987614,OK
10005795,VIBRATION,-2.353306,OK
10007000,VIBRATION,-2.728596,OK
10008250,VIBRATION,-2.846048,OK
10009500,VIBRATION,-2.612736,OK
10010000,PRESSURE,101.2808,OK
10010000,TEMPERATURE,21.70985,OK
10010750,VIBRATION,-2.148053,OK
10012000,VIBRATION,-2.055737,OK
10013250,VIBRATION,-1.707284,OK
10014500,VIBRATION,-1.428148,OK
10015750,VIBRATION,-1.180737,OK
10017000,VIBRATION,-1.107084,OK
10018250,VIBRATION,-0.899009,OK
10019500,VIBRATION,-0.8186813,OK
10020080,PRESSURE,101.3158,OK
10020080,TEMPERATURE,21.79338,OK
10020750,VIBRATION,-0.6351334,OK
10022000,VIBRATION,-0.7579953,OK
10023250,VIBRATION,-0.04888086,OK
10024500,VIBRATION,0.02901281,OK
10025750,VIBRATION,0.2245113,OK
10027000,VIBRATION,0.2198311,OK
10028250,VIBRATION,0.2263268,OK
10029500,VIBRATION,0.1362779,OK
10030000,PRESSURE,101.3386,OK
10030000,TEMPERATURE,22.00208,OK
10030750,VIBRATION,0.3780078,OK
10032000,VIBRATION,0.171531,OK
10033250,VIBRATION,-0.6337761,OK
10034500,VIBRATION,-0.1836064,OK
10035750,VIBRATION,0.1290618,OK
10037000,VIBRATION,0.8609803,OK
10038250,VIBRATION,1.199959,OK
10039500,VIBRATION,0.9474919,OK
10040000,PRESSURE,101.332,OK
10040000,TEMPERATURE,22.03806,OK
10040750,VIBRATION,1.100448,OK
10042000,VIBRATION,0.8689884,OK
10043250,VIBRATION,0.6125492,OK
10044500,VIBRATION,0.2135656,OK
10045750,VIBRATION,0.003846375,OK
10047000,VIBRATION,0.3014878,OK
10048250,VIBRATION,0.550497,OK
10049500,VIBRATION,0.009354366,OK
10050000,PRESSURE,101.3716,OK
10050000,TEMPERATURE,21.94077,OK
10050750,VIBRATION,-0.3609598,OK
10052000,VIBRATION,-0.3575812,OK
10053250,VIBRATION,0.3941919,OK
10054500,VIBRATION,-0.17988,OK
10055750,VIBRATION,-0.270522,OK
10057000,VIBRATION,0.218539,OK
10058250,VIBRATION,0.07699818,OK
10059500,VIBRATION,-0.2936041,OK
10060000,PRESSURE,101.3819,OK
10060000,TEMPERATURE,21.93378,OK
10060750,VIBRATION,-0.2691794,OK
10062000,VIBRATION,-0.2271772,OK
10063250,VIBRATION,-0.1948737,OK
10064500,VIBRATION,-0.1710797,OK
10065750,VIBRATION,0.00633498,OK
10067000,VIBRATION,-0.3002495,OK
10068250,VIBRATION,-0.6034519,OK
10069500,VIBRATION,-0.1910267,OK
10070000,PRESSURE,101.3613,OK
10070000,TEMPERATURE,21.97681,OK
10070750,VIBRATION,-0.04242515,OK
10072000,VIBRATION,0.288716,OK
10073250,VIBRATION,0.391596,OK
10074500,VIBRATION,0.06013993,OK
10075750,VIBRATION,-0.3155371,OK
10077000,VIBRATION,-0.7415432,OK
10078250,VIBRATION,-0.5787097,OK
10079500,VIBRATION,-0.7890784,OK
10080000,PRESSURE,101.3652,OK
10080000,TEMPERATURE,21.96694,OK
10080750,VIBRATION,-0.4464042,OK
10082000,VIBRATION,-0.0797367,OK
10083250,VIBRATION,-0.4140365,OK
10084500,VIBRATION,-0.2148504,OK
10085750,VIBRATION,0.1194909,OK
10087000,VIBRATION,0.5785037,OK
10088250,VIBRATION,0.2490035,OK
10089500,VIBRATION,0.01448376,OK
10090000,PRESSURE,101.308,OK
10090000,TEMPERATURE,21.82006,OK
10090750,VIBRATION,0.1758871,OK
10092000,VIBRATION,-0.2125641,OK
10093250,VIBRATION,-0.2145534,OK
10094500,VIBRATION,-0.09261192,OK
10095750,VIBRATION,-0.1438529,OK
10097000,VIBRATION,-0.2295908,OK
10098250,VIBRATION,0.4518252,OK
10099500,VIBRATION,0.4939832,OK
10100000,PRESSURE,101.213,OK
10100000,TEMPERATURE,21.85675,OK
10100750,VIBRATION,0.4518334,OK
10102000,VIBRATION,0.5354138,OK
10103250,VIBRATION,0.1964885,OK
10104500,VIBRATION,0.6170899,OK
10105750,VIBRATION,0.1067784,OK
10107000,VIBRATION,0.1573146,OK
10108250,VIBRATION,0.2089998,OK
10109500,VIBRATION,0.3460248,OK
10110000,PRESSURE,101.3361,OK
10110000,TEMPERATURE,21.90274,OK
10110750,VIBRATION,0.2488408,OK
10112000,VIBRATION,-0.06794273,OK
10113250,VIBRATION,-0.4617698,OK
10114500,VIBRATION,-0.3086871,OK
10115750,VIBRATION,-0.1115125,OK
10117000,VIBRATION,0.04263619,OK
10118250,VIBRATION,-0.07573346,OK
10119500,VIBRATION,-0.3434363,OK
10120038,PRESSURE,101.4038,OK
10120038,TEMPERATURE,21.6997,OK
10120750,VIBRATION,-0.4672823,OK
10122000,VIBRATION,-0.6397028,OK
10123250,VIBRATION,-0.9926699,OK
10124500,VIBRATION,-0.6737611,OK
10125750,VIBRATION,-0.7268472,OK
10127000,VIBRATION,-1.132739,OK
10128250,VIBRATION,-1.542498,OK
10129500,VIBRATION,-1.314189,OK
10130000,PRESSURE,101.3443,OK
10130000,TEMPERATURE,21.56159,OK
10130750,VIBRATION,-0.7828109,OK
10132000,VIBRATION,-1.018305,OK
10133250,VIBRATION,-1.139282,OK
10134500,VIBRATION,-1.31246,OK
10135750,VIBRATION,-1.612727,OK
10137000,VIBRATION,-1.360328,OK
10138250,VIBRATION,-1.166371,OK
10139500,VIBRATION,-1.109957,OK
10140000,PRESSURE,101.4191,OK
10140000,TEMPERATURE,21.60432,OK
10140750,VIBRATION,-1.612028,OK
10142000,VIBRATION,-1.304479,OK
10143250,VIBRATION,-1.653061,OK
10144500,VIBRATION,-1.838222,OK
10145750,VIBRATION,-1.778898,OK
10147000,VIBRATION,-1.726313,OK
10148250,VIBRATION,-1.69895,OK
10149500,VIBRATION,-1.516368,OK
10150000,PRESSURE,101.3851,OK
10150000,TEMPERATURE,21.69264,OK
10150750,VIBRATION,-1.853031,OK
10152000,VIBRATION,-2.224476,OK
10153250,VIBRATION,-1.665628,OK
10154500,VIBRATION,-0.9882736,OK
10155750,VIBRATION,-0.6142918,OK
10157000,VIBRATION,-0.153328,OK
10158250,VIBRATION,-0.5237194,OK
10159500,VIBRATION,-0.03096642,OK
10160000,PRESSURE,101.4324,OK
10160000,TEMPERATURE,21.64934,OK
10160750,VIBRATION,0.08999347,OK
10162000,VIBRATION,-0.2581309,OK
10163250,VIBRATION,-0.1297847,OK
10164500,VIBRATION,-0.326381,OK
10165750,VIBRATION,-0.370058,OK
10167000,VIBRATION,-0.7843184,OK
10168250,VIBRATION,-1.118222,OK
10169500,VIBRATION,-1.3245,OK
10170000,PRESSURE,101.4026,OK
10170000,TEMPERATURE,21.51121,OK
10170750,VIBRATION,-1.442246,OK
10172049,VIBRATION,-1.880433,OK
10173250,VIBRATION,-1.852722,OK
10174500,VIBRATION,-1.504655,OK
10175750,VIBRATION,-1.440073,OK
10177000,VIBRATION,-1.28076,OK
10178250,VIBRATION,-1.685871,OK
10179500,VIBRATION,-1.99452,OK
10180000,PRESSURE,101.3965,OK
10180000,TEMPERATURE,21.42603,OK
10180750,VIBRATION,-2.231263,OK
10182000,VIBRATION,-1.620972,OK
10183250,VIBRATION,-1.247516,OK
10184500,VIBRATION,-1.508523,OK
10185750,VIBRATION,-1.338335,OK
10187000,VIBRATION,-1.153816,OK
10188250,VIBRATION,-0.7954858,OK
10189500,VIBRATION,-0.7023155,OK
10190000,PRESSURE,101.3666,OK
10190000,TEMPERATURE,21.46187,OK
10190750,VIBRATION,-0.8708197,OK
10192000,VIBRATION,-0.7445905,OK
10193250,VIBRATION,-0.4627758,OK
10194500,VIBRATION,-0.01773929,OK
10195750,VIBRATION,-0.03106383,OK
10197000,VIBRATION,0.3852002,OK
10198250,VIBRATION,0.770774,OK
10199500,VIBRATION,1.054492,OK
10200000,PRESSURE,101.3119,OK
10200000,TEMPERATURE,21.55168,OK
10200750,VIBRATION,0.5503854,OK
10202000,VIBRATION,0.3305142,OK
10203250,VIBRATION,0.06148202,OK
10204500,VIBRATION,0.476934,OK
10205750,VIBRATION,0.2970491,OK
10207000,VIBRATION,-0.06012778,OK
10208250,VIBRATION,0.005447367,OK
10209500,VIBRATION,0.05600746,OK
10210000,PRESSURE,101.4332,OK
10210000,TEMPERATURE,21.56858,OK
10210750,VIBRATION,-0.01376436,OK
10212000,VIBRATION,-0.2235283,OK
10213250,VIBRATION,0.3330265,OK
10214500,VIBRATION,0.4330242,OK
10215750,VIBRATION,0.4622774,OK
10217000,VIBRATION,0.2204647,OK
10218250,VIBRATION,-0.3294191,OK
10219500,VIBRATION,-0.5974035,OK
10220000,PRESSURE,101.4467,OK
10220000,TEMPERATURE,21.50959,OK
10220750,VIBRATION,-0.3331715,OK
10222000,VIBRATION,-0.7647737,OK
10223250,VIBRATION,-1.126123,OK
10224500,VIBRATION,-1.52189,OK
10225750,VIBRATION,-1.054979,OK
10227000,VIBRATION,-1.284799,OK
10228250,VIBRATION,-1.283797,OK
10229521,VIBRATION,-1.081301,OK
10230000,PRESSURE,101.5014,OK
10230000,TEMPERATURE,21.64243,OK
10230750,VIBRATION,-0.811411,OK
10232000,VIBRATION,-0.1786665,OK
10233250,VIBRATION,-0.4508168,OK
10234500,VIBRATION,-0.5721751,OK
10235750,VIBRATION,-0.5141328,OK
10237000,VIBRATION,-0.3845749,OK
10238251,VIBRATION,-0.5689906,OK
10239500,VIBRATION,-0.445941,OK
10240000,PRESSURE,101.5448,OK
10240000,TEMPERATURE,21.6974,OK
10240750,VIBRATION,-0.7852967,OK
10242000,VIBRATION,-0.7247658,OK
10243250,VIBRATION,-1.101218,OK
10244500,VIBRATION,-1.447191,OK
10245750,VIBRATION,-1.475661,OK
10247000,VIBRATION,-1.896798,OK
10248250,VIBRATION,-1.605033,OK
10249500,VIBRATION,-1.375641,OK
10250000,PRESSURE,101.5411,OK
10250000,TEMPERATURE,21.6604,OK
10250750,VIBRATION,-1.708656,OK
10252000,VIBRATION,-1.445747,OK
10253250,VIBRATION,-1.537802,OK
10254533,VIBRATION,-1.262793,OK
10255750,VIBRATION,-1.441401,OK
10257000,VIBRATION,-1.57354,OK
10258250,VIBRATION,-0.8753737,OK
10259500,VIBRATION,-1.0033,OK
10260000,PRESSURE,101.5018,OK
10260000,TEMPERATURE,21.71785,OK
10260750,VIBRATION,-0.9698857,OK
10262000,VIBRATION,-0.8014648,OK
10263250,VIBRATION,-0.6666395,OK
10264500,VIBRATION,-1.134393,OK
10265750,VIBRATION,-1.36218,OK
10267000,VIBRATION,-0.9900128,OK
10268250,VIBRATION,-0.8996855,OK
10269500,VIBRATION,-0.9079974,OK
10270000,PRESSURE,101.5116,OK
10270000,TEMPERATURE,21.65951,OK
10270750,VIBRATION,-1.081797,OK
10272000,VIBRATION,-1.099691,OK
10273250,VIBRATION,-0.9457536,OK
10274500,VIBRATION,-0.8949867,OK
10275750,VIBRATION,-0.6514141,OK
10277000,VIBRATION,-0.7429968,OK
10278250,VIBRATION,-0.7879511,OK
10279500,VIBRATION,-0.8855961,OK
10280000,PRESSURE,101.4407,OK
10280000,TEMPERATURE,21.52935,OK
10280750,VIBRATION,-0.427482,OK
10282000,VIBRATION,-0.4390915,OK
10283250,VIBRATION,-0.408727,OK
10284500,VIBRATION,-0.1251674,OK
10285750,VIBRATION,-0.2846169,OK
10287049,VIBRATION,-0.1098101,OK
10288250,VIBRATION,-0.07164194,OK
10289500,VIBRATION,0.3037976,OK
10290000,PRESSURE,101.409,OK
10290000,TEMPERATURE,21.55242,OK
10290750,VIBRATION,0.2551951,OK
10292000,VIBRATION,0.2811502,OK
10293250,VIBRATION,0.02035979,OK
10294500,VIBRATION,-0.5479751,OK
10295750,VIBRATION,-0.473442,OK
10297000,VIBRATION,-0.06253836,OK
10298250,VIBRATION,-0.04912778,OK
10299500,VIBRATION,-0.07119854,OK
10300000,PRESSURE,101.4526,OK
10300000,TEMPERATURE,21.79876,OK
10300750,VIBRATION,0.1036755,OK
10302000,VIBRATION,0.2557219,OK
10303250,VIBRATION,-0.1264471,OK
10304610,VIBRATION,-0.5357164,OK
10305750,VIBRATION,-0.3115911,OK
10307000,VIBRATION,-0.7624899,OK
10308250,VIBRATION,-0.7603029,OK
10309500,VIBRATION,-0.2314875,OK
10310000,PRESSURE,101.4777,OK
10310000,TEMPERATURE,21.72796,OK
10310750,VIBRATION,0.07547715,OK
10312000,VIBRATION,0.1465016,OK
10313250,VIBRATION,0.4398517,OK
10314500,VIBRATION,0.5923822,OK
10315750,VIBRATION,0.4134706,OK
10317000,VIBRATION,0.958438,OK
10318250,VIBRATION,0.451182,OK
10319500,VIBRATION,0.1301325,OK
10320000,PRESSURE,101.4407,OK
10320000,TEMPERATURE,21.65592,OK
10320750,VIBRATION,-0.04978782,OK
10322000,VIBRATION,0.402313,OK
10323250,VIBRATION,0.1823785,OK
10324500,VIBRATION,0.2030336,OK
10325750,VIBRATION,-0.3947323,OK
10327000,VIBRATION,-0.1507303,OK
10328250,VIBRATION,-0.4177565,OK
10329500,VIBRATION,-0.528104,OK
10330000,PRESSURE,101.4429,OK
10330000,TEMPERATURE,21.39209,OK
10330750,VIBRATION,-0.7255315,OK
10332000,VIBRATION,-0.9027975,OK
10333250,VIBRATION,-1.008887,OK
10334500,VIBRATION,-1.164315,OK
10335750,VIBRATION,-1.662256,OK
10337000,VIBRATION,-1.777502,OK
10338250,VIBRATION,-1.658083,OK
10339500,VIBRATION,-1.481187,OK
10340000,PRESSURE,101.4522,OK
10340000,TEMPERATURE,21.47566,OK
10340750,VIBRATION,-1.173314,OK
10342000,VIBRATION,-0.9719288,OK
10343250,VIBRATION,-0.6566751,OK
10344514,VIBRATION,-1.196209,OK
10345750,VIBRATION,-1.052282,OK
10347000,VIBRATION,-0.7484206,OK
10348250,VIBRATION,-0.6108517,OK
10349500,VIBRATION,-0.8110611,OK
10350000,PRESSURE,101.5046,OK
10350000,TEMPERATURE,21.57493,OK
10350750,VIBRATION,-0.3529369,OK
10352000,VIBRATION,-0.6579974,OK
10353250,VIBRATION,-0.5619496,OK
10354500,VIBRATION,-0.4233431,OK
10355838,VIBRATION,-0.8431699,OK
10357000,VIBRATION,-0.7409705,OK
10358250,VIBRATION,-0.7246006,OK
10359500,VIBRATION,-0.2833003,OK
10360000,PRESSURE,101.4985,OK
10360000,TEMPERATURE,21.78461,OK
10360750,VIBRATION,-0.5540399,OK
10362000,VIBRATION,-0.6283993,OK
10363250,VIBRATION,-0.3499256,OK
10364500,VIBRATION,-0.4709842,OK
10365750,VIBRATION,-1.085037,OK
10367105,VIBRATION,-1.068467,OK
10368250,VIBRATION,-0.9738475,OK
10369500,VIBRATION,-0.5146776,OK
10370000,PRESSURE,101.552,OK
10370000,TEMPERATURE,21.71662,OK
10370750,VIBRATION,-0.554871,OK
10372000,VIBRATION,-0.7444177,OK
10373250,VIBRATION,-0.625209,OK
10374500,VIBRATION,-0.09241295,OK
10375750,VIBRATION,0.0687885,OK
10377000,VIBRATION,0.136762,OK
10378359,VIBRATION,-0.4828169,OK
10379500,VIBRATION,-0.0823622,OK
10380000,PRESSURE,101.6038,OK
10380000,TEMPERATURE,21.86908,OK
10380750,VIBRATION,0.084962,OK
10382000,VIBRATION,-0.1236662,OK
10383250,VIBRATION,-0.2774832,OK
10384500,VIBRATION,-0.3236751,OK
10385775,VIBRATION,-0.5270222,OK
10387000,VIBRATION,-0.5225747,OK
10388250,VIBRATION,0.3120657,OK
10389502,VIBRATION,0.09896718,OK
10390000,PRESSURE,101.6073,OK
10390000,TEMPERATURE,21.72185,OK
10390750,VIBRATION,-0.03597703,OK
10392000,VIBRATION,0.47179,OK
10393250,VIBRATION,0.4389727,OK
10394500,VIBRATION,0.7740216,OK
10395750,VIBRATION,1.398615,OK
10397000,VIBRATION,1.290827,OK
10398250,VIBRATION,1.343079,OK
10399500,VIBRATION,1.049274,OK
10400000,PRESSURE,101.6219,OK
10400000,TEMPERATURE,21.64916,OK
10400750,VIBRATION,0.9970384,OK
10402000,VIBRATION,1.113211,OK
10403250,VIBRATION,0.596184,OK
10404500,VIBRATION,0.2847199,OK
10405750,VIBRATION,0.1260093,OK
10407000,VIBRATION,-0.1001685,OK
10408250,VIBRATION,0.1743211,OK
10409500,VIBRATION,0.3174883,OK
10410000,PRESSURE,101.5404,OK
10410000,TEMPERATURE,21.72348,OK
10410750,VIBRATION,0.425791,OK
10412036,VIBRATION,-0.03072117,OK
10413250,VIBRATION,-0.09344245,OK
10414500,VIBRATION,-0.08844395,OK
10415750,VIBRATION,0.2190872,OK
10417000,VIBRATION,-0.05177351,OK
10418250,VIBRATION,0.3096292,OK
10419500,VIBRATION,0.04482577,OK
10420000,PRESSURE,101.5082,OK
10420000,TEMPERATURE,21.78586,OK
10420750,VIBRATION,0.5918759,OK
10422000,VIBRATION,0.551158,OK
10423250,VIBRATION,0.8461266,OK
10424500,VIBRATION,0.6171684,OK
10425750,VIBRATION,0.4116344,OK
10427000,VIBRATION,0.3143889,OK
10428250,VIBRATION,0.6655048,OK
10429500,VIBRATION,0.4826103,OK
10430000,PRESSURE,101.4701,OK
10430000,TEMPERATURE,21.81553,OK
10430750,VIBRATION,0.9512574,OK
10432000,VIBRATION,0.3274408,OK
10433250,VIBRATION,0.2685218,OK
10434500,VIBRATION,0.3461258,OK
10435750,VIBRATION,0.3858512,OK
10437003,VIBRATION,0.654294,OK
10438250,VIBRATION,0.4282161,OK
10439500,VIBRATION,0.394012,OK
10440000,PRESSURE,101.4873,OK
10440000,TEMPERATURE,21.64116,OK
10440750,VIBRATION,0.08528083,OK
10442000,VIBRATION,0.2918549,OK
10443250,VIBRATION,0.329231,OK
10444500,VIBRATION,0.6338716,OK
10445750,VIBRATION,0.4430673,OK
10447000,VIBRATION,0.2482292,OK
10448250,VIBRATION,0.1192126,OK
10449500,VIBRATION,0.03228239,OK
10450000,PRESSURE,101.42,OK
10450000,TEMPERATURE,21.62494,OK
10450750,VIBRATION,-0.6828015,OK
10452000,VIBRATION,-0.3227883,OK
10453250,VIBRATION,-0.3148298,OK
10454500,VIBRATION,-0.5392081,OK
10455750,VIBRATION,-0.772877,OK
10457000,VIBRATION,-0.6525791,OK
10458250,VIBRATION,-0.3968138,OK
10459500,VIBRATION,-0.4326794,OK
10460000,PRESSURE,101.5106,OK
10460000,TEMPERATURE,21.49151,OK
10460750,VIBRATION,-0.6800058,OK
10462000,VIBRATION,-0.4212037,OK
10463250,VIBRATION,-0.3730713,OK
10464500,VIBRATION,0.3382235,OK
10465750,VIBRATION,-0.05372123,OK
10467000,VIBRATION,0.2812111,OK
10468271,VIBRATION,-0.4807075,OK
10469500,VIBRATION,-0.3615799,OK
10470000,PRESSURE,101.5364,OK
10470000,TEMPERATURE,21.40931,OK
10470750,VIBRATION,-0.7832649,OK
10472000,VIBRATION,-0.9149067,OK
10473250,VIBRATION,-1.02868,OK
10474500,VIBRATION,-1.127734,OK
10475750,VIBRATION,-0.5660106,OK
10477020,VIBRATION,-0.6937881,OK
10478250,VIBRATION,-0.8387505,OK
10479526,VIBRATION,-0.7569644,OK
10480003,PRESSURE,101.5035,OK
10480003,TEMPERATURE,21.60868,OK
10480750,VIBRATION,-0.7213621,OK
10482000,VIBRATION,-0.7706529,OK
10483250,VIBRATION,-1.026437,OK
10484500,VIBRATION,-0.7041776,OK
10485750,VIBRATION,-1.096589,OK
10487022,VIBRATION,-0.759986,OK
10488250,VIBRATION,-1.060385,OK
10489500,VIBRATION,-0.8655043,OK
10490000,PRESSURE,101.5591,OK
10490000,TEMPERATURE,21.60978,OK
10490750,VIBRATION,-0.966697,OK
10492000,VIBRATION,-1.016211,OK
10493250,VIBRATION,-0.8802671,OK
10494500,VIBRATION,-0.62067,OK
10495763,VIBRATION,-0.3902776,OK
10497000,VIBRATION,0.02128208,OK
10498250,VIBRATION,0.2331788,OK
10499500,VIBRATION,-0.2619515,OK
10500000,PRESSURE,101.5618,OK
10500000,TEMPERATURE,21.68868,OK
10500750,VIBRATION,-0.3106192,OK
10502000,VIBRATION,-0.001961366,OK
10503250,VIBRATION,-0.2022256,OK
10504500,VIBRATION,-0.4736333,OK
10505750,VIBRATION,-0.4484103,OK
10507000,VIBRATION,-0.594326,OK
10508250,VIBRATION,-0.3779826,OK
10509500,VIBRATION,0.5154261,OK
10510023,PRESSURE,101.5951,OK
10510023,TEMPERATURE,21.69576,OK
10510750,VIBRATION,1.002317,OK
10512000,VIBRATION,0.9577821,OK
10513250,VIBRATION,0.7372103,OK
10514500,VIBRATION,0.8007865,OK
10515750,VIBRATION,1.361775,OK
10517000,VIBRATION,0.8199033,OK
10518250,VIBRATION,1.171422,OK
10519500,VIBRATION,0.9817223,OK
10520000,PRESSURE,101.5684,OK
10520000,TEMPERATURE,21.80719,OK
10520750,VIBRATION,1.088824,OK
10522000,VIBRATION,0.5604952,OK
10523250,VIBRATION,0.5632305,OK
10524500,VIBRATION,0.6629355,OK
10525750,VIBRATION,1.354628,OK
10527000,VIBRATION,1.482524,OK
10528250,VIBRATION,1.372478,OK
10529500,VIBRATION,1.28787,OK
10530000,PRESSURE,101.5071,OK
10530000,TEMPERATURE,21.99736,OK
10530750,VIBRATION,1.632302,OK
10532000,VIBRATION,1.588654,OK
10533250,VIBRATION,1.577303,OK
10534500,VIBRATION,1.750208,OK
10535750,VIBRATION,1.746174,OK
10537000,VIBRATION,1.754996,OK
10538250,VIBRATION,1.210557,OK
10539500,VIBRATION,0.9337139,OK
10540000,PRESSURE,101.4808,OK
10540000,TEMPERATURE,22.17179,OK
10540750,VIBRATION,1.037999,OK
10542037,VIBRATION,0.6609771,OK
10543250,VIBRATION,0.9435335,OK
10544500,VIBRATION,0.6783932,OK
10545750,VIBRATION,0.7428374,OK
10547000,VIBRATION,0.7766557,OK
10548250,VIBRATION,0.7332868,OK
10549500,VIBRATION,1.141406,OK
10550000,PRESSURE,101.5344,OK
10550000,TEMPERATURE,22.27036,OK
10550750,VIBRATION,1.528017,OK
10552000,VIBRATION,1.834821,OK
10553250,VIBRATION,1.737448,OK
10554500,VIBRATION,1.200005,OK
10555750,VIBRATION,0.780184,OK
10557000,VIBRATION,0.5713177,OK
10558317,VIBRATION,1.223885,OK
10559500,VIBRATION,1.089179,OK
10560000,PRESSURE,101.5231,OK
10560000,TEMPERATURE,22.31101,OK
10560750,VIBRATION,0.6994499,OK
10562000,VIBRATION,0.4550636,OK
10563250,VIBRATION,0.7663598,OK
10564500,VIBRATION,0.2323823,OK
10565750,VIBRATION,0.7324333,OK
10567000,VIBRATION,0.4019217,OK
10568250,VIBRATION,0.2568743,OK
10569500,VIBRATION,-0.1084144,OK
10570000,PRESSURE,101.5673,OK
10570000,TEMPERATURE,22.13108,OK
10570750,VIBRATION,-0.3638061,OK
10572000,VIBRATION,-0.6394647,OK
10573250,VIBRATION,-0.8715035,OK
10574500,VIBRATION,-0.9589326,OK
10575750,VIBRATION,-0.7669042,OK
10577000,VIBRATION,-0.8434039,OK
10578250,VIBRATION,-1.145059,OK
10579500,VIBRATION,-0.6994293,OK
10580000,PRESSURE,101.646,OK
10580000,TEMPERATURE,22.06913,OK
10580750,VIBRATION,-0.5663369,OK
10582000,VIBRATION,-0.6690944,OK
10583250,VIBRATION,-1.414067,OK
10584500,VIBRATION,-1.588948,OK
10585750,VIBRATION,-1.81669,OK
10587000,VIBRATION,-1.776405,OK
10588250,VIBRATION,-1.782338,OK
10589500,VIBRATION,-1.886134,OK
10590000,PRESSURE,101.6253,OK
10590000,TEMPERATURE,22.01512,OK
10590750,VIBRATION,-1.104893,OK
10592000,VIBRATION,-1.03784,OK
10593250,VIBRATION,-0.6402066,OK
10594500,VIBRATION,-0.3175701,OK
10595750,VIBRATION,0.06538627,OK
10597000,VIBRATION,0.1766715,OK
10598250,VIBRATION,0.02896002,OK
10599500,VIBRATION,0.3136785,OK
10600000,PRESSURE,101.645,OK
10600000,TEMPERATURE,22.1029,OK
10600750,VIBRATION,0.06839529,OK
10602000,VIBRATION,0.2278291,OK
10603252,VIBRATION,-0.2257808,OK
10604500,VIBRATION,-0.009971919,OK
10605750,VIBRATION,0.217809,OK
10607000,VIBRATION,-0.2432956,OK
10608250,VIBRATION,-0.1378171,OK
10609500,VIBRATION,-0.4371664,OK
10610000,PRESSURE,101.7045,OK
10610000,TEMPERATURE,22.2068,OK
10610750,VIBRATION,-0.3926324,OK
10612000,VIBRATION,-0.3544949,OK
10613250,VIBRATION,0.08451971,OK
10614500,VIBRATION,-0.2324596,OK
10615750,VIBRATION,-0.3385767,OK
10617000,VIBRATION,-0.3200753,OK
10618250,VIBRATION,-0.6330364,OK
10619500,VIBRATION,-0.1181577,OK
10620000,PRESSURE,101.7121,OK
10620000,TEMPERATURE,21.95388,OK
10620750,VIBRATION,0.0897757,OK
10622000,VIBRATION,-0.03080253,OK
10623252,VIBRATION,-0.1796542,OK
10624500,VIBRATION,-0.1822781,OK
10625750,VIBRATION,-0.7626647,OK
10627000,VIBRATION,-0.7201282,OK
10628250,VIBRATION,-0.7856305,OK
10629500,VIBRATION,-0.7847493,OK
10630000,PRESSURE,101.6646,OK
10630000,TEMPERATURE,21.99741,OK
10630750,VIBRATION,-1.405224,OK
10632000,VIBRATION,-1.683029,OK
10633250,VIBRATION,-1.363541,OK
10634500,VIBRATION,-1.886414,OK
10635750,VIBRATION,-2.205246,OK
10637035,VIBRATION,-1.929795,OK
10638250,VIBRATION,-1.942145,OK
10639500,VIBRATION,-1.483164,OK
10640000,PRESSURE,101.6621,OK
10640000,TEMPERATURE,22.07852,OK
10640750,VIBRATION,-1.338197,OK
10642000,VIBRATION,-1.549993,OK
10643250,VIBRATION,-0.581097,OK
10644501,VIBRATION,-0.2463622,OK
10645750,VIBRATION,-0.07002363,OK
10647001,VIBRATION,-0.3931864,OK
10648250,VIBRATION,-0.08643336,OK
10649500,VIBRATION,-0.1621061,OK
10650000,PRESSURE,101.6617,OK
10650000,TEMPERATURE,22.08736,OK
10650750,VIBRATION,0.005933238,OK
10652000,VIBRATION,0.3436972,OK
10653250,VIBRATION,-0.1093412,OK
10654500,VIBRATION,0.07868747,OK
10655750,VIBRATION,0.3271427,OK
10657000,VIBRATION,0.151879,OK
10658250,VIBRATION,0.1342893,OK
10659500,VIBRATION,-0.03001968,OK
10660000,PRESSURE,101.6823,OK
10660000,TEMPERATURE,22.0007,OK
10660750,VIBRATION,-0.1415659,OK
10662000,VIBRATION,-0.7449319,OK
10663250,VIBRATION,0.06635972,OK
10664500,VIBRATION,-0.2023851,OK
10665750,VIBRATION,-0.310682,OK
10667000,VIBRATION,-0.1656667,OK
10668250,VIBRATION,-0.1370072,OK
10669500,VIBRATION,-0.0311849,OK
10670000,PRESSURE,101.721,OK
10670000,TEMPERATURE,21.97362,OK
10670750,VIBRATION,-0.1629691,OK
10672000,VIBRATION,-0.266789,OK
10673250,VIBRATION,-0.1748001,OK
10674500,VIBRATION,0.08225201,OK
10675750,VIBRATION,0.440352,OK
10677000,VIBRATION,0.4789178,OK
10678250,VIBRATION,0.1222354,OK
10679500,VIBRATION,0.2787841,OK
10680000,PRESSURE,101.7963,OK
10680000,TEMPERATURE,22.08916,OK
10680750,VIBRATION,-0.4125346,OK
10682000,VIBRATION,-0.4865076,OK
10683250,VIBRATION,-0.4358909,OK
10684500,VIBRATION,-0.2620561,OK
10685750,VIBRATION,-0.2006965,OK
10687001,VIBRATION,-0.1205339,OK
10688250,VIBRATION,-0.3415267,OK
10689524,VIBRATION,-0.1828755,OK
10690000,PRESSURE,101.7508,OK
10690000,TEMPERATURE,21.94241,OK
10690750,VIBRATION,0.1713743,OK
10692000,VIBRATION,0.1306895,OK
10693250,VIBRATION,0.1780792,OK
10694500,VIBRATION,0.5209612,OK
10695750,VIBRATION,0.1732206,OK
10697000,VIBRATION,0.03334077,OK
10698250,VIBRATION,0.1749884,OK
10699500,VIBRATION,0.03387948,OK
10700000,PRESSURE,101.7627,OK
10700000,TEMPERATURE,21.90409,OK
10700750,VIBRATION,-0.3021003,OK
10702000,VIBRATION,-0.1740664,OK
10703250,VIBRATION,0.3706391,OK
10704500,VIBRATION,0.9235919,OK
10705799,VIBRATION,0.7301699,OK
10707000,VIBRATION,0.9411305,OK
10708250,VIBRATION,0.6689528,OK
10709500,VIBRATION,0.832296,OK
10710000,PRESSURE,101.7348,OK
10710000,TEMPERATURE,21.91182,OK
10710750,VIBRATION,0.7787139,OK
10712000,VIBRATION,0.5426068,OK
10713250,VIBRATION,0.2189312,OK
10714500,VIBRATION,0.1623258,OK
10715750,VIBRATION,-0.04813237,OK
10717000,VIBRATION,-0.4779627,OK
10718250,VIBRATION,-0.6843453,OK
10719500,VIBRATION,-0.8887993,OK
10720000,PRESSURE,101.6907,OK
10720000,TEMPERATURE,21.84376,OK
10720750,VIBRATION,-0.4289203,OK
10722000,VIBRATION,-0.4853042,OK
10723344,VIBRATION,-0.1378974,OK
10724500,VIBRATION,0.4500033,OK
10725750,VIBRATION,0.6735462,OK
10727000,VIBRATION,0.8749647,OK
10728250,VIBRATION,1.020166,OK
10729500,VIBRATION,1.156779,OK
10730000,PRESSURE,101.6176,OK
10730000,TEMPERATURE,21.82923,OK
10730750,VIBRATION,1.128118,OK
10732000,VIBRATION,0.8905848,OK
10733250,VIBRATION,0.7966969,OK
10734500,VIBRATION,1.031788,OK
10735750,VIBRATION,0.3420194,OK
10737000,VIBRATION,0.3218687,OK
10738250,VIBRATION,0.06397325,OK
10739500,VIBRATION,0.3762487,OK
10740000,PRESSURE,101.5962,OK
10740000,TEMPERATURE,22.11326,OK
10740750,VIBRATION,-0.05455575,OK
10742000,VIBRATION,-0.5226943,OK
10743250,VIBRATION,-0.79332,OK
10744500,VIBRATION,-0.08831349,OK
10745750,VIBRATION,-0.1556033,OK
10747000,VIBRATION,-0.1715269,OK
10748250,VIBRATION,-0.2803726,OK
10749500,VIBRATION,-0.5822419,OK
10750000,PRESSURE,101.5897,OK
10750000,TEMPERATURE,22.01738,OK
10750750,VIBRATION,-0.4899303,OK
10752000,VIBRATION,-0.1184123,OK
10753250,VIBRATION,-0.1660595,OK
10754500,VIBRATION,-0.1493837,OK
10755750,VIBRATION,0.0593071,OK
10757000,VIBRATION,0.2405125,OK
10758250,VIBRATION,0.3302343,OK
10759500,VIBRATION,0.3998622,OK
10760000,PRESSURE,101.587,OK
10760000,TEMPERATURE,21.90739,OK
10760750,VIBRATION,0.6024713,OK
10762000,VIBRATION,0.3996147,OK
10763250,VIBRATION,0.4759896,OK
10764500,VIBRATION,0.9476958,OK
10765750,VIBRATION,1.035928,OK
10767000,VIBRATION,1.093075,OK
10768250,VIBRATION,1.235845,OK
10769500,VIBRATION,1.158093,OK
10770003,PRESSURE,101.6503,OK
10770003,TEMPERATURE,21.84484,OK
10770750,VIBRATION,1.369904,OK
10772004,VIBRATION,1.002325,OK
10773250,VIBRATION,0.6760671,OK
10774500,VIBRATION,0.6660753,OK
10775750,VIBRATION,0.7518685,OK
10777000,VIBRATION,0.8606238,OK
10778250,VIBRATION,0.7719365,OK
10779500,VIBRATION,0.4302101,OK
10780000,PRESSURE,101.6054,OK
10780000,TEMPERATURE,21.84516,OK
10780750,VIBRATION,0.4900649,OK
10782000,VIBRATION,0.3262649,OK
10783250,VIBRATION,0.5582501,OK
10784500,VIBRATION,0.4279071,OK
10785750,VIBRATION,0.4474104,OK
10787000,VIBRATION,0.4106805,OK
10788433,VIBRATION,-0.02085658,OK
10789500,VIBRATION,-0.2344594,OK
10790000,PRESSURE,101.5858,OK
10790000,TEMPERATURE,21.81106,OK
10790750,VIBRATION,-0.4118551,OK
10792000,VIBRATION,0.2416843,OK
10793547,VIBRATION,0.1684347,OK
10794588,VIBRATION,0.1530647,OK
10795750,VIBRATION,0.3484033,OK
10797000,VIBRATION,0.123302,OK
10798250,VIBRATION,0.2711382,OK
10804729,PRESSURE,101.5613,OK
10804729,TEMPERATURE,21.88742,OK
10804729,VIBRATION,0.1021758,OK
10805999,VIBRATION,-0.285643,OK
10807230,VIBRATION,0.1650681,OK
10808479,VIBRATION,0.2592001,OK
10809729,VIBRATION,-0.02208852,OK
10810000,PRESSURE,101.5504,OK
10810000,TEMPERATURE,21.69157,OK
10810979,VIBRATION,0.4011586,OK
10812229,VIBRATION,0.20305,OK
10813479,VIBRATION,0.4596005,OK
10814729,VIBRATION,-0.08947724,OK
10815980,VIBRATION,-0.06021307,OK
10817229,VIBRATION,-0.2901565,OK
10818479,VIBRATION,-0.2205277,OK
10819729,VIBRATION,-0.06512615,OK
10820000,PRESSURE,101.5277,OK
10820000,TEMPERATURE,21.702,OK
10820979,VIBRATION,-0.240005,OK
10822229,VIBRATION,-0.358029,OK
10823480,VIBRATION,0.1317691,OK
10824729,VIBRATION,0.1437219,OK
10825980,VIBRATION,-0.2711028,OK
10827229,VIBRATION,-0.2704409,OK
10828480,VIBRATION,-0.09151921,OK
10829730,VIBRATION,0.2220397,OK
10830001,PRESSURE,101.4941,OK
10830001,TEMPERATURE,21.65329,OK
10830980,VIBRATION,-0.06962377,OK
10832229,VIBRATION,-0.2791879,OK
10833479,VIBRATION,-0.1000846,OK
10834729,VIBRATION,-0.1472085,OK
10835979,VIBRATION,-0.3271817,OK
10837229,VIBRATION,0.04659914,OK
10838479,VIBRATION,-0.03648637,OK
10839729,VIBRATION,0.2293246,OK
10840000,PRESSURE,101.408,OK
10840000,TEMPERATURE,21.48566,OK
10840979,VIBRATION,0.07070507,OK
10842229,VIBRATION,-0.3840882,OK
10843479,VIBRATION,-0.1169179,OK
10844730,VIBRATION,0.06404743,OK
10845979,VIBRATION,-0.02274912,OK
10847229,VIBRATION,-0.07466344,OK
10848479,VIBRATION,-0.2520673,OK
10849729,VIBRATION,-0.27519,OK
10850000,PRESSURE,101.4151,OK
10850000,TEMPERATURE,21.58439,OK
10850979,VIBRATION,0.2653543,OK
10852229,VIBRATION,0.4866046,OK
10853479,VIBRATION,0.6339197,OK
10854729,VIBRATION,0.9592232,OK
10855979,VIBRATION,0.5403735,OK
10857229,VIBRATION,0.6716616,OK
10858479,VIBRATION,0.8370207,OK
10859729,VIBRATION,0.6876223,OK
10860000,PRESSURE,101.4464,OK
10860000,TEMPERATURE,21.63876,OK
10860979,VIBRATION,0.7109488,OK
10862229,VIBRATION,0.4257581,OK
10863479,VIBRATION,0.9784414,OK
10864729,VIBRATION,0.7324884,OK
10865979,VIBRATION,0.6835426,OK
10867229,VIBRATION,0.7280154,OK
10868479,VIBRATION,0.55135,OK
10869729,VIBRATION,0.3828335,OK
10870000,PRESSURE,101.4329,OK
10870000,TEMPERATURE,21.68729,OK
10870979,VIBRATION,0.4871538,OK
10872229,VIBRATION,0.1477161,OK
10873479,VIBRATION,-0.1468645,OK
10874729,VIBRATION,-0.2167482,OK
10875979,VIBRATION,-0.2339601,OK
10877229,VIBRATION,0.2126503,OK
10878479,VIBRATION,0.6813855,OK
10879729,VIBRATION,0.6792298,OK
10880000,PRESSURE,101.4309,OK
10880000,TEMPERATURE,21.74503,OK
10880979,VIBRATION,0.181364,OK
10882229,VIBRATION,0.2261353,OK
10883479,VIBRATION,-0.1100084,OK
10884729,VIBRATION,-0.157451,OK
10885979,VIBRATION,-0.2306781,OK
10887229,VIBRATION,-0.4534867,OK
10888479,VIBRATION,0.01430052,OK
10889729,VIBRATION,0.3193394,OK
10890000,PRESSURE,101.2961,OK
10890000,TEMPERATURE,21.79223,OK
10890979,VIBRATION,0.1795328,OK
10892229,VIBRATION,0.3373161,OK
10893479,VIBRATION,-0.2584762,OK
10894729,VIBRATION,-0.2554988,OK
10895979,VIBRATION,-0.3538527,OK
10897229,VIBRATION,-0.3357993,OK
10898479,VIBRATION,-0.4826858,OK
10899729,VIBRATION,-0.3991207,OK
10900000,PRESSURE,101.3783,OK
10900000,TEMPERATURE,21.9271,OK
10900979,VIBRATION,0.0863543,OK
10902229,VIBRATION,0.9181164,OK
10903479,VIBRATION,0.8067382,OK
10904729,VIBRATION,0.7555013,OK
10905979,VIBRATION,0.4096667,OK
10907229,VIBRATION,0.4826983,OK
10908479,VIBRATION,0.3697643,OK
10909729,VIBRATION,0.1750198,OK
10910000,PRESSURE,101.3476,OK
10910000,TEMPERATURE,21.9641,OK
10910979,VIBRATION,-0.1322408,OK
10912229,VIBRATION,0,COMM_ERROR
10913479,VIBRATION,0.2622246,OK
10914729,VIBRATION,0.5467677,OK
10915979,VIBRATION,0.2075978,OK
10917229,VIBRATION,-0.434614,OK
10918479,VIBRATION,0.1039372,OK
10919729,VIBRATION,-0.4537222,OK
10920000,PRESSURE,101.3769,OK
10920000,TEMPERATURE,22.00523,OK
10920979,VIBRATION,0.3040935,OK
10922229,VIBRATION,0.860158,OK
10923479,VIBRATION,0.4451003,OK
10924729,VIBRATION,0.105262,OK
10925979,VIBRATION,-0.01324546,OK
10927229,VIBRATION,0.2064698,OK
10928479,VIBRATION,0.0092466,OK
10929729,VIBRATION,-0.1579724,OK
10930000,PRESSURE,101.3832,OK
10930000,TEMPERATURE,22.01681,OK
10930979,VIBRATION,-0.2310504,OK
10932229,VIBRATION,-0.218965,OK
10933479,VIBRATION,-0.3155513,OK
10934729,VIBRATION,-0.6929514,OK
10935979,VIBRATION,-0.432637,OK
10937229,VIBRATION,-0.1296894,OK
10938479,VIBRATION,-0.06206393,OK
10939729,VIBRATION,0.3255629,OK
10940000,PRESSURE,101.4005,OK
10940000,TEMPERATURE,21.88933,OK
10940979,VIBRATION,-0.195269,OK
10942229,VIBRATION,0.1289273,OK
10943479,VIBRATION,0.1846916,OK
10944729,VIBRATION,0.5585964,OK
10945979,VIBRATION,0.5082741,OK
10947229,VIBRATION,0.2434602,OK
10948479,VIBRATION,-0.1827213,OK
10949729,VIBRATION,-0.4408133,OK
10950000,PRESSURE,101.4223,OK
10950000,TEMPERATURE,21.82679,OK
10950979,VIBRATION,-0.8783957,OK
10952229,VIBRATION,-1.086841,OK
10953479,VIBRATION,-1.485515,OK
10954729,VIBRATION,-1.213099,OK
10955979,VIBRATION,-1.39738,OK
10957229,VIBRATION,-1.463618,OK
10958479,VIBRATION,-0.8954615,OK
10959729,VIBRATION,-1.093572,OK
10960000,PRESSURE,101.4169,OK
10960000,TEMPERATURE,21.75372,OK
10960979,VIBRATION,-0.5458969,OK
10962229,VIBRATION,-0.3060163,OK
10963479,VIBRATION,-0.5762274,OK
10964730,VIBRATION,-0.2016557,OK
10965979,VIBRATION,-0.1324429,OK
10967229,VIBRATION,-0.6948844,OK
10968479,VIBRATION,-0.8085588,OK
10969729,VIBRATION,-0.3797676,OK
10970000,PRESSURE,101.4394,OK
10970000,TEMPERATURE,21.92669,OK
10970979,VIBRATION,0.106795,OK
10972229,VIBRATION,0.227543,OK
10973479,VIBRATION,-0.578838,OK
10974729,VIBRATION,-0.8199379,OK
10975979,VIBRATION,-1.42687,OK
10977229,VIBRATION,-1.09879,OK
10978479,VIBRATION,-1.168317,OK
10979729,VIBRATION,-0.8875359,OK
10980000,PRESSURE,101.4256,OK
10980000,TEMPERATURE,21.85834,OK
10980979,VIBRATION,-0.929627,OK
10982229,VIBRATION,-1.24147,OK
10983479,VIBRATION,-0.8159159,OK
10984729,VIBRATION,-0.8083536,OK
10985979,VIBRATION,-0.9508764,OK
10987229,VIBRATION,-0.9047048,OK
10988479,VIBRATION,-1.083747,OK
10989729,VIBRATION,-0.8850211,OK
10990000,PRESSURE,101.3923,OK
10990000,TEMPERATURE,21.96892,OK
10990979,VIBRATION,-0.8363476,OK
10992229,VIBRATION,-0.6881978,OK
10993485,VIBRATION,-0.4898491,OK
10994729,VIBRATION,-0.4716239,OK
10995979,VIBRATION,-0.02043788,OK
10997229,VIBRATION,0.04958282,OK
10998479,VIBRATION,0.1651953,OK
10999729,VIBRATION,-0.1297987,OK
11000000,PRESSURE,101.3737,OK
11000000,TEMPERATURE,22.01348,OK
11000000,HUMIDITY,44.40175,OK
11000979,VIBRATION,-0.2148982,OK
11002229,VIBRATION,-0.2170235,OK
11003479,VIBRATION,-0.5720886,OK
11004729,VIBRATION,-1.030151,OK
11005979,VIBRATION,-0.7328001,OK
11007229,VIBRATION,-0.68683,OK
11008479,VIBRATION,-0.6221254,OK
11009729,VIBRATION,-0.8359881,OK
11010000,PRESSURE,101.3867,OK
11010000,TEMPERATURE,22.17075,OK
11011018,VIBRATION,-0.8146659,OK
11012229,VIBRATION,-0.5138555,OK
11013479,VIBRATION,-0.2183022,OK
11014729,VIBRATION,0.1804884,OK
11015979,VIBRATION,0.01431123,OK
11017229,VIBRATION,-0.1014482,OK
11018479,VIBRATION,-0.3446399,OK
11019729,VIBRATION,-0.2731845,OK
11020000,PRESSURE,101.4151,OK
11020000,TEMPERATURE,22.28978,OK
11020979,VIBRATION,-0.00690936,OK
11022229,VIBRATION,0.213326,OK
11023479,VIBRATION,0.08856807,OK
11024729,VIBRATION,0.1862816,OK
11025979,VIBRATION,-0.1127765,OK
11027229,VIBRATION,-0.1970093,OK
11028479,VIBRATION,-0.02327426,OK
11029729,VIBRATION,-0.4726636,OK
11030000,PRESSURE,101.3424,OK
11030000,TEMPERATURE,22.57137,OK
11030979,VIBRATION,-0.1801029,OK
11032229,VIBRATION,-0.3671746,OK
11033479,VIBRATION,-0.05171617,OK
11034729,VIBRATION,0.3496253,OK
11035979,VIBRATION,0.5983184,OK
11037229,VIBRATION,0.8959418,OK
11038479,VIBRATION,0.7614374,OK
11039729,VIBRATION,0.7139506,OK
11040000,PRESSURE,101.2902,OK
11040000,TEMPERATURE,22.29782,OK
11040979,VIBRATION,0.8921785,OK
11042229,VIBRATION,1.358853,OK
11043479,VIBRATION,1.300925,OK
11044729,VIBRATION,1.230384,OK
11045979,VIBRATION,1.413493,OK
11047229,VIBRATION,1.031193,OK
11048480,VIBRATION,1.284734,OK
11049729,VIBRATION,1.242635,OK
11050000,PRESSURE,101.2765,OK
11050000,TEMPERATURE,22.26182,OK
11050979,VIBRATION,1.621272,OK
11052229,VIBRATION,1.708302,OK
11053479,VIBRATION,1.434105,OK
11054730,VIBRATION,1.085269,OK
11055979,VIBRATION,1.043263,OK
11057229,VIBRATION,0.6494327,OK
11058479,VIBRATION,0.13469,OK
11059730,VIBRATION,0.193837,OK
11060000,PRESSURE,101.2775,OK
11060000,TEMPERATURE,22.2682,OK
11060979,VIBRATION,0.2140528,OK
11062229,VIBRATION,0.2951937,OK
11063479,VIBRATION,0.494259,OK
11064729,VIBRATION,0.6901531,OK
11065979,VIBRATION,1.103438,OK
11067229,VIBRATION,1.345429,OK
11068479,VIBRATION,1.464789,OK
11069729,VIBRATION,1.332254,OK
11070000,PRESSURE,101.2415,OK
11070000,TEMPERATURE,22.36507,OK
11070979,VIBRATION,1.665036,OK
11072229,VIBRATION,1.763749,OK
11073479,VIBRATION,1.784649,OK
11074729,VIBRATION,1.197662,OK
11075979,VIBRATION,1.553243,OK
11077229,VIBRATION,0.8855459,OK
11078479,VIBRATION,1.128728,OK
11079729,VIBRATION,0.8176184,OK
11080000,PRESSURE,101.2746,OK
11080000,TEMPERATURE,22.30807,OK
11080979,VIBRATION,0.8377769,OK
11082229,VIBRATION,0.7430994,OK
11083479,VIBRATION,0.7339672,OK
11084729,VIBRATION,1.162175,OK
11085979,VIBRATION,1.418313,OK
11087229,VIBRATION,1.544237,OK
11088479,VIBRATION,0.971516,OK
11089729,VIBRATION,0.9663842,OK
11090000,PRESSURE,101.3845,OK
11090000,TEMPERATURE,22.32644,OK
11090979,VIBRATION,0.9547798,OK
11092229,VIBRATION,0.8987669,OK
11093479,VIBRATION,0.6890431,OK
11094729,VIBRATION,0.7668294,OK
11095979,VIBRATION,0.4845,OK
11097229,VIBRATION,0.8592566,OK
11098479,VIBRATION,1.164998,OK
11099729,VIBRATION,1.021744,OK
11100000,PRESSURE,101.4312,OK
11100000,TEMPERATURE,22.3179,OK
11100982,VIBRATION,0.8512995,OK
11102229,VIBRATION,0.9164004,OK
11103479,VIBRATION,0.6246767,OK
11104729,VIBRATION,0.6432829,OK
11105979,VIBRATION,0.3519879,OK
11107229,VIBRATION,0.8797189,OK
11108479,VIBRATION,0.8661729,OK
11109729,VIBRATION,0.4238025,OK
11110000,PRESSURE,101.4708,OK
11110000,TEMPERATURE,22.36639,OK
11110979,VIBRATION,0.08585024,OK
11112229,VIBRATION,0.468448,OK
11113479,VIBRATION,0.8007834,OK
11114729,VIBRATION,0.8507011,OK
11115979,VIBRATION,0.4265093,OK
11117229,VIBRATION,0.687507,OK
11118479,VIBRATION,0.593092,OK
11119729,VIBRATION,0.4243035,OK
11120000,PRESSURE,101.446,OK
11120000,TEMPERATURE,22.27475,OK
11120979,VIBRATION,0.709947,OK
11122229,VIBRATION,0.8071399,OK
11123479,VIBRATION,0.9428116,OK
11124729,VIBRATION,0.8294287,OK
11125979,VIBRATION,1.09191,OK
11127229,VIBRATION,0.9925028,OK
11128479,VIBRATION,1.211707,OK
11129729,VIBRATION,1.447666,OK
11130000,PRESSURE,101.4452,OK
11130000,TEMPERATURE,22.36256,OK
11130979,VIBRATION,1.319718,OK
11132229,VIBRATION,1.186229,OK
11133479,VIBRATION,1.315033,OK
11134729,VIBRATION,0.9856497,OK
11135979,VIBRATION,0.7660016,OK
11137229,VIBRATION,0.6946589,OK
11138479,VIBRATION,0.4946795,OK
11139729,VIBRATION,0.7409119,OK
11140000,PRESSURE,101.3776,OK
11140000,TEMPERATURE,22.30792,OK
11140979,VIBRATION,0.8426343,OK
11142229,VIBRATION,0.8170548,OK
11143479,VIBRATION,0.7274689,OK
11144729,VIBRATION,0.6281976,OK
11145979,VIBRATION,0.3375749,OK
11147229,VIBRATION,0.3772237,OK
11148479,VIBRATION,0.2628392,OK
11149729,VIBRATION,0.4545973,OK
11150000,PRESSURE,101.3894,OK
11150000,TEMPERATURE,22.28456,OK
11150979,VIBRATION,0.0196117,OK
11152229,VIBRATION,0.2851511,OK
11153479,VIBRATION,0.08716499,OK
11154729,VIBRATION,0.6165127,OK
11155979,VIBRATION,0.3177999,OK
11157229,VIBRATION,-0.1099977,OK
11158479,VIBRATION,-0.06509815,OK
11159729,VIBRATION,0.03710335,OK
11160000,PRESSURE,101.3174,OK
11160000,TEMPERATURE,22.2105,OK
11160979,VIBRATION,-0.2725547,OK
11162229,VIBRATION,0.3055365,OK
11163479,VIBRATION,0.6760497,OK
11164729,VIBRATION,1.605313,OK
11165979,VIBRATION,1.316398,OK
11167229,VIBRATION,1.497867,OK
11168479,VIBRATION,1.436664,OK
11169729,VIBRATION,1.615796,OK
11170000,PRESSURE,101.431,OK
11170000,TEMPERATURE,22.15159,OK
11170979,VIBRATION,1.378356,OK
11172229,VIBRATION,1.042086,OK
11173479,VIBRATION,0.9519274,OK
11174729,VIBRATION,0.9292163,OK
11175979,VIBRATION,0.8442429,OK
11177229,VIBRATION,1.402054,OK
11178479,VIBRATION,0.7686467,OK
11179729,VIBRATION,0.6734623,OK
11180000,PRESSURE,101.375,OK
11180000,TEMPERATURE,22.26325,OK
11180979,VIBRATION,0.01537262,OK
11182229,VIBRATION,0.4304855,OK
11183479,VIBRATION,0.2033297,OK
11184729,VIBRATION,0.4753637,OK
11185979,VIBRATION,0.394922,OK
11187229,VIBRATION,-0.3109928,OK
11188479,VIBRATION,-0.6221742,OK
11189729,VIBRATION,-0.7948566,OK
11190000,PRESSURE,101.3664,OK
11190000,TEMPERATURE,22.20909,OK
11190979,VIBRATION,-0.5904675,OK
11192229,VIBRATION,-0.6093485,OK
11193479,VIBRATION,-1.068069,OK
11194729,VIBRATION,-0.8459757,OK
11195979,VIBRATION,-1.198844,OK
11197229,VIBRATION,-1.148865,OK
11198479,VIBRATION,-1.069862,OK
11199729,VIBRATION,-1.320011,OK
11200000,PRESSURE,101.4264,OK
11200000,TEMPERATURE,21.91953,OK
11200979,VIBRATION,-0.981021,OK
11202229,VIBRATION,-1.210567,OK
11203479,VIBRATION,-1.153054,OK
11204729,VIBRATION,-1.246202,OK
11205979,VIBRATION,-1.369522,OK
11207229,VIBRATION,-0.8031749,OK
11208479,VIBRATION,-1.190441,OK
11209730,VIBRATION,-1.403633,OK
11210001,PRESSURE,101.4763,OK
11210001,TEMPERATURE,22.04156,OK
11210979,VIBRATION,-1.564392,OK
11212229,VIBRATION,-1.005952,OK
11213479,VIBRATION,-0.8104807,OK
11214729,VIBRATION,-0.9145689,OK
11215979,VIBRATION,-0.9485336,OK
11217229,VIBRATION,-0.815814,OK
11218479,VIBRATION,-0.7798214,OK
11219729,VIBRATION,-0.5486194,OK
11220000,PRESSURE,101.578,OK
11220000,TEMPERATURE,21.99134,OK
11220979,VIBRATION,-1.217992,OK
11222229,VIBRATION,-0.7312044,OK
11223479,VIBRATION,-1.02364,OK
11224729,VIBRATION,-1.132676,OK
11225979,VIBRATION,-1.212403,OK
11227229,VIBRATION,-0.9394741,OK
11228479,VIBRATION,-0.8573116,OK
11229729,VIBRATION,-1.393119,OK
11230000,PRESSURE,101.5728,OK
11230000,TEMPERATURE,21.93666,OK
11230979,VIBRATION,-1.232181,OK
11232229,VIBRATION,-1.066911,OK
11233479,VIBRATION,-0.881403,OK
11234729,VIBRATION,-1.076019,OK
11235979,VIBRATION,-1.062724,OK
11237229,VIBRATION,-1.170866,OK
11238479,VIBRATION,-0.8964654,OK
11239729,VIBRATION,-0.6119154,OK
11240000,PRESSURE,101.6042,OK
11240000,TEMPERATURE,21.81772,OK
11240979,VIBRATION,-0.9410531,OK
11242229,VIBRATION,-0.7629579,OK
11243479,VIBRATION,-0.3786729,OK
11244729,VIBRATION,-1.095992,OK
11245979,VIBRATION,-1.287731,OK
11247229,VIBRATION,-1.599839,OK
11248479,VIBRATION,-1.223756,OK
11249729,VIBRATION,-1.312792,OK
11250000,PRESSURE,101.6281,OK
11250000,TEMPERATURE,21.72571,OK
11250979,VIBRATION,-1.065375,OK
11252229,VIBRATION,-0.6988776,OK
11253479,VIBRATION,-0.7180823,OK
11254729,VIBRATION,-0.8269575,OK
11255979,VIBRATION,-0.5726983,OK
11257229,VIBRATION,-0.3511531,OK
11258479,VIBRATION,-0.3786956,OK
11259729,VIBRATION,-0.4385703,OK
11260000,PRESSURE,101.6974,OK
11260000,TEMPERATURE,21.95538,OK
11260979,VIBRATION,-0.02479056,OK
11262229,VIBRATION,0.2848276,OK
11263479,VIBRATION,-0.01390307,OK
11264729,VIBRATION,0.4142651,OK
11265979,VIBRATION,0.7380328,OK
11267229,VIBRATION,0.5655135,OK
11268479,VIBRATION,0.7367517,OK
11269729,VIBRATION,0.7355344,OK
11270000,PRESSURE,101.7354,OK
11270000,TEMPERATURE,22.02545,OK
11270979,VIBRATION,0.4969416,OK
11272229,VIBRATION,0.6634577,OK
11273479,VIBRATION,0.1939938,OK
11274729,VIBRATION,-0.125283,OK
11275979,VIBRATION,0.0977483,OK
11277229,VIBRATION,-0.144576,OK
11278479,VIBRATION,-0.4013523,OK
11279729,VIBRATION,-0.3209013,OK
11280000,PRESSURE,101.7567,OK
11280000,TEMPERATURE,22.02725,OK
11280979,VIBRATION,0.2195793,OK
11282229,VIBRATION,0.2408004,OK
11283479,VIBRATION,0.1530212,OK
11284729,VIBRATION,0.03418822,OK
11285979,VIBRATION,0.6701455,OK
11287229,VIBRATION,0.5392289,OK
11288479,VIBRATION,0.1662371,OK
11289729,VIBRATION,0.1864149,OK
11290000,PRESSURE,101.8244,OK
11290000,TEMPERATURE,22.02347,OK
11290979,VIBRATION,0.4696997,OK
11292229,VIBRATION,0.3044531,OK
11293479,VIBRATION,0.3825798,OK
11294729,VIBRATION,0.2839157,OK
11295979,VIBRATION,0.5693608,OK
11297229,VIBRATION,0.1514481,OK
11298479,VIBRATION,0.3179337,OK
11299729,VIBRATION,0.05978717,OK
11300000,PRESSURE,101.7544,OK
11300000,TEMPERATURE,22.06942,OK
11300979,VIBRATION,0.2242431,OK
11302229,VIBRATION,-0.05440479,OK
11303479,VIBRATION,0.1571344,OK
11304729,VIBRATION,0.1457527,OK
11305979,VIBRATION,-0.3755545,OK
11307229,VIBRATION,-0.6432429,OK
11308479,VIBRATION,-1.068151,OK
11309729,VIBRATION,-0.9296504,OK
11310000,PRESSURE,101.8284,OK
11310000,TEMPERATURE,22.13202,OK
11310979,VIBRATION,-0.6671133,OK
11312229,VIBRATION,-1.239335,OK
11313479,VIBRATION,-1.293649,OK
11314729,VIBRATION,-1.373999,OK
11315979,VIBRATION,-1.158992,OK
11317229,VIBRATION,-0.4372647,OK
11318479,VIBRATION,-0.9650354,OK
11319729,VIBRATION,-1.250608,OK
11320000,PRESSURE,101.8113,OK
11320000,TEMPERATURE,22.02246,OK
11320979,VIBRATION,-1.047016,OK
11322229,VIBRATION,-0.9873694,OK
11323479,VIBRATION,-0.4922383,OK
11324729,VIBRATION,-0.1428915,OK
11325979,VIBRATION,0.1937073,OK
11327229,VIBRATION,0.1970321,OK
11328479,VIBRATION,-0.08353421,OK
11329729,VIBRATION,0.1129241,OK
11330000,PRESSURE,101.8008,OK
11330000,TEMPERATURE,21.90786,OK
11330979,VIBRATION,0.07062343,OK
11332229,VIBRATION,0.06068905,OK
11333479,VIBRATION,0.02239722,OK
11334729,VIBRATION,0.1548166,OK
11335979,VIBRATION,0.07432015,OK
11337229,VIBRATION,0.125313,OK
11338479,VIBRATION,0.1602629,OK
11339729,VIBRATION,-0.1613948,OK
11340000,PRESSURE,101.7755,OK
11340000,TEMPERATURE,21.83476,OK
11340979,VIBRATION,-0.3669368,OK
11342229,VIBRATION,-0.4355369,OK
11343479,VIBRATION,-0.1392004,OK
11344729,VIBRATION,-0.7110435,OK
11345979,VIBRATION,-0.5909618,OK
11347229,VIBRATION,-0.691366,OK
11348479,VIBRATION,-0.3675803,OK
11349729,VIBRATION,-0.380801,OK
11350000,PRESSURE,101.7515,OK
11350000,TEMPERATURE,21.72329,OK
11350979,VIBRATION,-0.2798277,OK
11352229,VIBRATION,0.2104532,OK
11353479,VIBRATION,-0.1661457,OK
11354729,VIBRATION,-0.03210405,OK
11355979,VIBRATION,0.08743407,OK
11357229,VIBRATION,0.1670823,OK
11358479,VIBRATION,0.04400203,OK
11359729,VIBRATION,-0.2215202,OK
11360000,PRESSURE,101.7817,OK
11360000,TEMPERATURE,21.65499,OK
11360979,VIBRATION,0.1728578,OK
11362229,VIBRATION,0.282146,OK
11363479,VIBRATION,0.1906688,OK
11364729,VIBRATION,0.4416416,OK
11365979,VIBRATION,0.2255676,OK
11367229,VIBRATION,0.1216387,OK
11368479,VIBRATION,0.3924798,OK
11369729,VIBRATION,0.712112,OK
11370000,PRESSURE,101.8033,OK
11370000,TEMPERATURE,21.63114,OK
11370979,VIBRATION,0.5615861,OK
11372229,VIBRATION,0.5504767,OK
11373479,VIBRATION,0.7555817,OK
11374729,VIBRATION,0.8445917,OK
11375979,VIBRATION,0.7965557,OK
11377229,VIBRATION,0.9963336,OK
11378479,VIBRATION,0.369772,OK
11379729,VIBRATION,0.5178013,OK
11380000,PRESSURE,101.7814,OK
11380000,TEMPERATURE,21.62711,OK
11380979,VIBRATION,0.493297,OK
11382229,VIBRATION,0.1391038,OK
11383479,VIBRATION,0.3599349,OK
11384729,VIBRATION,0.346051,OK
11385979,VIBRATION,0.9352337,OK
11387229,VIBRATION,0.9754645,OK
11388479,VIBRATION,0.7672927,OK
11389729,VIBRATION,0.5227645,OK
11390037,PRESSURE,101.8327,OK
11390037,TEMPERATURE,21.72207,OK
11390979,VIBRATION,0.8588244,OK
11392229,VIBRATION,1.387253,OK
11393479,VIBRATION,0.6469026,OK
11394729,VIBRATION,0.6383437,OK
11395979,VIBRATION,0.3518951,OK
11397229,VIBRATION,0.1873716,OK
11398479,VIBRATION,0.1470912,OK
11399729,VIBRATION,0.4064154,OK
11400002,PRESSURE,101.726,OK
11400002,TEMPERATURE,21.73888,OK
11400979,VIBRATION,0.1680074,OK
11402229,VIBRATION,0.442169,OK
11403479,VIBRATION,0.5291416,OK
11404729,VIBRATION,0.4415493,OK
11405979,VIBRATION,0.7743196,OK
11407229,VIBRATION,1.110503,OK
11408479,VIBRATION,0.9627573,OK
11409729,VIBRATION,0.6893207,OK
11410000,PRESSURE,101.6937,OK
11410000,TEMPERATURE,21.9501,OK
11410979,VIBRATION,0.7238245,OK
11412229,VIBRATION,0.7170342,OK
11413479,VIBRATION,1.035407,OK
11414729,VIBRATION,0.8902185,OK
11415979,VIBRATION,0.9747865,OK
11417229,VIBRATION,1.271483,OK
11418479,VIBRATION,1.079614,OK
11419729,VIBRATION,1.115464,OK
11420000,PRESSURE,101.7042,OK
11420000,TEMPERATURE,21.87069,OK
11420979,VIBRATION,0.7379186,OK
11422229,VIBRATION,0.7941193,OK
11423479,VIBRATION,0.660908,OK
11424729,VIBRATION,0.4149075,OK
11425979,VIBRATION,0.6729648,OK
11427229,VIBRATION,0.931825,OK
11428479,VIBRATION,0.9987731,OK
11429729,VIBRATION,0.7460549,OK
11430000,PRESSURE,101.6631,OK
11430000,TEMPERATURE,21.81426,OK
11430979,VIBRATION,0.9405717,OK
11432229,VIBRATION,1.191073,OK
11433479,VIBRATION,1.092251,OK
11434729,VIBRATION,1.267839,OK
11435979,VIBRATION,1.076458,OK
11437229,VIBRATION,0.5308495,OK
11438479,VIBRATION,0.8519136,OK
11439729,VIBRATION,0.3964922,OK
11440001,PRESSURE,101.644,OK
11440001,TEMPERATURE,21.8099,OK
11440979,VIBRATION,0.5042818,OK
11442229,VIBRATION,0.6768615,OK
11443479,VIBRATION,0.6564732,OK
11444729,VIBRATION,0.3771239,OK
11445979,VIBRATION,0.6424626,OK
11447229,VIBRATION,0.8009312,OK
11448479,VIBRATION,0.5596296,OK
11449729,VIBRATION,0.1954156,OK
11450000,PRESSURE,101.6547,OK
11450000,TEMPERATURE,21.64548,OK
11450979,VIBRATION,0.004179902,OK
11452229,VIBRATION,-0.006612658,OK
11453479,VIBRATION,-0.2713313,OK
11454729,VIBRATION,-0.5490893,OK
11455979,VIBRATION,-0.7619907,OK
11457229,VIBRATION,-0.6099318,OK
11458479,VIBRATION,-0.07120006,OK
11459729,VIBRATION,0.5825919,OK
11460000,PRESSURE,101.6814,OK
11460000,TEMPERATURE,21.83141,OK
11460979,VIBRATION,0.3769654,OK
11462229,VIBRATION,0.7702031,OK
11463479,VIBRATION,0.3623444,OK
11464729,VIBRATION,0.4510922,OK
11465979,VIBRATION,0.582423,OK
11467229,VIBRATION,0.2020424,OK
11468479,VIBRATION,0.6082435,OK
11469729,VIBRATION,0.6126062,OK
11470000,PRESSURE,101.6295,OK
11470000,TEMPERATURE,21.76243,OK
11470994,VIBRATION,0.9091772,OK
11472229,VIBRATION,0.5685386,OK
11473479,VIBRATION,0.7131064,OK
11474729,VIBRATION,0.7709838,OK
11475979,VIBRATION,1.291519,OK
11477229,VIBRATION,0.9236041,OK
11478479,VIBRATION,0.8755548,OK
11479729,VIBRATION,1.188981,OK
11480000,PRESSURE,101.6089,OK
11480000,TEMPERATURE,21.69848,OK
11480979,VIBRATION,0.8342255,OK
11482229,VIBRATION,0.7025939,OK
11483479,VIBRATION,0.7661262,OK
11484729,VIBRATION,1.027544,OK
11485979,VIBRATION,0.9281686,OK
11487229,VIBRATION,1.088189,OK
11488479,VIBRATION,0.8710809,OK
11489729,VIBRATION,1.077594,OK
11490000,PRESSURE,101.6707,OK
11490000,TEMPERATURE,21.63392,OK
11490979,VIBRATION,0.4636125,OK
11492229,VIBRATION,0.149838,OK
11493479,VIBRATION,0.01418966,OK
11494729,VIBRATION,-0.3440548,OK
11495979,VIBRATION,-0.09041082,OK
11497229,VIBRATION,0.2889256,OK
11498479,VIBRATION,-0.2309711,OK
11499729,VIBRATION,-0.3933607,OK
11500000,PRESSURE,101.6155,OK
11500000,TEMPERATURE,21.81469,OK
11500979,VIBRATION,-0.3914529,OK
11502229,VIBRATION,-0.3390332,OK
11503479,VIBRATION,-0.6540995,OK
11504729,VIBRATION,-0.5391405,OK
11505979,VIBRATION,-0.1168051,OK
11507229,VIBRATION,0.004695345,OK
11508479,VIBRATION,-0.1586765,OK
11509729,VIBRATION,-0.3518742,OK
11510000,PRESSURE,101.62,OK
11510000,TEMPERATURE,21.85852,OK
11510979,VIBRATION,-1.047962,OK
11512229,VIBRATION,-1.152301,OK
11513480,VIBRATION,-1.010584,OK
11514729,VIBRATION,-0.8779805,OK
11515979,VIBRATION,-1.203814,OK
11517229,VIBRATION,-0.7977065,OK
11518479,VIBRATION,-0.8826777,OK
11519729,VIBRATION,-1.118733,OK
11520000,PRESSURE,101.6828,OK
11520000,TEMPERATURE,21.99541,OK
11520979,VIBRATION,-1.021463,OK
11522229,VIBRATION,-0.8447505,OK
11523479,VIBRATION,-1.110888,OK
11524729,VIBRATION,-1.016118,OK
11525979,VIBRATION,-0.7726664,OK
11527229,VIBRATION,-1.064228,OK
11528479,VIBRATION,-1.181394,OK
11529729,VIBRATION,-1.470516,OK
11530000,PRESSURE,101.6843,OK
11530000,TEMPERATURE,21.95343,OK
11530979,VIBRATION,-1.851049,OK
11532229,VIBRATION,-2.1769,OK
11533479,VIBRATION,-1.485411,OK
11534729,VIBRATION,-1.835949,OK
11535979,VIBRATION,-1.182507,OK
11537229,VIBRATION,-0.7730716,OK
11538479,VIBRATION,-0.8944666,OK
11539729,VIBRATION,-0.7922711,OK
11540000,PRESSURE,101.6719,OK
11540000,TEMPERATURE,22.0125,OK
11540979,VIBRATION,-0.6041267,OK
11542229,VIBRATION,-0.4939808,OK
11543479,VIBRATION,-0.4592624,OK
11544729,VIBRATION,-0.6593253,OK
11545979,VIBRATION,-0.5556919,OK
11547229,VIBRATION,-0.1330441,OK
11548479,VIBRATION,0.03551207,OK
11549729,VIBRATION,0.126215,OK
11550000,PRESSURE,101.6347,OK
11550000,TEMPERATURE,22.00473,OK
11550979,VIBRATION,-0.5616479,OK
11552229,VIBRATION,-0.7772917,OK
11553479,VIBRATION,-1.036579,OK
11554729,VIBRATION,-0.7249555,OK
11555979,VIBRATION,-0.4591904,OK
11557229,VIBRATION,-0.5569607,OK
11558479,VIBRATION,-0.3834383,OK
11559729,VIBRATION,-0.5216621,OK
11560000,PRESSURE,101.6261,OK
11560000,TEMPERATURE,22.00547,OK
11560979,VIBRATION,-1.021428,OK
11562229,VIBRATION,-1.521442,OK
11563479,VIBRATION,-1.33157,OK
11564729,VIBRATION,-0.7769796,OK
11565979,VIBRATION,-0.7327538,OK
11567229,VIBRATION,-0.3127345,OK
11568479,VIBRATION,-0.6813456,OK
11569729,VIBRATION,-0.3944105,OK
11570000,PRESSURE,101.698,OK
11570000,TEMPERATURE,22.02988,OK
11570980,VIBRATION,-0.9193909,OK
11572230,VIBRATION,-0.9379538,OK
11573479,VIBRATION,-0.9042091,OK
11574729,VIBRATION,-0.3878747,OK
11575979,VIBRATION,-0.2743381,OK
11577229,VIBRATION,0.1686397,OK
11578479,VIBRATION,0.03367503,OK
11579729,VIBRATION,-0.2443885,OK
11580000,PRESSURE,101.6879,OK
11580000,TEMPERATURE,21.9531,OK
11580979,VIBRATION,-0.4125753,OK
11582229,VIBRATION,-0.8772431,OK
11583479,VIBRATION,-1.127302,OK
11584729,VIBRATION,-1.022178,OK
11585979,VIBRATION,-0.4895273,OK
11587229,VIBRATION,-0.7439667,OK
11588479,VIBRATION,-1.190367,OK
11589729,VIBRATION,-1.293736,OK
11590000,PRESSURE,101.7037,OK
11590000,TEMPERATURE,21.94883,OK
11590979,VIBRATION,-1.228203,OK
11592229,VIBRATION,-0.7081759,OK
11593479,VIBRATION,-0.8473246,OK
11594729,VIBRATION,-0.8289772,OK
11596104,VIBRATION,-1.267515,OK
11597229,VIBRATION,-1.049698,OK
11598479,VIBRATION,-0.8215564,OK
11599733,VIBRATION,-0.0837336,OK
11600000,PRESSURE,101.7614,OK
11600000,TEMPERATURE,21.97932,OK
11600979,VIBRATION,-0.3723737,OK
11602229,VIBRATION,-0.3443486,OK
11603479,VIBRATION,-0.3921184,OK
11604730,VIBRATION,-0.3243715,OK
11605979,VIBRATION,-0.4969707,OK
11607229,VIBRATION,-0.4842024,OK
11608479,VIBRATION,-0.3861556,OK
11609729,VIBRATION,-0.1032394,OK
11610000,PRESSURE,101.6969,OK
11610000,TEMPERATURE,22.12196,OK
11610979,VIBRATION,-0.06707186,OK
11612229,VIBRATION,-0.5070864,OK
11613479,VIBRATION,-0.3922518,OK
11614729,VIBRATION,-0.7528874,OK
11615979,VIBRATION,-0.4793949,OK
11617229,VIBRATION,-0.5909947,OK
11618479,VIBRATION,-1.220072,OK
11619729,VIBRATION,-0.92642,OK
11620000,PRESSURE,101.6238,OK
11620000,TEMPERATURE,22.00785,OK
11620979,VIBRATION,-0.5941647,OK
11622229,VIBRATION,-0.3494059,OK
11623479,VIBRATION,-0.02890639,OK
11624729,VIBRATION,0.4704883,OK
11625979,VIBRATION,0.5581097,OK
11627251,VIBRATION,0.6492634,OK
11628479,VIBRATION,0.7445141,OK
11629730,VIBRATION,0.4359247,OK
11630000,PRESSURE,101.5456,OK
11630000,TEMPERATURE,22.01444,OK
11630979,VIBRATION,0.2711874,OK
11632229,VIBRATION,0.3212931,OK
11633479,VIBRATION,0.2145004,OK
11634729,VIBRATION,0.1196725,OK
11635979,VIBRATION,0.3902072,OK
11637229,VIBRATION,0.1792116,OK
11638479,VIBRATION,0.2356102,OK
11639729,VIBRATION,0.06457254,OK
11640000,PRESSURE,101.5521,OK
11640000,TEMPERATURE,21.98205,OK
11640979,VIBRATION,-0.4158413,OK
11642229,VIBRATION,-0.05251342,OK
11643479,VIBRATION,-0.5470446,OK
11644729,VIBRATION,-0.7649611,OK
11645979,VIBRATION,-1.009031,OK
11647229,VIBRATION,-1.056057,OK
11648479,VIBRATION,-0.6277216,OK
11649729,VIBRATION,-0.9197049,OK
11650000,PRESSURE,101.5342,OK
11650000,TEMPERATURE,21.95534,OK
11650979,VIBRATION,-1.225277,OK
11652229,VIBRATION,-1.452361,OK
11653479,VIBRATION,-1.534197,OK
11654730,VIBRATION,-1.641624,OK
11655979,VIBRATION,-1.555614,OK
11657229,VIBRATION,-2.14719,OK
11658479,VIBRATION,-2.052538,OK
11659729,VIBRATION,-2.083207,OK
11660000,PRESSURE,101.6226,OK
11660000,TEMPERATURE,22.15917,OK
11660979,VIBRATION,-2.45582,OK
11662229,VIBRATION,-2.285254,OK
11663479,VIBRATION,-2.817718,OK
11664729,VIBRATION,-2.869297,OK
11665979,VIBRATION,-2.731269,OK
11667229,VIBRATION,-2.819428,OK
11668479,VIBRATION,-2.847331,OK
11669729,VIBRATION,-2.5773,OK
11670000,PRESSURE,101.6,OK
11670000,TEMPERATURE,22.07589,OK
11670979,VIBRATION,-2.564332,OK
11672229,VIBRATION,-2.038161,OK
11673479,VIBRATION,-1.85992,OK
11674729,VIBRATION,-1.328435,OK
11675979,VIBRATION,-0.8544776,OK
11677229,VIBRATION,-0.4828284,OK
11678479,VIBRATION,-0.6511128,OK
11679729,VIBRATION,-0.3902358,OK
11680000,PRESSURE,101.5049,OK
11680000,TEMPERATURE,22.18805,OK
11680979,VIBRATION,0.1647268,OK
11682229,VIBRATION,0.02073968,OK
11683479,VIBRATION,0.5073349,OK
11684729,VIBRATION,0.8828622,OK
11685979,VIBRATION,0.9834429,OK
11687229,VIBRATION,1.29694,OK
11688479,VIBRATION,1.357947,OK
11689729,VIBRATION,1.656157,OK
11690000,PRESSURE,101.5072,OK
11690000,TEMPERATURE,22.29147,OK
11690979,VIBRATION,1.950944,OK
11692229,VIBRATION,1.685632,OK
11693479,VIBRATION,1.841555,OK
11694729,VIBRATION,1.876663,OK
11696045,VIBRATION,1.60699,OK
11697229,VIBRATION,1.459265,OK
11698479,VIBRATION,1.862318,OK
11699729,VIBRATION,1.921651,OK
11700000,PRESSURE,101.4846,OK
11700000,TEMPERATURE,22.47664,OK
11700979,VIBRATION,1.724161,OK
11702229,VIBRATION,1.695602,OK
11703479,VIBRATION,1.688097,OK
11704729,VIBRATION,1.9429,OK
11705979,VIBRATION,1.690897,OK
11707229,VIBRATION,1.416618,OK
11708479,VIBRATION,1.752001,OK
11709729,VIBRATION,1.274811,OK
11710000,PRESSURE,101.4047,OK
11710000,TEMPERATURE,22.64287,OK
11710979,VIBRATION,1.205735,OK
11712229,VIBRATION,1.458359,OK
11713479,VIBRATION,1.193423,OK
11714729,VIBRATION,0.9280914,OK
11715979,VIBRATION,1.02848,OK
11717229,VIBRATION,0.7720557,OK
11718479,VIBRATION,0.5693137,OK
11719729,VIBRATION,0.6145836,OK
11720000,PRESSURE,101.4297,OK
11720000,TEMPERATURE,22.48251,OK
11720979,VIBRATION,0.8145852,OK
11722229,VIBRATION,0.590126,OK
11723479,VIBRATION,0.550127,OK
11724729,VIBRATION,0.3537896,OK
11725979,VIBRATION,-0.06743358,OK
11727229,VIBRATION,0.2817563,OK
11728479,VIBRATION,-0.006328193,OK
11729729,VIBRATION,0.1856812,OK
11730000,PRESSURE,101.5646,OK
11730000,TEMPERATURE,22.34899,OK
11730979,VIBRATION,0.1152112,OK
11732229,VIBRATION,0.6680926,OK
11733479,VIBRATION,0.7949313,OK
11734729,VIBRATION,0.4270376,OK
11735979,VIBRATION,0.7476614,OK
11737229,VIBRATION,0.4433391,OK
11738479,VIBRATION,-0.329768,OK
11739729,VIBRATION,-0.1270749,OK
11740000,PRESSURE,101.5716,OK
11740000,TEMPERATURE,22.32132,OK
11740979,VIBRATION,-0.1741553,OK
11742229,VIBRATION,-0.1968959,OK
11743479,VIBRATION,-0.7193522,OK
11744729,VIBRATION,-1.04757,OK
11745979,VIBRATION,-1.205225,OK
11747229,VIBRATION,-1.485863,OK
11748479,VIBRATION,-1.076848,OK
11749729,VIBRATION,-0.5050312,OK
11750000,PRESSURE,101.5331,OK
11750000,TEMPERATURE,22.54323,OK
11750979,VIBRATION,-0.7791816,OK
11752229,VIBRATION,-1.498221,OK
11753479,VIBRATION,-0.9040709,OK
11754733,VIBRATION,-1.102505,OK
11755979,VIBRATION,-1.0088,OK
11757229,VIBRATION,-0.679402,OK
11758479,VIBRATION,-0.4447262,OK
11759729,VIBRATION,-0.5209469,OK
11760000,PRESSURE,101.5316,OK
11760000,TEMPERATURE,22.50294,OK
11760979,VIBRATION,0.4897697,OK
11762229,VIBRATION,0.5025742,OK
11763479,VIBRATION,-0.009615088,OK
11764729,VIBRATION,-0.2525964,OK
11765979,VIBRATION,0.175953,OK
11767229,VIBRATION,0.1251317,OK
11768479,VIBRATION,-0.1967712,OK
11769729,VIBRATION,-0.2432065,OK
11770000,PRESSURE,101.4974,OK
11770000,TEMPERATURE,22.56398,OK
11770979,VIBRATION,-0.1842071,OK
11772231,VIBRATION,-0.1213595,OK
11773479,VIBRATION,-0.1301694,OK
11774729,VIBRATION,-0.2350771,OK
11775979,VIBRATION,-0.2481369,OK
11777229,VIBRATION,-0.01282511,OK
11778479,VIBRATION,0.1934279,OK
11779729,VIBRATION,0.1354146,OK
11780000,PRESSURE,101.5648,OK
11780000,TEMPERATURE,22.60336,OK
11780979,VIBRATION,0.05769453,OK
11782229,VIBRATION,-0.209248,OK
11783479,VIBRATION,0.3749143,OK
11784729,VIBRATION,-0.4416567,OK
11785979,VIBRATION,-0.6032592,OK
11787229,VIBRATION,-1.095012,OK
11788479,VIBRATION,-0.8534061,OK
11789729,VIBRATION,-0.7687031,OK
11790000,PRESSURE,101.5579,OK
11790000,TEMPERATURE,22.61084,OK
11790979,VIBRATION,-0.8054466,OK
11792229,VIBRATION,-0.6970799,OK
11793479,VIBRATION,-0.5286893,OK
11794785,VIBRATION,-0.4780963,OK
11796028,VIBRATION,-0.3163753,OK
11797229,VIBRATION,-0.04824899,OK
11798479,VIBRATION,-0.2262737,OK
11799729,VIBRATION,-0.1289159,OK
11800000,PRESSURE,101.6263,OK
11800000,TEMPERATURE,22.4806,OK
11800979,VIBRATION,-0.02695141,OK
11802229,VIBRATION,0.4563369,OK
11803479,VIBRATION,-0.0001329757,OK
11804729,VIBRATION,0.2563017,OK
11805979,VIBRATION,0.1140793,OK
11807229,VIBRATION,-0.05889355,OK
11808479,VIBRATION,0.03529539,OK
11809729,VIBRATION,0.327644,OK
11810000,PRESSURE,101.4843,OK
11810000,TEMPERATURE,22.3684,OK
11810979,VIBRATION,-0.1966059,OK
11812236,VIBRATION,0.2580137,OK
11813479,VIBRATION,0.004918653,OK
11814729,VIBRATION,-0.008090864,OK
11815979,VIBRATION,-0.7371686,OK
11817229,VIBRATION,-1.004185,OK
11818479,VIBRATION,-0.8917384,OK
11819729,VIBRATION,-0.8762053,OK
11820000,PRESSURE,101.4726,OK
11820000,TEMPERATURE,22.37379,OK
11820979,VIBRATION,-1.196283,OK
11822229,VIBRATION,-0.9956585,OK
11823479,VIBRATION,-0.852416,OK
11824729,VIBRATION,-0.4518898,OK
11825979,VIBRATION,-0.2267793,OK
11827229,VIBRATION,0.150713,OK
11828479,VIBRATION,0.2933513,OK
11829729,VIBRATION,0.4192557,OK
11830000,PRESSURE,101.4265,OK
11830000,TEMPERATURE,22.42764,OK
11830979,VIBRATION,0.7503884,OK
11832229,VIBRATION,1.199907,OK
11833479,VIBRATION,0.4606537,OK
11834730,VIBRATION,0.8541399,OK
11835979,VIBRATION,0.1047153,OK
11837229,VIBRATION,0.3928588,OK
11838479,VIBRATION,0.4759207,OK
11839729,VIBRATION,0.9428163,OK
11840000,PRESSURE,101.4174,OK
11840000,TEMPERATURE,22.23018,OK
11840986,VIBRATION,1.441658,OK
11842229,VIBRATION,1.586762,OK
11843479,VIBRATION,1.620453,OK
11844729,VIBRATION,1.608035,OK
11845979,VIBRATION,1.491538,OK
11847229,VIBRATION,1.220287,OK
11848479,VIBRATION,1.213393,OK
11849729,VIBRATION,1.094776,OK
11850000,PRESSURE,101.4167,OK
11850000,TEMPERATURE,22.10741,OK
11850979,VIBRATION,1.333029,OK
11852229,VIBRATION,1.017842,OK
11853479,VIBRATION,1.426522,OK
11854729,VIBRATION,1.610452,OK
11855979,VIBRATION,1.483234,OK
11857229,VIBRATION,1.597519,OK
11858479,VIBRATION,1.648712,OK
11859729,VIBRATION,1.269574,OK
11860000,PRESSURE,101.4066,OK
11860000,TEMPERATURE,22.17988,OK
11861020,VIBRATION,1.03965,OK
11862229,VIBRATION,0.7445943,OK
11863479,VIBRATION,0.6723503,OK
11864729,VIBRATION,0.5087267,OK
11865979,VIBRATION,0.2963562,OK
11867229,VIBRATION,0.08770548,OK
11868479,VIBRATION,0.00357809,OK
11869730,VIBRATION,0.4792035,OK
11870000,PRESSURE,101.3317,OK
11870000,TEMPERATURE,22.24752,OK
11870979,VIBRATION,0.4824896,OK
11872229,VIBRATION,0.2120878,OK
11873479,VIBRATION,0.2988525,OK
11874729,VIBRATION,-0.1165979,OK
11875979,VIBRATION,-0.4548054,OK
11877229,VIBRATION,-0.6435416,OK
11878479,VIBRATION,-0.9031645,OK
11879729,VIBRATION,-0.7742225,OK
11880000,PRESSURE,101.3432,OK
11880000,TEMPERATURE,22.29825,OK
11880979,VIBRATION,-0.4532708,OK
11882229,VIBRATION,-0.407199,OK
11883479,VIBRATION,-0.6461554,OK
11884729,VIBRATION,-0.5556766,OK
11885979,VIBRATION,-0.2030108,OK
11887229,VIBRATION,-0.007634548,OK
11888479,VIBRATION,-0.1477683,OK
11889729,VIBRATION,-0.6405576,OK
11890000,PRESSURE,101.3412,OK
11890000,TEMPERATURE,22.37627,OK
11890979,VIBRATION,-0.143418,OK
11892229,VIBRATION,-0.1576311,OK
11893479,VIBRATION,0.159188,OK
11894729,VIBRATION,0.4660664,OK
11895979,VIBRATION,0.6096308,OK
11897229,VIBRATION,0.5832866,OK
11898479,VIBRATION,0.2690552,OK
11899729,VIBRATION,0.127362,OK
11900000,PRESSURE,101.3616,OK
11900000,TEMPERATURE,22.27144,OK
11900979,VIBRATION,0.2371801,OK
11902229,VIBRATION,0.2427881,OK
11903479,VIBRATION,-0.1369269,OK
11904729,VIBRATION,-0.1160881,OK
11905979,VIBRATION,-0.5947888,OK
11907229,VIBRATION,-0.305103,OK
11908479,VIBRATION,-0.2116265,OK
11909729,VIBRATION,-0.1216477,OK
11910000,PRESSURE,101.4021,OK
11910000,TEMPERATURE,22.26768,OK
11910979,VIBRATION,-0.02483247,OK
11912240,VIBRATION,0.5335642,OK
11913479,VIBRATION,0.0255618,OK
11914729,VIBRATION,-0.01836717,OK
11915979,VIBRATION,-0.04626547,OK
11917229,VIBRATION,-0.4972458,OK
11918479,VIBRATION,0.04354502,OK
11919729,VIBRATION,0.0742533,OK
11920123,PRESSURE,101.3332,OK
11920123,TEMPERATURE,22.49377,OK
11921023,VIBRATION,-0.3350201,OK
11922229,VIBRATION,-0.3262836,OK
11923479,VIBRATION,-0.3047028,OK
11924729,VIBRATION,-0.6246939,OK
11925979,VIBRATION,-0.8526781,OK
11927229,VIBRATION,-0.8354602,OK
11928479,VIBRATION,-1.244422,OK
11929729,VIBRATION,-1.312761,OK
11930000,PRESSURE,101.3561,OK
11930000,TEMPERATURE,22.42375,OK
11930979,VIBRATION,-0.7937778,OK
11932229,VIBRATION,-1.208508,OK
11933479,VIBRATION,-0.850825,OK
11934729,VIBRATION,-0.466944,OK
11935979,VIBRATION,-0.5862234,OK
11937229,VIBRATION,-0.5234759,OK
11938479,VIBRATION,-0.4659367,OK
11939729,VIBRATION,-0.9453743,OK
11940000,PRESSURE,101.2818,OK
11940000,TEMPERATURE,22.41893,OK
11940979,VIBRATION,-1.008054,OK
11942229,VIBRATION,-1.21688,OK
11943479,VIBRATION,-1.618783,OK
11944729,VIBRATION,-1.626811,OK
11945979,VIBRATION,-1.877272,OK
11947229,VIBRATION,-1.39249,OK
11948479,VIBRATION,-0.8113553,OK
11949729,VIBRATION,-0.3956074,OK
11950000,PRESSURE,101.3355,OK
11950000,TEMPERATURE,22.39915,OK
11950979,VIBRATION,-0.05610608,OK
11952229,VIBRATION,-0.4947825,OK
11953479,VIBRATION,-0.5738752,OK
11954729,VIBRATION,-0.1542962,OK
11955979,VIBRATION,0.1879116,OK
11957229,VIBRATION,0.395808,OK
11958479,VIBRATION,0.3979045,OK
11959991,VIBRATION,0.1882036,OK
11960058,PRESSURE,101.2915,OK
11960058,TEMPERATURE,22.34307,OK
11960979,VIBRATION,0.435781,OK
11962250,VIBRATION,0.6609908,OK
11963479,VIBRATION,0.790807,OK
11964729,VIBRATION,1.459204,OK
11965979,VIBRATION,2.03329,OK
11967229,VIBRATION,1.564637,OK
11968479,VIBRATION,1.772114,OK
11969729,VIBRATION,1.91111,OK
11970000,PRESSURE,101.2365,OK
11970000,TEMPERATURE,22.42475,OK
11970979,VIBRATION,2.037399,OK
11972229,VIBRATION,2.183607,OK
11973479,VIBRATION,2.292653,OK
11974729,VIBRATION,2.361306,OK
11975979,VIBRATION,2.152733,OK
11977229,VIBRATION,1.959281,OK
11978479,VIBRATION,1.821028,OK
11979729,VIBRATION,1.765908,OK
11980000,PRESSURE,101.2075,OK
11980000,TEMPERATURE,22.39198,OK
11980979,VIBRATION,1.621893,OK
11982229,VIBRATION,1.150131,OK
11983479,VIBRATION,1.217465,OK
11984729,VIBRATION,0.8504305,OK
11985979,VIBRATION,0.6629323,OK
11987229,VIBRATION,0.272006,OK
11988479,VIBRATION,0.5104102,OK
11989729,VIBRATION,0.752268,OK
11990000,PRESSURE,101.2416,OK
11990000,TEMPERATURE,22.4767,OK
11990979,VIBRATION,1.257983,OK
11992229,VIBRATION,0.9274041,OK
11993501,VIBRATION,0.6720553,OK
11994729,VIBRATION,0.8687993,OK
11995979,VIBRATION,0.9132439,OK
11997229,VIBRATION,0.4836803,OK
11998479,VIBRATION,-0.5817674,OK
11999729,VIBRATION,-0.6581291,OK
12000000,PRESSURE,101.3113,OK
12000000,TEMPERATURE,22.4954,OK
12000000,HUMIDITY,44.31693,OK
12000979,VIBRATION,-0.4726756,OK
12002229,VIBRATION,-0.5737615,OK
12003479,VIBRATION,-0.8246822,OK
12004729,VIBRATION,-0.6152993,OK
12005979,VIBRATION,-0.4364382,OK
12007229,VIBRATION,-0.2000303,OK
12008479,VIBRATION,-0.3287645,OK
12009729,VIBRATION,-0.5220405,OK
12010000,PRESSURE,101.2592,OK
12010000,TEMPERATURE,22.37634,OK
12010979,VIBRATION,-0.497603,OK
12012229,VIBRATION,-0.5934811,OK
12013479,VIBRATION,-0.3066762,OK
12014729,VIBRATION,-0.1206948,OK
12015979,VIBRATION,-0.3828474,OK
12017229,VIBRATION,-0.2866707,OK
12018479,VIBRATION,0.06421936,OK
12019729,VIBRATION,-0.08228058,OK
12020000,PRESSURE,101.3007,OK
12020000,TEMPERATURE,22.18643,OK
12020979,VIBRATION,-0.5078513,OK
12022229,VIBRATION,-0.5233839,OK
12023479,VIBRATION,-1.099671,OK
12024729,VIBRATION,-1.020346,OK
12025979,VIBRATION,-1.175243,OK
12027231,VIBRATION,-0.8369637,OK
12028479,VIBRATION,-0.6222983,OK
12029729,VIBRATION,-0.5007547,OK
12030000,PRESSURE,101.338,OK
12030000,TEMPERATURE,22.18029,OK
12030979,VIBRATION,-0.3073287,OK
12032229,VIBRATION,-0.5991653,OK
12033479,VIBRATION,-0.5799137,OK
12034729,VIBRATION,-0.8277713,OK
12035979,VIBRATION,-0.4047223,OK
12037229,VIBRATION,0.2656234,OK
12038479,VIBRATION,0.5310291,OK
12039729,VIBRATION,0.8633808,OK
12040000,PRESSURE,101.2678,OK
12040000,TEMPERATURE,22.33054,OK
12040979,VIBRATION,0.7250593,OK
12042229,VIBRATION,0.5138956,OK
12043479,VIBRATION,0.5009364,OK
12044729,VIBRATION,0.6222276,OK
12045979,VIBRATION,0.2917293,OK
12047229,VIBRATION,0.8137386,OK
12048479,VIBRATION,0.5602422,OK
12049729,VIBRATION,0.4240422,OK
12050000,PRESSURE,101.2691,OK
12050000,TEMPERATURE,22.33497,OK
12050979,VIBRATION,0.9175839,OK
12052229,VIBRATION,1.108305,OK
12053479,VIBRATION,0.833791,OK
12054729,VIBRATION,0.5544848,OK
12055979,VIBRATION,0.5816722,OK
12057229,VIBRATION,0.6510423,OK
12058479,VIBRATION,0.6522642,OK
12059729,VIBRATION,0.1602886,OK
12060000,PRESSURE,101.219,OK
12060000,TEMPERATURE,22.26175,OK
12060979,VIBRATION,-0.3344485,OK
12062229,VIBRATION,-0.637069,OK
12063479,VIBRATION,-0.5333349,OK
12064729,VIBRATION,-0.8048906,OK
12065979,VIBRATION,-0.6542028,OK
12067229,VIBRATION,-0.913244,OK
12068479,VIBRATION,-0.6496402,OK
12069729,VIBRATION,-0.4638077,OK
12070000,PRESSURE,101.2764,OK
12070000,TEMPERATURE,22.2179,OK
12070979,VIBRATION,-0.5759019,OK
12072229,VIBRATION,-0.3583034,OK
12073479,VIBRATION,-0.3981078,OK
12074729,VIBRATION,-1.009958,OK
12075979,VIBRATION,-0.9584985,OK
12077229,VIBRATION,-0.6130073,OK
12078479,VIBRATION,-1.360967,OK
12079729,VIBRATION,-0.5929498,OK
12080000,PRESSURE,101.3353,OK
12080000,TEMPERATURE,22.00825,OK
12080979,VIBRATION,-0.764992,OK
12082229,VIBRATION,-0.6797221,OK
12083479,VIBRATION,-0.730083,OK
12084729,VIBRATION,-0.5957534,OK
12085979,VIBRATION,-0.05820605,OK
12087229,VIBRATION,-0.517845,OK
12088479,VIBRATION,-0.3501751,OK
12089729,VIBRATION,-0.0812568,OK
12090000,PRESSURE,101.2872,OK
12090000,TEMPERATURE,22.26172,OK
12090979,VIBRATION,-0.1057873,OK
12092229,VIBRATION,0.2385359,OK
12093479,VIBRATION,0.5755342,OK
12094729,VIBRATION,0.8765946,OK
12095979,VIBRATION,0.8280586,OK
12097229,VIBRATION,0.2338961,OK
12098479,VIBRATION,0.08969781,OK
12099729,VIBRATION,0.3852014,OK
12100000,PRESSURE,101.2452,OK
12100000,TEMPERATURE,22.1782,OK
12100979,VIBRATION,0.5838083,OK
12102229,VIBRATION,0.5300211,OK
12103479,VIBRATION,0.3050327,OK
12104729,VIBRATION,0.5262941,OK
12105979,VIBRATION,0.5086708,OK
12107229,VIBRATION,-0.07201332,OK
12108479,VIBRATION,-0.1655447,OK
12109729,VIBRATION,-0.5222618,OK
12110000,PRESSURE,101.1824,OK
12110000,TEMPERATURE,22.23947,OK
12110979,VIBRATION,-0.6776993,OK
12112229,VIBRATION,-0.8053686,OK
12113479,VIBRATION,-0.5024417,OK
12114729,VIBRATION,-0.515733,OK
12115979,VIBRATION,-0.8387332,OK
12117229,VIBRATION,-0.6805818,OK
12118479,VIBRATION,-0.8890567,OK
12119729,VIBRATION,-0.9871286,OK
12120000,PRESSURE,101.2713,OK
12120000,TEMPERATURE,22.1174,OK
12120979,VIBRATION,-0.9376169,OK
12122229,VIBRATION,-0.7506858,OK
12123479,VIBRATION,-0.4506255,OK
12124729,VIBRATION,-0.2363548,OK
12125979,VIBRATION,-0.1255556,OK
12127229,VIBRATION,-0.3736366,OK
12128479,VIBRATION,-0.07260123,OK
12129729,VIBRATION,-0.5265999,OK
12130000,PRESSURE,101.2763,OK
12130000,TEMPERATURE,22.03838,OK
12130979,VIBRATION,-0.428869,OK
12132229,VIBRATION,-0.5938475,OK
12133479,VIBRATION,-0.4447139,OK
12134729,VIBRATION,-0.4608928,OK
12135979,VIBRATION,-0.09752151,OK
12137229,VIBRATION,0.1393769,OK
12138479,VIBRATION,0.2289544,OK
12139729,VIBRATION,0.1630414,OK
12140000,PRESSURE,101.2436,OK
12140000,TEMPERATURE,21.90439,OK
12140979,VIBRATION,-0.4048949,OK
12142252,VIBRATION,-0.1311584,OK
12143479,VIBRATION,-0.221515,OK
12144729,VIBRATION,0.214813,OK
12145979,VIBRATION,-0.05813636,OK
12147229,VIBRATION,-0.0143176,OK
12148479,VIBRATION,-0.6504037,OK
12149729,VIBRATION,-0.7632642,OK
12150001,PRESSURE,101.2874,OK
12150001,TEMPERATURE,22.06075,OK
12150979,VIBRATION,-0.7869442,OK
12152229,VIBRATION,-1.088573,OK
12153479,VIBRATION,-1.162927,OK
12154729,VIBRATION,-1.384596,OK
12155979,VIBRATION,-1.11425,OK
12157229,VIBRATION,-0.5482398,OK
12158479,VIBRATION,-0.3573813,OK
12159729,VIBRATION,-0.359042,OK
12160000,PRESSURE,101.3013,OK
12160000,TEMPERATURE,22.03202,OK
12160979,VIBRATION,-0.3453039,OK
12162229,VIBRATION,-0.3103639,OK
12163479,VIBRATION,-0.509549,OK
12164729,VIBRATION,-0.0858791,OK
12165979,VIBRATION,0.1076116,OK
12167229,VIBRATION,0.29896,OK
12168479,VIBRATION,0.373965,OK
12169729,VIBRATION,0.1523733,OK
12170000,PRESSURE,101.3448,OK
12170000,TEMPERATURE,21.92244,OK
12170979,VIBRATION,0.5192404,OK
12172229,VIBRATION,0.192058,OK
12173479,VIBRATION,0.6793276,OK
12174729,VIBRATION,0.4605884,OK
12175979,VIBRATION,0.3490887,OK
12177229,VIBRATION,-0.2605755,OK
12178479,VIBRATION,0.004798507,OK
12179729,VIBRATION,0.2000911,OK
12180000,PRESSURE,101.3591,OK
12180000,TEMPERATURE,21.9194,OK
12180979,VIBRATION,0.1171355,OK
12182229,VIBRATION,0.3367388,OK
12183479,VIBRATION,0.6091946,OK
12184729,VIBRATION,0.6481368,OK
12185979,VIBRATION,0.8000805,OK
12187229,VIBRATION,0.7440469,OK
12188479,VIBRATION,0.5362963,OK
12189729,VIBRATION,0.9265574,OK
12190000,PRESSURE,101.3445,OK
12190000,TEMPERATURE,21.86098,OK
12190979,VIBRATION,0.9192541,OK
12192229,VIBRATION,0.8557258,OK
12193479,VIBRATION,0.7095099,OK
12194729,VIBRATION,0.9744191,OK
12195979,VIBRATION,0.6717579,OK
12197229,VIBRATION,0.986668,OK
12198479,VIBRATION,1.22923,OK
12199729,VIBRATION,1.447482,OK
12200000,PRESSURE,101.4186,OK
12200000,TEMPERATURE,21.91183,OK
12200979,VIBRATION,1.083751,OK
12202229,VIBRATION,0.8286077,OK
12203479,VIBRATION,0.7510894,OK
12204740,VIBRATION,0.9036067,OK
12205979,VIBRATION,1.187883,OK
12207229,VIBRATION,0.8778318,OK
12208479,VIBRATION,0.6772553,OK
12209729,VIBRATION,0.5379593,OK
12210000,PRESSURE,101.3627,OK
12210000,TEMPERATURE,22.04824,OK
12210979,VIBRATION,0.5674013,OK
12212229,VIBRATION,0.4947386,OK
12213479,VIBRATION,0.2069542,OK
12214729,VIBRATION,0.3532844,OK
12215979,VIBRATION,0.6891463,OK
12217229,VIBRATION,0.5575813,OK
12218479,VIBRATION,0.7238722,OK
12219729,VIBRATION,0.9676518,OK
12220000,PRESSURE,101.3449,OK
12220000,TEMPERATURE,22.04424,OK
12220979,VIBRATION,0.7391649,OK
12222229,VIBRATION,-0.02121844,OK
12223479,VIBRATION,-0.1656554,OK
12224729,VIBRATION,0.03115818,OK
12225979,VIBRATION,-0.3201324,OK
12227229,VIBRATION,-0.1494362,OK
12228479,VIBRATION,-0.09423636,OK
12229729,VIBRATION,0.6019204,OK
12230000,PRESSURE,101.3092,OK
12230000,TEMPERATURE,21.95213,OK
12230979,VIBRATION,0.07426639,OK
12232234,VIBRATION,-0.0008156243,OK
12233479,VIBRATION,0.3104394,OK
12234729,VIBRATION,-0.07856105,OK
12235979,VIBRATION,-0.005618399,OK
12237229,VIBRATION,-0.4883175,OK
12238479,VIBRATION,-0.6035822,OK
12239729,VIBRATION,-0.3094343,OK
12240000,PRESSURE,101.3047,OK
12240000,TEMPERATURE,22.04102,OK
12240979,VIBRATION,-0.4103004,OK
12242229,VIBRATION,-0.6309986,OK
12243479,VIBRATION,-0.8786369,OK
12244729,VIBRATION,-0.894675,OK
12245979,VIBRATION,-0.7071829,OK
12247229,VIBRATION,-0.3427892,OK
12248479,VIBRATION,-0.285699,OK
12249729,VIBRATION,-0.420251,OK
12250000,PRESSURE,101.3033,OK
12250000,TEMPERATURE,22.15585,OK
12250979,VIBRATION,-0.2081316,OK
12252229,VIBRATION,-0.6073319,OK
12253479,VIBRATION,-0.4809736,OK
12254729,VIBRATION,-1.004531,OK
12255979,VIBRATION,-1.045289,OK
12257230,VIBRATION,-1.00055,OK
12258479,VIBRATION,-1.073803,OK
12259729,VIBRATION,-0.8592368,OK
12260000,PRESSURE,101.2286,OK
12260000,TEMPERATURE,22.24164,OK
12260979,VIBRATION,-1.316273,OK
12262229,VIBRATION,-0.7062717,OK
12263479,VIBRATION,-0.8793214,OK
12264729,VIBRATION,-0.6651466,OK
12265979,VIBRATION,-0.2545947,OK
12267229,VIBRATION,-0.4622419,OK
12268479,VIBRATION,-0.2982377,OK
12269729,VIBRATION,-0.2390028,OK
12270000,PRESSURE,101.2094,OK
12270000,TEMPERATURE,22.17715,OK
12270979,VIBRATION,-0.5953953,OK
12272229,VIBRATION,-0.4696526,OK
12273479,VIBRATION,-0.4681386,OK
12274729,VIBRATION,-0.8419035,OK
12275979,VIBRATION,-1.080486,OK
12277229,VIBRATION,-1.428156,OK
12278479,VIBRATION,-1.1869,OK
12279729,VIBRATION,-0.9018305,OK
12280000,PRESSURE,101.2245,OK
12280000,TEMPERATURE,22.17482,OK
12280979,VIBRATION,-0.9800026,OK
12282229,VIBRATION,-1.204946,OK
12283479,VIBRATION,-1.153287,OK
12284729,VIBRATION,-1.534604,OK
12285979,VIBRATION,-1.018064,OK
12287229,VIBRATION,-0.8619758,OK
12288479,VIBRATION,-0.8130599,OK
12289729,VIBRATION,-1.266702,OK
12290000,PRESSURE,101.2377,OK
12290000,TEMPERATURE,22.26317,OK
12290979,VIBRATION,-1.178888,OK
12292229,VIBRATION,-1.283717,OK
12293479,VIBRATION,-1.364927,OK
12294729,VIBRATION,-1.166269,OK
12295979,VIBRATION,-0.7821343,OK
12297229,VIBRATION,-0.6671216,OK
12298479,VIBRATION,-0.6732834,OK
12299729,VIBRATION,-0.08292599,OK
12300000,PRESSURE,101.2627,OK
12300000,TEMPERATURE,22.3168,OK
12300979,VIBRATION,-0.2837716,OK
12302229,VIBRATION,-0.4313787,OK
12303479,VIBRATION,-0.2551506,OK
12304729,VIBRATION,-0.4855944,OK
12305979,VIBRATION,-0.2026244,OK
12307229,VIBRATION,-0.1698344,OK
12308479,VIBRATION,-0.1865789,OK
12309729,VIBRATION,0.06270556,OK
12310000,PRESSURE,101.2863,OK
12310000,TEMPERATURE,22.42076,OK
12310979,VIBRATION,-0.1577643,OK
12312229,VIBRATION,0.1915455,OK
12313479,VIBRATION,0.2963113,OK
12314729,VIBRATION,-0.1255897,OK
12315979,VIBRATION,0.06197292,OK
12317229,VIBRATION,-0.1795318,OK
12318479,VIBRATION,0.07340455,OK
12319729,VIBRATION,0.04789544,OK
12320000,PRESSURE,101.3628,OK
12320000,TEMPERATURE,22.40203,OK
12320979,VIBRATION,0.008411597,OK
12322240,VIBRATION,0.04433668,OK
12323479,VIBRATION,-0.1034081,OK
12324729,VIBRATION,-0.3598379,OK
12325979,VIBRATION,-0.2787566,OK
12327229,VIBRATION,-0.5304543,OK
12328479,VIBRATION,-0.5440603,OK
12329729,VIBRATION,-0.9212477,OK
12330000,PRESSURE,101.392,OK
12330000,TEMPERATURE,22.40233,OK
12330979,VIBRATION,-1.43244,OK
12332229,VIBRATION,-1.20702,OK
12333479,VIBRATION,-0.7358876,OK
12334729,VIBRATION,-0.2598152,OK
12335979,VIBRATION,-0.4787846,OK
12337229,VIBRATION,-0.5961852,OK
12338479,VIBRATION,-1.145438,OK
12339729,VIBRATION,-1.064946,OK
12340001,PRESSURE,101.3767,OK
12340001,TEMPERATURE,22.27169,OK
12340979,VIBRATION,-1.024871,OK
12342229,VIBRATION,-1.046692,OK
12343479,VIBRATION,-1.139416,OK
12344729,VIBRATION,-1.556667,OK
12345979,VIBRATION,-1.854552,OK
12347229,VIBRATION,-1.922802,OK
12348479,VIBRATION,-1.571154,OK
12349729,VIBRATION,-1.467219,OK
12350000,PRESSURE,101.2121,OK
12350000,TEMPERATURE,22.32758,OK
12350979,VIBRATION,-1.296984,OK
12352229,VIBRATION,-1.317346,OK
12353479,VIBRATION,-1.212847,OK
12354729,VIBRATION,-1.117526,OK
12355979,VIBRATION,-1.159743,OK
12357229,VIBRATION,-1.111093,OK
12358479,VIBRATION,-0.9302454,OK
12359729,VIBRATION,-0.7236679,OK
12360000,PRESSURE,101.1645,OK
12360000,TEMPERATURE,22.37424,OK
12360979,VIBRATION,-0.0771041,OK
12362229,VIBRATION,-0.1211974,OK
12363479,VIBRATION,0.06537047,OK
12364729,VIBRATION,-0.4598237,OK
12365979,VIBRATION,-0.6231624,OK
12367229,VIBRATION,-0.5580057,OK
12368479,VIBRATION,-0.7751868,OK
12369729,VIBRATION,-0.8062027,OK
12370000,PRESSURE,101.1732,OK
12370000,TEMPERATURE,22.26953,OK
12370979,VIBRATION,-0.5579844,OK
12372229,VIBRATION,-0.358533,OK
12373479,VIBRATION,-0.1539848,OK
12374729,VIBRATION,-0.235575,OK
12375979,VIBRATION,-0.6029622,OK
12377229,VIBRATION,-0.4551716,OK
12378479,VIBRATION,-0.5154252,OK
12379729,VIBRATION,-0.0121069,OK
12380000,PRESSURE,101.1634,OK
12380000,TEMPERATURE,22.30225,OK
12380979,VIBRATION,0.1083533,OK
12382229,VIBRATION,-0.05462237,OK
12383479,VIBRATION,0.1320652,OK
12384729,VIBRATION,-0.1241836,OK
12385979,VIBRATION,-0.06073737,OK
12387229,VIBRATION,-0.3443992,OK
12388479,VIBRATION,-0.5149283,OK
12389729,VIBRATION,-0.4813314,OK
12390000,PRESSURE,101.1505,OK
12390000,TEMPERATURE,22.11565,OK
12390979,VIBRATION,-0.6074782,OK
12392229,VIBRATION,-0.1703685,OK
12393479,VIBRATION,-0.05639217,OK
12394729,VIBRATION,0.3783689,OK
12395979,VIBRATION,0.2589191,OK
12397229,VIBRATION,0.6993232,OK
12398479,VIBRATION,0.2758801,OK
12399729,VIBRATION,0.09080194,OK
12400000,PRESSURE,101.1123,OK
12400000,TEMPERATURE,21.98481,OK
12400979,VIBRATION,0.09324214,OK
12402229,VIBRATION,0.1224287,OK
12403479,VIBRATION,0.1699909,OK
12404729,VIBRATION,-0.1642038,OK
12405979,VIBRATION,-0.1642477,OK
12407229,VIBRATION,-0.2369687,OK
12408479,VIBRATION,-0.4372065,OK
12409729,VIBRATION,-0.1299888,OK
12410000,PRESSURE,101.1573,OK
12410000,TEMPERATURE,21.82906,OK
12410979,VIBRATION,-0.5788068,OK
12412229,VIBRATION,-0.4641546,OK
12413479,VIBRATION,-0.4765608,OK
12414729,VIBRATION,-1.269719,OK
12415979,VIBRATION,-0.8174568,OK
12417229,VIBRATION,-0.6606596,OK
12418479,VIBRATION,-0.4334889,OK
12419729,VIBRATION,-0.1279661,OK
12420000,PRESSURE,101.1383,OK
12420000,TEMPERATURE,21.83443,OK
12420979,VIBRATION,-0.03380729,OK
12422229,VIBRATION,0.4247545,OK
12423479,VIBRATION,0.6030953,OK
12424729,VIBRATION,0.420713,OK
12425979,VIBRATION,0.1110121,OK
12427229,VIBRATION,0.1333648,OK
12428479,VIBRATION,0.5662901,OK
12429729,VIBRATION,-0.01308052,OK
12430000,PRESSURE,101.2133,OK
12430000,TEMPERATURE,21.81287,OK
12430979,VIBRATION,0.03312797,OK
12432229,VIBRATION,-0.01385956,OK
12433479,VIBRATION,0.5527063,OK
12434729,VIBRATION,0.5938133,OK
12435979,VIBRATION,0.8521643,OK
12437229,VIBRATION,0.6482265,OK
12438479,VIBRATION,0.3922614,OK
12439737,VIBRATION,0.6540322,OK
12440001,PRESSURE,101.1567,OK
12440001,TEMPERATURE,21.90509,OK
12440979,VIBRATION,0.4292806,OK
12442229,VIBRATION,0.006821651,OK
12443479,VIBRATION,-0.2580576,OK
12444729,VIBRATION,-0.2262274,OK
12445979,VIBRATION,-0.2687382,OK
12447229,VIBRATION,-0.3621695,OK
12448479,VIBRATION,-0.2294773,OK
12449729,VIBRATION,-0.7638104,OK
12450000,PRESSURE,101.2023,OK
12450000,TEMPERATURE,21.98316,OK
12450979,VIBRATION,-0.7343879,OK
12452229,VIBRATION,-0.4817326,OK
12453479,VIBRATION,-0.3520163,OK
12454729,VIBRATION,-0.06284466,OK
12455979,VIBRATION,0.454546,OK
12457229,VIBRATION,0.3624302,OK
12458479,VIBRATION,0.6530611,OK
12459729,VIBRATION,0.4690574,OK
12460000,PRESSURE,101.1701,OK
12460000,TEMPERATURE,21.94938,OK
12460979,VIBRATION,0.6440324,OK
12462229,VIBRATION,0.7477809,OK
12463479,VIBRATION,0.4078634,OK
12464729,VIBRATION,0.8898223,OK
12465979,VIBRATION,0.7678388,OK
12467229,VIBRATION,0.9652922,OK
12468479,VIBRATION,0.8402098,OK
12469729,VIBRATION,1.003186,OK
12470000,PRESSURE,101.138,OK
12470000,TEMPERATURE,21.89912,OK
12470979,VIBRATION,1.224755,OK
12472229,VIBRATION,1.3333,OK
12473479,VIBRATION,1.22031,OK
12474729,VIBRATION,1.59042,OK
12475979,VIBRATION,1.507103,OK
12477229,VIBRATION,1.523105,OK
12478479,VIBRATION,0.9643107,OK
12479729,VIBRATION,0.8274435,OK
12480000,PRESSURE,100.9871,OK
12480000,TEMPERATURE,21.89232,OK
12480979,VIBRATION,0.6952887,OK
12482229,VIBRATION,0.3319976,OK
12483479,VIBRATION,0.453444,OK
12484729,VIBRATION,0.5176269,OK
12485979,VIBRATION,0.7436012,OK
12487229,VIBRATION,1.308133,OK
12488479,VIBRATION,1.302761,OK
12489729,VIBRATION,1.372602,OK
12490000,PRESSURE,100.9991,OK
12490000,TEMPERATURE,21.72262,OK
12490979,VIBRATION,1.193361,OK
12492229,VIBRATION,0.8158633,OK
12493479,VIBRATION,1.109158,OK
12494729,VIBRATION,0.7730667,OK
12495979,VIBRATION,-0.06021316,OK
12497229,VIBRATION,-0.1264394,OK
12498483,VIBRATION,0.2364875,OK
12499729,VIBRATION,0.6960721,OK
12500000,PRESSURE,100.9493,OK
12500000,TEMPERATURE,21.78703,OK
12500979,VIBRATION,0.7958778,OK
12502229,VIBRATION,0.3429238,OK
12503479,VIBRATION,1.047808,OK
12504729,VIBRATION,1.458835,OK
12505979,VIBRATION,1.262049,OK
12507229,VIBRATION,1.4981,OK
12508479,VIBRATION,1.042588,OK
12509729,VIBRATION,1.176176,OK
12510000,PRESSURE,100.903,OK
12510000,TEMPERATURE,21.902,OK
12510979,VIBRATION,1.03384,OK
12512229,VIBRATION,1.057944,OK
12513479,VIBRATION,0.5457178,OK
12514729,VIBRATION,1.151023,OK
12515979,VIBRATION,0.5690891,OK
12517229,VIBRATION,1.103764,OK
12518479,VIBRATION,0.7957561,OK
12519729,VIBRATION,1.170752,OK
12520000,PRESSURE,100.902,OK
12520000,TEMPERATURE,21.94021,OK
12520979,VIBRATION,1.224045,OK
12522229,VIBRATION,1.167113,OK
12523479,VIBRATION,1.414279,OK
12524729,VIBRATION,1.058055,OK
12525979,VIBRATION,0.7651431,OK
12527229,VIBRATION,0.7454434,OK
12528479,VIBRATION,0.3817836,OK
12529729,VIBRATION,0.8330457,OK
12530000,PRESSURE,100.839,OK
12530000,TEMPERATURE,21.81217,OK
12530979,VIBRATION,0.7578731,OK
12532229,VIBRATION,0.6687098,OK
12533479,VIBRATION,0.7174826,OK
12534729,VIBRATION,1.180092,OK
12535979,VIBRATION,1.200784,OK
12537229,VIBRATION,1.01894,OK
12538479,VIBRATION,0.7840194,OK
12539729,VIBRATION,0.89129,OK
12540000,PRESSURE,100.7936,OK
12540000,TEMPERATURE,21.88225,OK
12540979,VIBRATION,1.050663,OK
12542229,VIBRATION,1.341079,OK
12543479,VIBRATION,1.988248,OK
12544752,VIBRATION,2.471757,OK
12545979,VIBRATION,2.544873,OK
12547229,VIBRATION,2.507026,OK
12548479,VIBRATION,2.452516,OK
12549729,VIBRATION,2.643232,OK
12550000,PRESSURE,100.7328,OK
12550000,TEMPERATURE,22.02007,OK
12550979,VIBRATION,2.367185,OK
12552229,VIBRATION,2.81588,OK
12553479,VIBRATION,2.684096,OK
12554729,VIBRATION,2.602861,OK
12555979,VIBRATION,2.155076,OK
12557229,VIBRATION,2.449671,OK
12558479,VIBRATION,2.31719,OK
12559729,VIBRATION,1.951115,OK
12560000,PRESSURE,100.8181,OK
12560000,TEMPERATURE,22.09817,OK
12560979,VIBRATION,1.907875,OK
12562229,VIBRATION,1.797081,OK
12563479,VIBRATION,1.470429,OK
12564729,VIBRATION,1.00386,OK
12565979,VIBRATION,0.8237157,OK
12567229,VIBRATION,1.554268,OK
12568479,VIBRATION,2.024798,OK
12569729,VIBRATION,2.020997,OK
12570000,PRESSURE,100.9443,OK
12570000,TEMPERATURE,22.03264,OK
12570979,VIBRATION,2.30505,OK
12572229,VIBRATION,2.49783,OK
12573479,VIBRATION,2.359032,OK
12574729,VIBRATION,2.541909,OK
12575979,VIBRATION,2.571142,OK
12577229,VIBRATION,2.629879,OK
12578479,VIBRATION,0,COMM_ERROR
12579729,VIBRATION,1.926468,OK
12580000,PRESSURE,101.0265,OK
12580000,TEMPERATURE,22.09072,OK
12580979,VIBRATION,1.534945,OK
12582229,VIBRATION,1.411374,OK
12583479,VIBRATION,1.274455,OK
12584729,VIBRATION,0.9361882,OK
12585979,VIBRATION,0.4472094,OK
12587229,VIBRATION,0.6662194,OK
12588479,VIBRATION,1.014787,OK
12589729,VIBRATION,0.8503356,OK
12590000,PRESSURE,101.042,OK
12590000,TEMPERATURE,21.89284,OK
12590979,VIBRATION,0.7869652,OK
12592229,VIBRATION,0.6710494,OK
12593479,VIBRATION,0.6435198,OK
12594729,VIBRATION,0.203845,OK
12595979,VIBRATION,0.3984625,OK
12597229,VIBRATION,0.6816652,OK
12598479,VIBRATION,0.9146858,OK
12599729,VIBRATION,0.7115077,OK
12600000,PRESSURE,101.0311,OK
12600000,TEMPERATURE,21.89506,OK
12600979,VIBRATION,0.7866456,OK
12602229,VIBRATION,1.267929,OK
12603479,VIBRATION,1.122932,OK
12604729,VIBRATION,1.611959,OK
12605979,VIBRATION,1.586829,OK
12607229,VIBRATION,0.966645,OK
12608479,VIBRATION,0.537359,OK
12609729,VIBRATION,0.4856162,OK
12610000,PRESSURE,101.0364,OK
12610000,TEMPERATURE,21.83936,OK
12610979,VIBRATION,0.4196228,OK
12612229,VIBRATION,0.5436025,OK
12613479,VIBRATION,0.3132971,OK
12614729,VIBRATION,0.02649322,OK
12615979,VIBRATION,0.09134743,OK
12617229,VIBRATION,0.1849406,OK
12618479,VIBRATION,0.343473,OK
12619743,VIBRATION,0.8475657,OK
12620000,PRESSURE,101.0181,OK
12620000,TEMPERATURE,21.78345,OK
12620979,VIBRATION,0.7129265,OK
12622229,VIBRATION,1.277193,OK
12623479,VIBRATION,1.30216,OK
12624729,VIBRATION,1.755721,OK
12625979,VIBRATION,1.26389,OK
12627229,VIBRATION,1.486725,OK
12628479,VIBRATION,1.469355,OK
12629729,VIBRATION,1.689407,OK
12630000,PRESSURE,101.1132,OK
12630000,TEMPERATURE,21.86815,OK
12630979,VIBRATION,1.862361,OK
12632229,VIBRATION,1.947378,OK
12633479,VIBRATION,1.736371,OK
12634729,VIBRATION,1.787916,OK
12635979,VIBRATION,1.89156,OK
12637229,VIBRATION,1.954111,OK
12638479,VIBRATION,1.6611,OK
12639729,VIBRATION,1.824176,OK
12640000,PRESSURE,101.1025,OK
12640000,TEMPERATURE,21.98357,OK
12640979,VIBRATION,2.10394,OK
12642229,VIBRATION,1.955777,OK
12643479,VIBRATION,1.560272,OK
12644729,VIBRATION,1.360629,OK
12645979,VIBRATION,0.9567574,OK
12647229,VIBRATION,1.029427,OK
12648479,VIBRATION,1.000267,OK
12649729,VIBRATION,0.9451872,OK
12650000,PRESSURE,101.0875,OK
12650000,TEMPERATURE,22.07412,OK
12650979,VIBRATION,0.6719825,OK
12652229,VIBRATION,1.000212,OK
12653479,VIBRATION,1.495195,OK
12654729,VIBRATION,1.430596,OK
12655979,VIBRATION,1.639343,OK
12657229,VIBRATION,1.109411,OK
12658479,VIBRATION,0.6393863,OK
12659729,VIBRATION,0.2349329,OK
12660000,PRESSURE,101.0524,OK
12660000,TEMPERATURE,22.03391,OK
12660979,VIBRATION,0.08730762,OK
12662229,VIBRATION,0.796356,OK
12663479,VIBRATION,0.7449866,OK
12664729,VIBRATION,0.5202063,OK
12665979,VIBRATION,-0.3490688,OK
12667229,VIBRATION,-0.3265766,OK
12668479,VIBRATION,-0.2724351,OK
12669729,VIBRATION,-0.01319102,OK
12670000,PRESSURE,100.9802,OK
12670000,TEMPERATURE,21.98995,OK
12670979,VIBRATION,0.04919459,OK
12672229,VIBRATION,-0.3268913,OK
12673479,VIBRATION,-0.3878061,OK
12674729,VIBRATION,-0.3542335,OK
12675979,VIBRATION,-0.3413273,OK
12677229,VIBRATION,0.4626128,OK
12678480,VIBRATION,0.8903529,OK
12679729,VIBRATION,0.6118357,OK
12680000,PRESSURE,100.98,OK
12680000,TEMPERATURE,22.09303,OK
12680979,VIBRATION,0.9381412,OK
12682229,VIBRATION,0.3886204,OK
12683479,VIBRATION,0.07889818,OK
12684729,VIBRATION,-0.09193413,OK
12685979,VIBRATION,-0.1697524,OK
12687229,VIBRATION,-0.101184,OK
12688479,VIBRATION,-0.6842547,OK
12689729,VIBRATION,-0.1515974,OK
12690000,PRESSURE,100.9004,OK
12690000,TEMPERATURE,22.23714,OK
12690979,VIBRATION,-0.6496011,OK
12692229,VIBRATION,-0.4652693,OK
12693479,VIBRATION,-0.6579086,OK
12694729,VIBRATION,-0.6259895,OK
12695979,VIBRATION,-0.397824,OK
12697229,VIBRATION,-0.8384774,OK
12698479,VIBRATION,-0.7086493,OK
12699729,VIBRATION,-0.5325992,OK
12700000,PRESSURE,100.9311,OK
12700000,TEMPERATURE,22.36238,OK
12700979,VIBRATION,-0.6113265,OK
12702229,VIBRATION,-0.7804385,OK
12703479,VIBRATION,-0.5248789,OK
12704729,VIBRATION,-0.9774942,OK
12705979,VIBRATION,-1.039024,OK
12707229,VIBRATION,-0.8300008,OK
12708479,VIBRATION,-0.9790549,OK
12709729,VIBRATION,-0.3065346,OK
12710000,PRESSURE,100.9172,OK
12710000,TEMPERATURE,22.39404,OK
12710979,VIBRATION,-0.05316864,OK
12712229,VIBRATION,-0.0185014,OK
12713479,VIBRATION,-0.2568415,OK
12714729,VIBRATION,0.3381899,OK
12715979,VIBRATION,0.5008917,OK
12717229,VIBRATION,-0.0422063,OK
12718479,VIBRATION,-0.05076297,OK
12719729,VIBRATION,0.4277436,OK
12720000,PRESSURE,100.9094,OK
12720000,TEMPERATURE,22.39997,OK
12720979,VIBRATION,0.3844607,OK
12722229,VIBRATION,0.1129097,OK
12723479,VIBRATION,0.6994394,OK
12724729,VIBRATION,0.4750823,OK
12725979,VIBRATION,0.2296934,OK
12727229,VIBRATION,0.6681816,OK
12728479,VIBRATION,0.8884174,OK
12729729,VIBRATION,1.53383,OK
12730000,PRESSURE,100.816,OK
12730000,TEMPERATURE,22.45237,OK
12730979,VIBRATION,1.174126,OK
12732229,VIBRATION,1.118369,OK
12733479,VIBRATION,0.4569355,OK
12734729,VIBRATION,0.01502365,OK
12735979,VIBRATION,0.08116499,OK
12737229,VIBRATION,-0.1366394,OK
12738479,VIBRATION,-0.4850949,OK
12739729,VIBRATION,-0.2496882,OK
12740000,PRESSURE,100.7844,OK
12740000,TEMPERATURE,22.68038,OK
12740979,VIBRATION,-0.1007956,OK
12742229,VIBRATION,-0.3063684,OK
12743479,VIBRATION,-0.4676564,OK
12744729,VIBRATION,-0.475773,OK
12745979,VIBRATION,-0.7785062,OK
12747229,VIBRATION,-0.3612235,OK
12748479,VIBRATION,-0.7191277,OK
12749729,VIBRATION,-0.6131288,OK
12750000,PRESSURE,100.8526,OK
12750000,TEMPERATURE,22.66055,OK
12750979,VIBRATION,-1.482209,OK
12752229,VIBRATION,-0.911029,OK
12753479,VIBRATION,-0.6392267,OK
12754729,VIBRATION,-0.7508095,OK
12755980,VIBRATION,-0.8208706,OK
12757229,VIBRATION,-1.124372,OK
12758479,VIBRATION,-1.335205,OK
12759729,VIBRATION,-0.592744,OK
12760000,PRESSURE,100.8591,OK
12760000,TEMPERATURE,22.77191,OK
12760979,VIBRATION,-0.03223361,OK
12762229,VIBRATION,0.2399221,OK
12763479,VIBRATION,0.4927118,OK
12764729,VIBRATION,0.7478543,OK
12765979,VIBRATION,0.7691876,OK
12767229,VIBRATION,0.5945557,OK
12768479,VIBRATION,1.122937,OK
12769729,VIBRATION,0.7000053,OK
12770000,PRESSURE,100.9458,OK
12770000,TEMPERATURE,22.87253,OK
12770979,VIBRATION,0.3135728,OK
12772229,VIBRATION,-0.6643384,OK
12773479,VIBRATION,-0.4659556,OK
12774729,VIBRATION,-0.8363723,OK
12775979,VIBRATION,-0.6994904,OK
12777229,VIBRATION,-0.9326523,OK
12778479,VIBRATION,-1.328927,OK
12779730,VIBRATION,-1.730923,OK
12780000,PRESSURE,100.9514,OK
12780000,TEMPERATURE,22.91435,OK
12780979,VIBRATION,-1.424592,OK
12782229,VIBRATION,-1.345371,OK
12783479,VIBRATION,-0.7798867,OK
12784729,VIBRATION,-0.9364164,OK
12785979,VIBRATION,-0.8700391,OK
12787229,VIBRATION,-1.141333,OK
12788479,VIBRATION,-0.7986267,OK
12789729,VIBRATION,-0.5844995,OK
12790000,PRESSURE,101.0286,OK
12790000,TEMPERATURE,22.75957,OK
12790979,VIBRATION,-1.199267,OK
12792229,VIBRATION,-0.9039742,OK
12793479,VIBRATION,-0.8308207,OK
12794729,VIBRATION,-1.31626,OK
12795979,VIBRATION,-1.474323,OK
12797229,VIBRATION,-1.247085,OK
12798479,VIBRATION,-1.381478,OK
12799729,VIBRATION,-0.9597015,OK
12800000,PRESSURE,101.0612,OK
12800000,TEMPERATURE,22.6891,OK
12800979,VIBRATION,-0.5736213,OK
12802229,VIBRATION,-0.5792509,OK
12803479,VIBRATION,-0.4001851,OK
12804729,VIBRATION,-0.05763516,OK
12805979,VIBRATION,0.1328297,OK
12807229,VIBRATION,0.1949756,OK
12808479,VIBRATION,0.129337,OK
12809729,VIBRATION,0.1716495,OK
12810000,PRESSURE,101.0019,OK
12810000,TEMPERATURE,22.74433,OK
12810979,VIBRATION,-0.3879857,OK
12812229,VIBRATION,-0.1125537,OK
12813479,VIBRATION,-0.1121572,OK
12814729,VIBRATION,0.2825878,OK
12815979,VIBRATION,0.2130864,OK
12817229,VIBRATION,-0.2801086,OK
12818479,VIBRATION,-0.1874766,OK
12819729,VIBRATION,-0.2142658,OK
12820000,PRESSURE,101.059,OK
12820000,TEMPERATURE,22.72363,OK
12820979,VIBRATION,0.006053993,OK
12822229,VIBRATION,0.4617267,OK
12823479,VIBRATION,1.275443,OK
12824729,VIBRATION,1.149674,OK
12825979,VIBRATION,1.164564,OK
12827229,VIBRATION,1.336184,OK
12828479,VIBRATION,1.702633,OK
12829768,VIBRATION,1.261436,OK
12830000,PRESSURE,101.1098,OK
12830000,TEMPERATURE,22.7498,OK
12830979,VIBRATION,1.512182,OK
12832229,VIBRATION,1.432006,OK
12833479,VIBRATION,0.9713919,OK
12834729,VIBRATION,0.6881126,OK
12835979,VIBRATION,0.5693649,OK
12837229,VIBRATION,0.4457765,OK
12838479,VIBRATION,0.5064241,OK
12839743,VIBRATION,0.5115809,OK
12840000,PRESSURE,101.1075,OK
12840000,TEMPERATURE,22.71831,OK
12840979,VIBRATION,0.6177609,OK
12842229,VIBRATION,0.7301979,OK
12843485,VIBRATION,1.034385,OK
12844729,VIBRATION,1.2404,OK
12845979,VIBRATION,1.683029,OK
12847229,VIBRATION,1.361261,OK
12848479,VIBRATION,2.055831,OK
12849729,VIBRATION,2.197248,OK
12850000,PRESSURE,101.141,OK
12850000,TEMPERATURE,22.52351,OK
12850979,VIBRATION,1.960947,OK
12852229,VIBRATION,1.796136,OK
12853479,VIBRATION,1.93905,OK
12854729,VIBRATION,1.334797,OK
12855979,VIBRATION,1.12578,OK
12857229,VIBRATION,1.019999,OK
12858479,VIBRATION,0.9428276,OK
12859729,VIBRATION,1.37864,OK
12860000,PRESSURE,101.101,OK
12860000,TEMPERATURE,22.37054,OK
12860979,VIBRATION,1.357699,OK
12862231,VIBRATION,1.139883,OK
12863479,VIBRATION,0.8875457,OK
12864729,VIBRATION,0.2059174,OK
12865979,VIBRATION,-0.5232384,OK
12867229,VIBRATION,-0.189959,OK
12868479,VIBRATION,-0.4330867,OK
12869729,VIBRATION,-0.04727883,OK
12870000,PRESSURE,101.1095,OK
12870000,TEMPERATURE,22.14045,OK
12870979,VIBRATION,0.1300263,OK
12872229,VIBRATION,0.0580196,OK
12873479,VIBRATION,-0.8452684,OK
12874729,VIBRATION,-1.105051,OK
12875979,VIBRATION,-0.7716885,OK
12877229,VIBRATION,-0.7339692,OK
12878479,VIBRATION,-0.8870016,OK
12879729,VIBRATION,-0.8754252,OK
12880000,PRESSURE,101.0878,OK
12880000,TEMPERATURE,22.13062,OK
12880979,VIBRATION,-0.8046302,OK
12882229,VIBRATION,-1.040594,OK
12883479,VIBRATION,-0.6943083,OK
12884729,VIBRATION,-0.6742968,OK
12885979,VIBRATION,-0.4371068,OK
12887229,VIBRATION,-0.2130114,OK
12888507,VIBRATION,-0.2711731,OK
12889729,VIBRATION,-0.04537978,OK
12890000,PRESSURE,101.0692,OK
12890000,TEMPERATURE,22.11065,OK
12890979,VIBRATION,-0.3619891,OK
12892229,VIBRATION,-0.342063,OK
12893479,VIBRATION,0.003716439,OK
12894729,VIBRATION,-0.1634208,OK
12895979,VIBRATION,-0.4912915,OK
12897229,VIBRATION,-0.20827,OK
12898479,VIBRATION,-0.8317561,OK
12899729,VIBRATION,-0.8106035,OK
12900000,PRESSURE,101.0861,OK
12900000,TEMPERATURE,22.20309,OK
12900979,VIBRATION,-0.4969001,OK
12902229,VIBRATION,-0.7496198,OK
12903479,VIBRATION,-0.686723,OK
12904729,VIBRATION,-0.9040992,OK
12905979,VIBRATION,-0.8437686,OK
12907229,VIBRATION,-0.5155215,OK
12908479,VIBRATION,-0.2990053,OK
12909729,VIBRATION,-1.155741,OK
12910011,PRESSURE,101.1103,OK
12910011,TEMPERATURE,22.21796,OK
12910979,VIBRATION,-0.8581162,OK
12912229,VIBRATION,-0.3778883,OK
12913479,VIBRATION,-0.008873032,OK
12914729,VIBRATION,0.07541377,OK
12915979,VIBRATION,0.4574061,OK
12917229,VIBRATION,0.4442365,OK
12918558,VIBRATION,0.5579969,OK
12919729,VIBRATION,0.3390345,OK
12920000,PRESSURE,101.1152,OK
12920000,TEMPERATURE,22.1719,OK
12920979,VIBRATION,0.1011283,OK
12922229,VIBRATION,0.08122181,OK
12923479,VIBRATION,0.4100079,OK
12924729,VIBRATION,0.11333,OK
12925979,VIBRATION,0.2335247,OK
12927229,VIBRATION,0.002219566,OK
12928479,VIBRATION,0.2712843,OK
12929729,VIBRATION,0.1008157,OK
12930000,PRESSURE,101.1298,OK
12930000,TEMPERATURE,22.19475,OK
12930979,VIBRATION,0.0108623,OK
12932229,VIBRATION,-0.3723509,OK
12933479,VIBRATION,-0.620394,OK
12934729,VIBRATION,-0.8301364,OK
12935979,VIBRATION,-0.672871,OK
12937229,VIBRATION,-0.4739865,OK
12938479,VIBRATION,-0.349194,OK
12939729,VIBRATION,-0.7259867,OK
12940000,PRESSURE,101.0399,OK
12940000,TEMPERATURE,22.21804,OK
12940979,VIBRATION,-0.7801098,OK
12942229,VIBRATION,-0.8713698,OK
12943479,VIBRATION,-1.050739,OK
12944729,VIBRATION,-0.7399685,OK
12945979,VIBRATION,-0.7756923,OK
12947229,VIBRATION,-0.6962568,OK
12948479,VIBRATION,-0.8440304,OK
12949729,VIBRATION,-0.6605422,OK
12950000,PRESSURE,100.9934,OK
12950000,TEMPERATURE,22.21302,OK
12950979,VIBRATION,-0.9002159,OK
12952229,VIBRATION,-1.157217,OK
12953479,VIBRATION,-1.498811,OK
12954729,VIBRATION,-1.221719,OK
12955979,VIBRATION,-1.623698,OK
12957229,VIBRATION,-1.475852,OK
12958479,VIBRATION,-1.305347,OK
12959729,VIBRATION,-0.8799563,OK
12960000,PRESSURE,101.0544,OK
12960000,TEMPERATURE,22.26002,OK
12960979,VIBRATION,-0.8947606,OK
12962229,VIBRATION,-0.7174757,OK
12963479,VIBRATION,-0.4980541,OK
12964729,VIBRATION,0.003761899,OK
12965979,VIBRATION,0.03085381,OK
12967229,VIBRATION,0.05565564,OK
12968479,VIBRATION,0.1164316,OK
12969729,VIBRATION,-0.1590522,OK
12970000,PRESSURE,101.082,OK
12970000,TEMPERATURE,22.12234,OK
12970979,VIBRATION,0.2110727,OK
12972229,VIBRATION,0.2996926,OK
12973479,VIBRATION,0.3715335,OK
12974729,VIBRATION,0.6285798,OK
12975979,VIBRATION,0.5069964,OK
12977229,VIBRATION,0.5281936,OK
12978479,VIBRATION,0.4146378,OK
12979729,VIBRATION,0.6127578,OK
12980000,PRESSURE,101.1207,OK
12980000,TEMPERATURE,21.94984,OK
12980979,VIBRATION,0.9969003,OK
12982229,VIBRATION,1.494006,OK
12983479,VIBRATION,1.620832,OK
12984729,VIBRATION,1.470036,OK
12985979,VIBRATION,1.705286,OK
12987229,VIBRATION,1.452721,OK
12988479,VIBRATION,1.39302,OK
12989729,VIBRATION,1.651892,OK
12990000,PRESSURE,101.1339,OK
12990000,TEMPERATURE,21.9692,OK
12990979,VIBRATION,1.69915,OK
12992328,VIBRATION,0.9271423,OK
12993515,VIBRATION,1.334783,OK
12994729,VIBRATION,1.047606,OK
12995979,VIBRATION,0.9000392,OK
12997229,VIBRATION,1.121298,OK
12998479,VIBRATION,0.6460091,OK
12999729,VIBRATION,0.7797855,OK
13000000,PRESSURE,101.0951,OK
13000000,TEMPERATURE,22.03868,OK
13000000,HUMIDITY,44.2473,OK
13000979,VIBRATION,0.8531346,OK
13002229,VIBRATION,0.5447854,OK
13003479,VIBRATION,0.5541737,OK
13004729,VIBRATION,0.656872,OK
13005979,VIBRATION,0.12841,OK
13007229,VIBRATION,0.2136616,OK
13008479,VIBRATION,0.2839483,OK
13009729,VIBRATION,0.3053293,OK
13010000,PRESSURE,101.1581,OK
13010000,TEMPERATURE,22.00195,OK
13010979,VIBRATION,0.2210177,OK
13012229,VIBRATION,0.3416794,OK
13013479,VIBRATION,0.5142068,OK
13014729,VIBRATION,0.5948565,OK
13015979,VIBRATION,0.5755379,OK
13017229,VIBRATION,0.233692,OK
13018485,VIBRATION,0.3175881,OK
13019729,VIBRATION,0.6282408,OK
13020000,PRESSURE,101.136,OK
13020000,TEMPERATURE,21.98847,OK
13020979,VIBRATION,0.5740575,OK
13022229,VIBRATION,0.5269514,OK
13023479,VIBRATION,0.336791,OK
13024729,VIBRATION,0.3098208,OK
13025989,VIBRATION,0.00410575,OK
13027229,VIBRATION,0.01591777,OK
13028479,VIBRATION,-0.07320273,OK
13029729,VIBRATION,0.1611084,OK
13030000,PRESSURE,101.1749,OK
13030000,TEMPERATURE,21.87981,OK
13030979,VIBRATION,0.391778,OK
13032245,VIBRATION,0.3706557,OK
13033479,VIBRATION,0.4519464,OK
13034729,VIBRATION,0.5447663,OK
13035979,VIBRATION,0.5989188,OK
13037229,VIBRATION,0.157325,OK
13038611,VIBRATION,-0.3158049,OK
13039846,VIBRATION,-0.4090457,OK
13040000,PRESSURE,101.2053,OK
13040000,TEMPERATURE,21.97293,OK
13040979,VIBRATION,-0.8367992,OK
13042229,VIBRATION,-0.2755797,OK
13043479,VIBRATION,0.02484215,OK
13044729,VIBRATION,-0.786448,OK
13045979,VIBRATION,-1.078078,OK
13047229,VIBRATION,-1.085786,OK
13048479,VIBRATION,-0.6481323,OK
13049729,VIBRATION,-0.5982338,OK
13050000,PRESSURE,101.1806,OK
13050000,TEMPERATURE,21.80655,OK
13050979,VIBRATION,-0.5959734,OK
13052229,VIBRATION,0.0890653,OK
13053480,VIBRATION,-0.1454342,OK
13054729,VIBRATION,0.09360697,OK
13055979,VIBRATION,-0.2765189,OK
13057229,VIBRATION,0.05035656,OK
13058479,VIBRATION,0.7746633,OK
13059805,VIBRATION,0.7193003,OK
13060000,PRESSURE,101.1469,OK
13060000,TEMPERATURE,22.05085,OK
13060979,VIBRATION,0.8398566,OK
13062229,VIBRATION,0.7768751,OK
13063479,VIBRATION,1.082109,OK
13064729,VIBRATION,0.4790778,OK
13065979,VIBRATION,0.892641,OK
13067229,VIBRATION,0.7811794,OK
13068479,VIBRATION,0.2428666,OK
13069729,VIBRATION,0.436844,OK
13070000,PRESSURE,101.1903,OK
13070000,TEMPERATURE,22.15258,OK
13070979,VIBRATION,0.1974005,OK
13072229,VIBRATION,0.2002382,OK
13073480,VIBRATION,0.3881619,OK
13074729,VIBRATION,0.2697199,OK
13075979,VIBRATION,0.1965134,OK
13077229,VIBRATION,0.2045937,OK
13078479,VIBRATION,0.2672517,OK
13079729,VIBRATION,-0.3423637,OK
13080000,PRESSURE,101.2574,OK
13080000,TEMPERATURE,22.14626,OK
13080979,VIBRATION,-0.5756543,OK
13082229,VIBRATION,-0.6616236,OK
13083479,VIBRATION,-0.3797751,OK
13084729,VIBRATION,-0.06236617,OK
13085979,VIBRATION,0.1395112,OK
13087229,VIBRATION,0.08726286,OK
13088479,VIBRATION,0.1618534,OK
13089729,VIBRATION,0.1953625,OK
13090000,PRESSURE,101.2924,OK
13090000,TEMPERATURE,22.34948,OK
13090979,VIBRATION,-0.3633205,OK
13092229,VIBRATION,-0.2968469,OK
13093479,VIBRATION,-0.2363359,OK
13094729,VIBRATION,-0.5794259,OK
13096004,VIBRATION,0.1235634,OK
13097229,VIBRATION,0.130479,OK
13098479,VIBRATION,-0.1390524,OK
13099729,VIBRATION,-0.07335595,OK
13100000,PRESSURE,101.3197,OK
13100000,TEMPERATURE,22.11304,OK
13100979,VIBRATION,0.4674295,OK
13102263,VIBRATION,0.5308687,OK
13103479,VIBRATION,0.7461366,OK
13104729,VIBRATION,0.6102601,OK
13105979,VIBRATION,0.8548121,OK
13107229,VIBRATION,1.115787,OK
13108479,VIBRATION,1.031346,OK
13109729,VIBRATION,0.8446674,OK
13110000,PRESSURE,101.3,OK
13110000,TEMPERATURE,22.0039,OK
13110979,VIBRATION,1.001971,OK
13112229,VIBRATION,1.330032,OK
13113479,VIBRATION,1.616144,OK
13114729,VIBRATION,1.301809,OK
13116277,VIBRATION,1.380744,OK
13117229,VIBRATION,1.152202,OK
13118479,VIBRATION,1.16855,OK
13119729,VIBRATION,1.300795,OK
13120000,PRESSURE,101.326,OK
13120000,TEMPERATURE,22.12973,OK
13120979,VIBRATION,1.244485,OK
13122229,VIBRATION,1.318883,OK
13123480,VIBRATION,1.08926,OK
13124808,VIBRATION,0.7974578,OK
13125979,VIBRATION,1.263823,OK
13127229,VIBRATION,0.5691197,OK
13128479,VIBRATION,0.5355926,OK
13129729,VIBRATION,0.7365232,OK
13130000,PRESSURE,101.3314,OK
13130000,TEMPERATURE,22.10785,OK
13130979,VIBRATION,0.7069731,OK
13132229,VIBRATION,0.713426,OK
13133479,VIBRATION,0.2981095,OK
13134729,VIBRATION,0.5649937,OK
13135979,VIBRATION,0.8507072,OK
13137229,VIBRATION,1.063551,OK
13138479,VIBRATION,0.4821366,OK
13139729,VIBRATION,0.3975969,OK
13140000,PRESSURE,101.2993,OK
13140000,TEMPERATURE,22.15247,OK
13140979,VIBRATION,-0.01043524,OK
13142229,VIBRATION,-0.427328,OK
13143479,VIBRATION,-0.8183265,OK
13144729,VIBRATION,-0.4800042,OK
13145979,VIBRATION,-0.81772,OK
13147229,VIBRATION,-0.5936622,OK
13148479,VIBRATION,-0.7269245,OK
13149729,VIBRATION,-1.049757,OK
13150000,PRESSURE,101.373,OK
13150000,TEMPERATURE,22.07896,OK
13151048,VIBRATION,-0.8612194,OK
13152229,VIBRATION,-0.687138,OK
13153479,VIBRATION,-1.113001,OK
13154729,VIBRATION,-1.02049,OK
13155979,VIBRATION,-0.9824952,OK
13157229,VIBRATION,-0.3719318,OK
13158479,VIBRATION,-0.5408201,OK
13159729,VIBRATION,-0.4858497,OK
13160000,PRESSURE,101.3982,OK
13160000,TEMPERATURE,21.99434,OK
13160979,VIBRATION,-0.4802188,OK
13162229,VIBRATION,-0.5836862,OK
13163479,VIBRATION,-0.1206312,OK
13164729,VIBRATION,-0.1350358,OK
13165979,VIBRATION,-0.01211012,OK
13167229,VIBRATION,0.3525917,OK
13168479,VIBRATION,0.2346295,OK
13169729,VIBRATION,-0.1239862,OK
13170000,PRESSURE,101.3536,OK
13170000,TEMPERATURE,22.06999,OK
13170979,VIBRATION,0.1143327,OK
13172229,VIBRATION,0.3900338,OK
13173479,VIBRATION,0.3199237,OK
13174729,VIBRATION,0.5892349,OK
13175979,VIBRATION,0.7275718,OK
13177229,VIBRATION,1.369576,OK
13178479,VIBRATION,0.8283425,OK
13179730,VIBRATION,0.905841,OK
13180000,PRESSURE,101.2886,OK
13180000,TEMPERATURE,22.05596,OK
13180979,VIBRATION,0.8146803,OK
13182229,VIBRATION,0.6060711,OK
13183479,VIBRATION,0.9350539,OK
13184729,VIBRATION,1.69662,OK
13185979,VIBRATION,1.932884,OK
13187229,VIBRATION,1.946455,OK
13188479,VIBRATION,2.206654,OK
13189729,VIBRATION,2.501407,OK
13190000,PRESSURE,101.3029,OK
13190000,TEMPERATURE,22.11968,OK
13190979,VIBRATION,2.504704,OK
13192229,VIBRATION,2.581094,OK
13193479,VIBRATION,2.83856,OK
13194729,VIBRATION,2.660825,OK
13195979,VIBRATION,2.212964,OK
13197229,VIBRATION,1.899745,OK
13198493,VIBRATION,1.716414,OK
13199729,VIBRATION,1.244453,OK
13200000,PRESSURE,101.3303,OK
13200000,TEMPERATURE,22.22079,OK
13200979,VIBRATION,1.127205,OK
13202229,VIBRATION,1.135507,OK
13203479,VIBRATION,1.220646,OK
13204729,VIBRATION,1.402675,OK
13206049,VIBRATION,1.330986,OK
13207229,VIBRATION,1.163501,OK
13208479,VIBRATION,1.665189,OK
13209729,VIBRATION,1.029168,OK
13210000,PRESSURE,101.3791,OK
13210000,TEMPERATURE,22.10212,OK
13210979,VIBRATION,1.395793,OK
13212229,VIBRATION,1.742534,OK
13213479,VIBRATION,2.517234,OK
13214729,VIBRATION,2.306894,OK
13215979,VIBRATION,2.384119,OK
13217229,VIBRATION,2.366291,OK
13218479,VIBRATION,2.128683,OK
13219729,VIBRATION,2.289777,OK
13220000,PRESSURE,101.4394,OK
13220000,TEMPERATURE,22.16311,OK
13220979,VIBRATION,2.238349,OK
13222229,VIBRATION,2.12115,OK
13223538,VIBRATION,2.088084,OK
13224729,VIBRATION,2.03592,OK
13226194,VIBRATION,1.757449,OK
13227229,VIBRATION,1.392097,OK
13228479,VIBRATION,1.425575,OK
13229729,VIBRATION,1.087207,OK
13230000,PRESSURE,101.4446,OK
13230000,TEMPERATURE,22.06295,OK
13230979,VIBRATION,0.1287301,OK
13232229,VIBRATION,0.503241,OK
13233479,VIBRATION,1.04522,OK
13234729,VIBRATION,0.9377829,OK
13235979,VIBRATION,1.235133,OK
13237229,VIBRATION,1.895074,OK
13238479,VIBRATION,1.85191,OK
13239761,VIBRATION,1.650834,OK
13240044,PRESSURE,101.4261,OK
13240044,TEMPERATURE,21.91406,OK
13240979,VIBRATION,1.246474,OK
13242229,VIBRATION,1.133266,OK
13243479,VIBRATION,0.7616194,OK
13244729,VIBRATION,0.7012277,OK
13245979,VIBRATION,1.171748,OK
13247310,VIBRATION,1.340664,OK
13248479,VIBRATION,1.056507,OK
13249729,VIBRATION,1.264705,OK
13250000,PRESSURE,101.4646,OK
13250000,TEMPERATURE,21.75406,OK
13250979,VIBRATION,1.147404,OK
13252229,VIBRATION,1.41786,OK
13253479,VIBRATION,1.320437,OK
13254729,VIBRATION,1.499087,OK
13255983,VIBRATION,1.836201,OK
13257229,VIBRATION,1.433369,OK
13258479,VIBRATION,1.323231,OK
13259729,VIBRATION,1.038616,OK
13260000,PRESSURE,101.4545,OK
13260000,TEMPERATURE,21.91483,OK
13260979,VIBRATION,0.9130312,OK
13262229,VIBRATION,0.7776704,OK
13263479,VIBRATION,0.4919996,OK
13264729,VIBRATION,0.1000066,OK
13265979,VIBRATION,0.003093983,OK
13267229,VIBRATION,-0.1021084,OK
13268479,VIBRATION,-0.03689043,OK
13269729,VIBRATION,0.09253204,OK
13270000,PRESSURE,101.5108,OK
13270000,TEMPERATURE,22.05874,OK
13270979,VIBRATION,-0.01323239,OK
13272229,VIBRATION,0.5286751,OK
13273479,VIBRATION,0.3794444,OK
13274758,VIBRATION,-0.0432038,OK
13275979,VIBRATION,-0.1146239,OK
13277229,VIBRATION,0.5217303,OK
13278479,VIBRATION,0.7980307,OK
13279729,VIBRATION,1.104131,OK
13280000,PRESSURE,101.471,OK
13280000,TEMPERATURE,22.24858,OK
13280979,VIBRATION,1.084709,OK
13282229,VIBRATION,1.283915,OK
13283479,VIBRATION,1.208919,OK
13284729,VIBRATION,0.6883635,OK
13285979,VIBRATION,0.7332336,OK
13287229,VIBRATION,0.8768239,OK
13288479,VIBRATION,1.115511,OK
13289729,VIBRATION,1.533452,OK
13290000,PRESSURE,101.5157,OK
13290000,TEMPERATURE,22.2932,OK
13290979,VIBRATION,1.493007,OK
13292229,VIBRATION,1.638369,OK
13293479,VIBRATION,1.570669,OK
13294729,VIBRATION,1.487406,OK
13295979,VIBRATION,1.684934,OK
13297229,VIBRATION,1.612097,OK
13298479,VIBRATION,1.583576,OK
13299729,VIBRATION,1.409747,OK
13300000,PRESSURE,101.455,OK
13300000,TEMPERATURE,22.35763,OK
13300979,VIBRATION,1.138635,OK
13302229,VIBRATION,1.263025,OK
13303479,VIBRATION,1.229894,OK
13304729,VIBRATION,1.312821,OK
13306028,VIBRATION,1.290628,OK
13307229,VIBRATION,1.701895,OK
13308479,VIBRATION,1.691409,OK
13309729,VIBRATION,1.954442,OK
13310000,PRESSURE,101.4514,OK
13310000,TEMPERATURE,22.40559,OK
13310979,VIBRATION,1.735628,OK
13312229,VIBRATION,1.80543,OK
13313479,VIBRATION,2.072108,OK
13314729,VIBRATION,1.620215,OK
13315979,VIBRATION,1.463979,OK
13317229,VIBRATION,1.432313,OK
13318479,VIBRATION,1.538615,OK
13319729,VIBRATION,1.63604,OK
13320000,PRESSURE,101.398,OK
13320000,TEMPERATURE,22.31533,OK
13320979,VIBRATION,1.557408,OK
13322373,VIBRATION,1.331319,OK
13323479,VIBRATION,1.421835,OK
13324729,VIBRATION,1.246307,OK
13325979,VIBRATION,1.110846,OK
13327229,VIBRATION,1.073057,OK
13328479,VIBRATION,0.7674648,OK
13329729,VIBRATION,0.5678227,OK
13330000,PRESSURE,101.34,OK
13330000,TEMPERATURE,22.39673,OK
13330979,VIBRATION,0.7165134,OK
13332229,VIBRATION,0.4731081,OK
13333479,VIBRATION,0.03270769,OK
13334729,VIBRATION,0.109786,OK
13335979,VIBRATION,-0.3385309,OK
13337229,VIBRATION,0.08710368,OK
13338479,VIBRATION,0.1731761,OK
13339729,VIBRATION,0.03768571,OK
13340000,PRESSURE,101.3803,OK
13340000,TEMPERATURE,22.28706,OK
13340979,VIBRATION,0.1103292,OK
13342229,VIBRATION,-0.05795268,OK
13343489,VIBRATION,-0.2503154,OK
13344729,VIBRATION,0.1607953,OK
13345979,VIBRATION,0.2915485,OK
13347229,VIBRATION,0.1674696,OK
13348479,VIBRATION,0.06689911,OK
13349729,VIBRATION,-0.3896464,OK
13350000,PRESSURE,101.3461,OK
13350000,TEMPERATURE,22.43363,OK
13350979,VIBRATION,-0.1254009,OK
13352229,VIBRATION,0.06448342,OK
13353479,VIBRATION,0.2210437,OK
13354729,VIBRATION,0.5811053,OK
13355979,VIBRATION,0.2574392,OK
13357229,VIBRATION,0.00396166,OK
13358479,VIBRATION,-0.1902895,OK
13359729,VIBRATION,-0.2847938,OK
13360000,PRESSURE,101.4184,OK
13360000,TEMPERATURE,22.42316,OK
13360979,VIBRATION,0.02283331,OK
13362229,VIBRATION,0.368023,OK
13363479,VIBRATION,0.4087423,OK
13364729,VIBRATION,0.2932513,OK
13365979,VIBRATION,0.2836898,OK
13367229,VIBRATION,0.0545193,OK
13368479,VIBRATION,-0.2178711,OK
13369729,VIBRATION,0.03676126,OK
13370000,PRESSURE,101.32,OK
13370000,TEMPERATURE,22.38614,OK
13370980,VIBRATION,-0.1514608,OK
13372275,VIBRATION,-0.2659082,OK
13373479,VIBRATION,-0.2324127,OK
13374729,VIBRATION,0.200608,OK
13375979,VIBRATION,0.08443288,OK
13377328,VIBRATION,0.003147635,OK
13378479,VIBRATION,0.07057485,OK
13379729,VIBRATION,-0.4172946,OK
13380000,PRESSURE,101.2822,OK
13380000,TEMPERATURE,22.37234,OK
13380979,VIBRATION,-0.3623904,OK
13382229,VIBRATION,-0.2838231,OK
13383479,VIBRATION,-0.09646757,OK
13384729,VIBRATION,0.0448421,OK
13385979,VIBRATION,0.2844173,OK
13387229,VIBRATION,-0.3988061,OK
13388479,VIBRATION,-0.1035229,OK
13389729,VIBRATION,-0.208238,OK
13390000,PRESSURE,101.2737,OK
13390000,TEMPERATURE,22.40666,OK
13390980,VIBRATION,-0.1199221,OK
13392229,VIBRATION,-0.4405473,OK
13393480,VIBRATION,-0.9693878,OK
13394729,VIBRATION,-1.474639,OK
13395979,VIBRATION,-1.500179,OK
13397229,VIBRATION,-1.775543,OK
13398604,VIBRATION,-2.125064,OK
13399729,VIBRATION,-2.2521,OK
13400000,PRESSURE,101.289,OK
13400000,TEMPERATURE,22.42486,OK
13400979,VIBRATION,-2.141674,OK
13402229,VIBRATION,-2.193107,OK
13403479,VIBRATION,-1.674254,OK
13404729,VIBRATION,-1.608468,OK
13405979,VIBRATION,-1.380221,OK
13407229,VIBRATION,-1.381287,OK
13408479,VIBRATION,-1.268951,OK
13409729,VIBRATION,-0.8465266,OK
13410000,PRESSURE,101.3623,OK
13410000,TEMPERATURE,22.27149,OK
13410979,VIBRATION,-0.6665033,OK
13412229,VIBRATION,-0.2763597,OK
13413479,VIBRATION,-0.4479102,OK
13414729,VIBRATION,-1.038844,OK
13415979,VIBRATION,-1.242013,OK
13417229,VIBRATION,-1.090497,OK
13418479,VIBRATION,-0.9638079,OK
13419729,VIBRATION,-0.7778551,OK
13420000,PRESSURE,101.3799,OK
13420000,TEMPERATURE,22.18063,OK
13420979,VIBRATION,-0.7977787,OK
13422229,VIBRATION,-0.2288667,OK
13423479,VIBRATION,-0.5516503,OK
13424729,VIBRATION,-0.9330617,OK
13425979,VIBRATION,-0.6222173,OK
13427229,VIBRATION,-0.2519007,OK
13428479,VIBRATION,-0.07602042,OK
13429729,VIBRATION,-0.05822352,OK
13430043,PRESSURE,101.4258,OK
13430043,TEMPERATURE,22.18486,OK
13430979,VIBRATION,0.1072361,OK
13432229,VIBRATION,-0.1178848,OK
13433479,VIBRATION,-0.2303387,OK
13434729,VIBRATION,0.4708694,OK
13435979,VIBRATION,-0.05549381,OK
13437229,VIBRATION,-0.1827481,OK
13438479,VIBRATION,-0.2427391,OK
13439729,VIBRATION,-0.06680792,OK
13440000,PRESSURE,101.3862,OK
13440000,TEMPERATURE,22.22407,OK
13440979,VIBRATION,-0.5222675,OK
13442229,VIBRATION,-0.3720188,OK
13443479,VIBRATION,-0.5747673,OK
13444729,VIBRATION,-0.2921643,OK
13445979,VIBRATION,-0.2941357,OK
13447229,VIBRATION,-0.6110459,OK
13448479,VIBRATION,-1.153171,OK
13449729,VIBRATION,-1.294481,OK
13450000,PRESSURE,101.4346,OK
13450000,TEMPERATURE,22.10948,OK
13450979,VIBRATION,-1.584154,OK
13452229,VIBRATION,-1.679201,OK
13453504,VIBRATION,-1.473877,OK
13454729,VIBRATION,-1.626936,OK
13455979,VIBRATION,-1.487984,OK
13457229,VIBRATION,-1.841982,OK
13458479,VIBRATION,-2.493601,OK
13459729,VIBRATION,-2.274905,OK
13460000,PRESSURE,101.4182,OK
13460000,TEMPERATURE,22.08088,OK
13460979,VIBRATION,-1.70155,OK
13462229,VIBRATION,-1.523078,OK
13463479,VIBRATION,-1.337862,OK
13464729,VIBRATION,-1.468912,OK
13465979,VIBRATION,-1.672119,OK
13467229,VIBRATION,-0.8702505,OK
13468479,VIBRATION,-0.7435633,OK
13469729,VIBRATION,-0.1537893,OK
13470000,PRESSURE,101.3962,OK
13470000,TEMPERATURE,22.19873,OK
13470979,VIBRATION,-0.3277151,OK
13472229,VIBRATION,-0.528797,OK
13473479,VIBRATION,0.005932529,OK
13474729,VIBRATION,0.395606,OK
13475979,VIBRATION,0.6437874,OK
13477229,VIBRATION,0.3582431,OK
13478479,VIBRATION,0.8729548,OK
13479729,VIBRATION,0.7878463,OK
13480000,PRESSURE,101.4096,OK
13480000,TEMPERATURE,22.28594,OK
13480979,VIBRATION,0.925253,OK
13482229,VIBRATION,1.213427,OK
13483479,VIBRATION,0.9173669,OK
13484729,VIBRATION,0.9685774,OK
13485979,VIBRATION,0.9078142,OK
13487229,VIBRATION,0.8067817,OK
13488479,VIBRATION,0.5281468,OK
13489729,VIBRATION,0.1178161,OK
13490000,PRESSURE,101.3625,OK
13490000,TEMPERATURE,22.39857,OK
13490979,VIBRATION,0.3449761,OK
13492229,VIBRATION,0.5390816,OK
13493479,VIBRATION,0.342304,OK
13494729,VIBRATION,0.09338467,OK
13495979,VIBRATION,0.1967628,OK
13497229,VIBRATION,0.2831548,OK
13498479,VIBRATION,0.07927682,OK
13499729,VIBRATION,-0.2530503,OK
13500000,PRESSURE,101.4632,OK
13500000,TEMPERATURE,22.47861,OK
13500979,VIBRATION,-0.4133384,OK
13502229,VIBRATION,-0.1791482,OK
13503479,VIBRATION,-0.5558347,OK
13504729,VIBRATION,-0.4965706,OK
13505979,VIBRATION,-0.7323964,OK
13507229,VIBRATION,-0.6016825,OK
13508479,VIBRATION,-0.3593642,OK
13509729,VIBRATION,-0.5192966,OK
13510000,PRESSURE,101.4673,OK
13510000,TEMPERATURE,22.50551,OK
13510979,VIBRATION,-0.6549534,OK
13512229,VIBRATION,-0.9169789,OK
13513479,VIBRATION,-0.9495228,OK
13514729,VIBRATION,-1.655154,OK
13515979,VIBRATION,-1.694114,OK
13517229,VIBRATION,-1.54129,OK
13518479,VIBRATION,-1.613269,OK
13519729,VIBRATION,-1.632026,OK
13520000,PRESSURE,101.5225,OK
13520000,TEMPERATURE,22.52956,OK
13520979,VIBRATION,-1.440262,OK
13522229,VIBRATION,-1.090704,OK
13523479,VIBRATION,-1.203299,OK
13524729,VIBRATION,-1.295945,OK
13525979,VIBRATION,-0.9642135,OK
13527229,VIBRATION,-0.8959848,OK
13528479,VIBRATION,-0.9000991,OK
13529729,VIBRATION,-1.128065,OK
13530000,PRESSURE,101.4726,OK
13530000,TEMPERATURE,22.39506,OK
13530979,VIBRATION,-1.009101,OK
13532229,VIBRATION,-0.3649066,OK
13533479,VIBRATION,-0.4524632,OK
13534729,VIBRATION,0.0605552,OK
13535979,VIBRATION,-0.23611,OK
13537229,VIBRATION,-0.03794106,OK
13538479,VIBRATION,0.3986376,OK
13539729,VIBRATION,0.1906728,OK
13540000,PRESSURE,101.5074,OK
13540000,TEMPERATURE,22.36776,OK
13540979,VIBRATION,0.2015467,OK
13542229,VIBRATION,0.1926496,OK
13543479,VIBRATION,0.0273048,OK
13544729,VIBRATION,-0.1125476,OK
13545979,VIBRATION,-0.3084483,OK
13547229,VIBRATION,-0.3102913,OK
13548479,VIBRATION,-0.3361794,OK
13549729,VIBRATION,-0.06296411,OK
13550000,PRESSURE,101.4861,OK
13550000,TEMPERATURE,22.33047,OK
13550979,VIBRATION,0.1465095,OK
13552230,VIBRATION,0.06917716,OK
13553479,VIBRATION,0.408956,OK
13554729,VIBRATION,0.08527754,OK
13555979,VIBRATION,-0.04807073,OK
13557229,VIBRATION,0.2166691,OK
13558479,VIBRATION,0.4518961,OK
13559729,VIBRATION,0.05556547,OK
13560000,PRESSURE,101.4208,OK
13560000,TEMPERATURE,22.32678,OK
13560994,VIBRATION,0.1816302,OK
13562229,VIBRATION,0.07111672,OK
13563479,VIBRATION,0.04215451,OK
13564729,VIBRATION,0.3498687,OK
13565979,VIBRATION,-0.1711047,OK
13567229,VIBRATION,-0.3288415,OK
13568479,VIBRATION,-0.1181791,OK
13569729,VIBRATION,-0.1302108,OK
13570000,PRESSURE,101.2688,OK
13570000,TEMPERATURE,22.37124,OK
13570979,VIBRATION,0.2627709,OK
13572229,VIBRATION,0.4364882,OK
13573479,VIBRATION,0.2604864,OK
13574729,VIBRATION,0.5929919,OK
13575979,VIBRATION,0.5868812,OK
13577245,VIBRATION,0.5916222,OK
13578479,VIBRATION,0.7679487,OK
13579729,VIBRATION,0.514342,OK
13580000,PRESSURE,101.2058,OK
13580000,TEMPERATURE,22.41289,OK
13580979,VIBRATION,0.6469226,OK
13582229,VIBRATION,0.6042773,OK
13583479,VIBRATION,0.9174378,OK
13584729,VIBRATION,0.8698024,OK
13585979,VIBRATION,0.7329762,OK
13587229,VIBRATION,0.8955064,OK
13588479,VIBRATION,1.219301,OK
13589729,VIBRATION,1.668346,OK
13590000,PRESSURE,101.1956,OK
13590000,TEMPERATURE,22.38476,OK
13590979,VIBRATION,1.162994,OK
13592229,VIBRATION,0.7726552,OK
13593479,VIBRATION,0.5661382,OK
13594729,VIBRATION,0.6902847,OK
13595979,VIBRATION,0.6214906,OK
13597229,VIBRATION,0.550213,OK
13598479,VIBRATION,0.4661587,OK
13599729,VIBRATION,0.5601912,OK
13600000,PRESSURE,101.2163,OK
13600000,TEMPERATURE,22.36253,OK
13600979,VIBRATION,0.08080763,OK
13602229,VIBRATION,0.001966972,OK
13603479,VIBRATION,-0.1268469,OK
13604729,VIBRATION,0.2009884,OK
13605979,VIBRATION,0.2453515,OK
13607229,VIBRATION,-0.2300938,OK
13608479,VIBRATION,-0.6265708,OK
13609729,VIBRATION,-0.7869032,OK
13610000,PRESSURE,101.1396,OK
13610000,TEMPERATURE,22.36503,OK
13610979,VIBRATION,-1.118534,OK
13612229,VIBRATION,-1.328142,OK
13613479,VIBRATION,-1.076188,OK
13614729,VIBRATION,-0.848139,OK
13615979,VIBRATION,-0.5075731,OK
13617229,VIBRATION,0.02586021,OK
13618479,VIBRATION,0.2708807,OK
13619729,VIBRATION,-0.0330741,OK
13620000,PRESSURE,101.111,OK
13620000,TEMPERATURE,22.41441,OK
13620979,VIBRATION,-0.7715464,OK
13622229,VIBRATION,-0.8610254,OK
13623503,VIBRATION,-0.9414397,OK
13624729,VIBRATION,-0.6934973,OK
13625979,VIBRATION,0.1035401,OK
13627229,VIBRATION,0.5516437,OK
13628479,VIBRATION,-0.2578892,OK
13629729,VIBRATION,-0.4172363,OK
13630000,PRESSURE,101.1571,OK
13630000,TEMPERATURE,22.23678,OK
13630979,VIBRATION,-0.7785951,OK
13632229,VIBRATION,-1.157094,OK
13633479,VIBRATION,-0.9269448,OK
13634729,VIBRATION,-0.7033605,OK
13635979,VIBRATION,-0.4750034,OK
13637229,VIBRATION,-0.3389881,OK
13638479,VIBRATION,0.03968519,OK
13639729,VIBRATION,0.07042036,OK
13640000,PRESSURE,101.2264,OK
13640000,TEMPERATURE,0,COMM_ERROR
13640979,VIBRATION,0.03421274,OK
13642229,VIBRATION,0.1842243,OK
13643479,VIBRATION,0.1446764,OK
13644729,VIBRATION,0.2121766,OK
13645979,VIBRATION,0.3559447,OK
13647229,VIBRATION,0.7148852,OK
13648479,VIBRATION,1.16274,OK
13649729,VIBRATION,0.8523095,OK
13650000,PRESSURE,101.299,OK
13650000,TEMPERATURE,22.35736,OK
13650979,VIBRATION,0.9845718,OK
13652229,VIBRATION,0.6429084,OK
13653479,VIBRATION,0.848564,OK
13654729,VIBRATION,0.2036433,OK
13656360,VIBRATION,0.3305991,OK
13657229,VIBRATION,0.5735223,OK
13658479,VIBRATION,0.5959659,OK
13659729,VIBRATION,0.3323868,OK
13660000,PRESSURE,101.3049,OK
13660000,TEMPERATURE,22.46231,OK
13660979,VIBRATION,0.4919797,OK
13662229,VIBRATION,-0.04590762,OK
13663479,VIBRATION,-0.2763012,OK
13664729,VIBRATION,0.3713514,OK
13666036,VIBRATION,-0.07381151,OK
13667229,VIBRATION,0.1985845,OK
13668479,VIBRATION,0.5978695,OK
13669729,VIBRATION,0.536357,OK
13670000,PRESSURE,101.297,OK
13670000,TEMPERATURE,22.30574,OK
13670979,VIBRATION,0.1742941,OK
13672245,VIBRATION,0.1415146,OK
13673479,VIBRATION,-0.2514485,OK
13674729,VIBRATION,-0.4786328,OK
13675979,VIBRATION,-0.1518231,OK
13677229,VIBRATION,-0.1689416,OK
13678479,VIBRATION,-0.6079325,OK
13679729,VIBRATION,-1.448444,OK
13680000,PRESSURE,101.2751,OK
13680000,TEMPERATURE,22.37865,OK
13680979,VIBRATION,-1.868941,OK
13682229,VIBRATION,-1.766846,OK
13683482,VIBRATION,-1.709974,OK
13684729,VIBRATION,-1.278093,OK
13685979,VIBRATION,-1.308521,OK
13687229,VIBRATION,-1.658635,OK
13688479,VIBRATION,-1.478732,OK
13689729,VIBRATION,-0.9103776,OK
13690000,PRESSURE,101.365,OK
13690000,TEMPERATURE,22.20142,OK
13690979,VIBRATION,-0.6365136,OK
13692229,VIBRATION,-0.6076753,OK
13693479,VIBRATION,-0.5959435,OK
13694729,VIBRATION,-0.5993058,OK
13695979,VIBRATION,-0.7166322,OK
13697229,VIBRATION,-0.7617331,OK
13698479,VIBRATION,-0.6469832,OK
13699729,VIBRATION,-0.8238839,OK
13700000,PRESSURE,101.3349,OK
13700000,TEMPERATURE,22.19452,OK
13700979,VIBRATION,-0.8793582,OK
13702229,VIBRATION,-0.8417871,OK
13703479,VIBRATION,-0.9600951,OK
13704729,VIBRATION,-0.9584106,OK
13705979,VIBRATION,-1.014851,OK
13707229,VIBRATION,-1.298967,OK
13708479,VIBRATION,-1.362312,OK
13709729,VIBRATION,-1.694323,OK
13710000,PRESSURE,101.3212,OK
13710000,TEMPERATURE,22.10991,OK
13710979,VIBRATION,-1.946882,OK
13712229,VIBRATION,-2.302267,OK
13713479,VIBRATION,-2.454122,OK
13714729,VIBRATION,-2.196119,OK
13715979,VIBRATION,-1.927271,OK
13717229,VIBRATION,-2.48649,OK
13718479,VIBRATION,-2.818951,OK
13719729,VIBRATION,-3.106584,OK
13720000,PRESSURE,101.2787,OK
13720000,TEMPERATURE,21.9737,OK
13720979,VIBRATION,-2.925464,OK
13722229,VIBRATION,-2.566593,OK
13723479,VIBRATION,-2.715263,OK
13724729,VIBRATION,-2.318124,OK
13725979,VIBRATION,-2.747575,OK
13727229,VIBRATION,-2.341542,OK
13728479,VIBRATION,-2.679162,OK
13729729,VIBRATION,-2.298644,OK
13730000,PRESSURE,101.2491,OK
13730000,TEMPERATURE,22.08969,OK
13730979,VIBRATION,-2.264086,OK
13732229,VIBRATION,-2.567521,OK
13733479,VIBRATION,-2.515368,OK
13734729,VIBRATION,-2.711939,OK
13735979,VIBRATION,-2.334483,OK
13737229,VIBRATION,-2.0761,OK
13738479,VIBRATION,-1.92566,OK
13739729,VIBRATION,-1.688093,OK
13740000,PRESSURE,101.2695,OK
13740000,TEMPERATURE,22.02729,OK
13740979,VIBRATION,-1.307756,OK
13742259,VIBRATION,-1.312433,OK
13743479,VIBRATION,-0.9094053,OK
13744729,VIBRATION,-1.225877,OK
13745979,VIBRATION,-0.981716,OK
13747229,VIBRATION,-0.5595559,OK
13748479,VIBRATION,-0.2983335,OK
13749729,VIBRATION,-0.2797694,OK
13750000,PRESSURE,101.2682,OK
13750000,TEMPERATURE,22.10211,OK
13750979,VIBRATION,0.09349218,OK
13752229,VIBRATION,0.1338433,OK
13753479,VIBRATION,-0.3046684,OK
13754729,VIBRATION,-0.3537106,OK
13755979,VIBRATION,-0.3056146,OK
13757229,VIBRATION,-0.9215237,OK
13758479,VIBRATION,-0.4368466,OK
13759729,VIBRATION,-0.21914,OK
13760083,PRESSURE,101.3529,OK
13760083,TEMPERATURE,22.01036,OK
13760979,VIBRATION,0.2456301,OK
13762229,VIBRATION,0.08025232,OK
13763479,VIBRATION,0.3015322,OK
13764729,VIBRATION,0,COMM_ERROR
13765979,VIBRATION,0.1334949,OK
13767229,VIBRATION,0.1622329,OK
13768480,VIBRATION,-0.3475639,OK
13769729,VIBRATION,-0.4911674,OK
13770000,PRESSURE,101.3534,OK
13770000,TEMPERATURE,22.15771,OK
13770979,VIBRATION,0.09317139,OK
13772229,VIBRATION,0.06410017,OK
13773479,VIBRATION,-0.03600393,OK
13774729,VIBRATION,-0.09337136,OK
13776071,VIBRATION,-0.02804615,OK
13777229,VIBRATION,-0.1590312,OK
13778479,VIBRATION,-0.1590516,OK
13779729,VIBRATION,0.02310332,OK
13780000,PRESSURE,101.3751,OK
13780000,TEMPERATURE,22.03718,OK
13780979,VIBRATION,0.3142869,OK
13782229,VIBRATION,0.08178346,OK
13783519,VIBRATION,-0.05091467,OK
13784729,VIBRATION,-0.08302762,OK
13785979,VIBRATION,-0.1582666,OK
13787229,VIBRATION,-0.01966948,OK
13788479,VIBRATION,0.1086719,OK
13789729,VIBRATION,0.09002026,OK
13790000,PRESSURE,101.4599,OK
13790000,TEMPERATURE,22.08366,OK
13790979,VIBRATION,0.06658792,OK
13792229,VIBRATION,0.4692066,OK
13793479,VIBRATION,0.2757794,OK
13794729,VIBRATION,0.08361701,OK
13795979,VIBRATION,-0.2019912,OK
13797229,VIBRATION,-0.1581101,OK
13798479,VIBRATION,-0.1138642,OK
13799729,VIBRATION,0.03755804,OK
13800000,PRESSURE,101.4483,OK
13800000,TEMPERATURE,22.04606,OK
13800979,VIBRATION,0,COMM_ERROR
13802229,VIBRATION,0.5740894,OK
13803479,VIBRATION,1.071909,OK
13804729,VIBRATION,1.282436,OK
13805979,VIBRATION,1.625413,OK
13807416,VIBRATION,1.226533,OK
13808479,VIBRATION,1.376863,OK
13809729,VIBRATION,1.668323,OK
13810000,PRESSURE,101.3003,OK
13810000,TEMPERATURE,22.1674,OK
13810979,VIBRATION,1.737163,OK
13812229,VIBRATION,1.650792,OK
13813479,VIBRATION,1.353845,OK
13814729,VIBRATION,1.12756,OK
13815979,VIBRATION,1.004288,OK
13817229,VIBRATION,1.336935,OK
13818479,VIBRATION,1.603723,OK
13819729,VIBRATION,1.901146,OK
13820000,PRESSURE,101.3331,OK
13820000,TEMPERATURE,22.13418,OK
13821140,VIBRATION,1.477909,OK
13822229,VIBRATION,1.515622,OK
13823479,VIBRATION,1.537209,OK
13824729,VIBRATION,1.142921,OK
13825979,VIBRATION,0.7963027,OK
13827229,VIBRATION,0.7381422,OK
13828479,VIBRATION,0.8374073,OK
13829729,VIBRATION,0.8442585,OK
13830000,PRESSURE,101.37,OK
13830000,TEMPERATURE,22.22478,OK
13830979,VIBRATION,0.2293388,OK
13832229,VIBRATION,0.4162828,OK
13833479,VIBRATION,1.024988,OK
13834729,VIBRATION,1.021902,OK
13835979,VIBRATION,0.9602169,OK
13837229,VIBRATION,1.320771,OK
13838479,VIBRATION,0.7975159,OK
13839729,VIBRATION,0.5507504,OK
13840000,PRESSURE,101.3838,OK
13840000,TEMPERATURE,22.3892,OK
13840979,VIBRATION,0.3416682,OK
13842229,VIBRATION,0.7282346,OK
13843479,VIBRATION,0.9003735,OK
13844729,VIBRATION,1.003511,OK
13846030,VIBRATION,0.7676017,OK
13847229,VIBRATION,0.65901,OK
13848612,VIBRATION,0.8118509,OK
13849729,VIBRATION,0.6686828,OK
13850000,PRESSURE,101.4218,OK
13850000,TEMPERATURE,22.39922,OK
13850979,VIBRATION,0.9552425,OK
13852229,VIBRATION,0.8362599,OK
13853479,VIBRATION,0.4155492,OK
13854729,VIBRATION,0.4443503,OK
13855979,VIBRATION,0.7629193,OK
13857229,VIBRATION,0.758089,OK
13858531,VIBRATION,0.8267839,OK
13859729,VIBRATION,0.5980189,OK
13860000,PRESSURE,101.3794,OK
13860000,TEMPERATURE,22.38546,OK
13861015,VIBRATION,0.5277477,OK
13862229,VIBRATION,0.6938551,OK
13863479,VIBRATION,0.2558827,OK
13864729,VIBRATION,0.3912141,OK
13865979,VIBRATION,0.4465692,OK
13867229,VIBRATION,0.7719164,OK
13868479,VIBRATION,0.04671198,OK
13869729,VIBRATION,-0.04209896,OK
13870000,PRESSURE,101.3836,OK
13870000,TEMPERATURE,22.38954,OK
13870979,VIBRATION,0.05654078,OK
13872229,VIBRATION,0.4976172,OK
13873479,VIBRATION,0.3145808,OK
13874729,VIBRATION,0.4856626,OK
13875979,VIBRATION,0.2142853,OK
13877229,VIBRATION,-0.06182453,OK
13878479,VIBRATION,0.06677176,OK
13879729,VIBRATION,-0.08387468,OK
13880000,PRESSURE,101.3918,OK
13880000,TEMPERATURE,22.34957,OK
13880979,VIBRATION,-0.1693128,OK
13882229,VIBRATION,-0.5521762,OK
13883479,VIBRATION,-0.6356943,OK
13884729,VIBRATION,-0.7575904,OK
13885979,VIBRATION,-0.8806852,OK
13887229,VIBRATION,-1.031585,OK
13888479,VIBRATION,-0.8955826,OK
13889729,VIBRATION,-1.498708,OK
13890000,PRESSURE,101.3066,OK
13890000,TEMPERATURE,22.35417,OK
13890990,VIBRATION,-1.0241,OK
13892247,VIBRATION,-0.7953335,OK
13893479,VIBRATION,-0.8925031,OK
13894729,VIBRATION,-0.6301468,OK
13895979,VIBRATION,-0.439075,OK
13899976,VIBRATION,-0.260902,OK
13900000,PRESSURE,101.36,OK
13900000,TEMPERATURE,22.24703,OK
13903885,VIBRATION,-0.5011313,OK
13905142,VIBRATION,-0.7354067,OK
13906385,VIBRATION,-0.4291323,OK
13907635,VIBRATION,-0.7615398,OK
13908885,VIBRATION,-0.4679455,OK
13910000,PRESSURE,101.3479,OK
13910000,TEMPERATURE,22.43771,OK
13910136,VIBRATION,-0.1663813,OK
13911386,VIBRATION,-0.1278607,OK
13912636,VIBRATION,-0.2676651,OK
13913885,VIBRATION,-0.5026031,OK
13915135,VIBRATION,-0.4172628,OK
13916385,VIBRATION,-0.3317997,OK
13917635,VIBRATION,-0.147736,OK
13918885,VIBRATION,-0.2637111,OK
13920037,PRESSURE,101.3154,OK
13920037,TEMPERATURE,22.31822,OK
13920135,VIBRATION,-0.28927,OK
13921385,VIBRATION,-0.0445356,OK
13922635,VIBRATION,0.1269742,OK
13923885,VIBRATION,0.2431418,OK
13925135,VIBRATION,0.1301364,OK
13926385,VIBRATION,-0.150159,OK
13927635,VIBRATION,-0.7009625,OK
13928885,VIBRATION,-0.6058284,OK
13930000,PRESSURE,101.3864,OK
13930000,TEMPERATURE,22.26908,OK
13930135,VIBRATION,-0.6288016,OK
13931385,VIBRATION,-0.7167118,OK
13932635,VIBRATION,-0.6830129,OK
13933885,VIBRATION,-0.4996933,OK
13935135,VIBRATION,-0.9860641,OK
13936385,VIBRATION,-1.537766,OK
13937662,VIBRATION,-1.284372,OK
13938885,VIBRATION,-0.7142265,OK
13940000,PRESSURE,101.3822,OK
13940000,TEMPERATURE,22.19041,OK
13940135,VIBRATION,-0.3898889,OK
13941385,VIBRATION,0.008964353,OK
13942635,VIBRATION,-0.3385272,OK
13943885,VIBRATION,-0.5547114,OK
13945135,VIBRATION,-0.4140574,OK
13946385,VIBRATION,-0.3282348,OK
13947635,VIBRATION,-0.2766553,OK
13948885,VIBRATION,-0.7498477,OK
13950000,PRESSURE,101.3739,OK
13950000,TEMPERATURE,21.97532,OK
13950135,VIBRATION,-0.4563155,OK
13951385,VIBRATION,-0.2541136,OK
13952635,VIBRATION,0.02690051,OK
13953885,VIBRATION,-0.3765374,OK
13955135,VIBRATION,-0.4573598,OK
13956385,VIBRATION,0.07038464,OK
13957635,VIBRATION,-0.1321763,OK
13959125,VIBRATION,-0.03691844,OK
13960000,PRESSURE,101.3768,OK
13960000,TEMPERATURE,21.99731,OK
13960135,VIBRATION,-0.3615496,OK
13961385,VIBRATION,-0.4192954,OK
13962635,VIBRATION,-0.320618,OK
13963885,VIBRATION,-0.2341231,OK
13965135,VIBRATION,-0.3158339,OK
13966385,VIBRATION,-0.5142614,OK
13967635,VIBRATION,-0.2740914,OK
13968885,VIBRATION,-0.1617894,OK
13970000,PRESSURE,101.3383,OK
13970000,TEMPERATURE,21.98387,OK
13970135,VIBRATION,0.312276,OK
13971385,VIBRATION,0.7792704,OK
13972776,VIBRATION,0.942443,OK
13973885,VIBRATION,0.7812541,OK
13975135,VIBRATION,0.7234227,OK
13976385,VIBRATION,0.9460699,OK
13977635,VIBRATION,0.4093727,OK
13978885,VIBRATION,-0.3060507,OK
13980000,PRESSURE,101.3952,OK
13980000,TEMPERATURE,22.10986,OK
13980135,VIBRATION,-0.5192439,OK
13981385,VIBRATION,-0.3585548,OK
13982635,VIBRATION,-0.3588613,OK
13983885,VIBRATION,-0.763639,OK
13985135,VIBRATION,-0.5814411,OK
13986385,VIBRATION,-1.444848,OK
13987635,VIBRATION,-1.540877,OK
13988885,VIBRATION,-1.468947,OK
13990000,PRESSURE,101.391,OK
13990000,TEMPERATURE,21.93104,OK
13990135,VIBRATION,-1.475588,OK
13991385,VIBRATION,-1.88427,OK
13992635,VIBRATION,-1.864518,OK
13993885,VIBRATION,-1.451657,OK
13995135,VIBRATION,-1.536397,OK
13996385,VIBRATION,-1.193526,OK
13997635,VIBRATION,-1.756893,OK
13998885,VIBRATION,-1.356274,OK
14000000,PRESSURE,101.3899,OK
14000000,TEMPERATURE,22.07305,OK
14000000,HUMIDITY,44.57799,OK
14000135,VIBRATION,-1.51943,OK
14001385,VIBRATION,-1.500936,OK
14002635,VIBRATION,-1.45165,OK
14003885,VIBRATION,-1.317091,OK
14005135,VIBRATION,-0.9207013,OK
14006455,VIBRATION,-1.310278,OK
14007635,VIBRATION,-1.064863,OK
14008885,VIBRATION,-0.4370605,OK
14010000,PRESSURE,101.3433,OK
14010000,TEMPERATURE,22.18735,OK
14010135,VIBRATION,-0.1937997,OK
14011385,VIBRATION,-0.03604284,OK
14012635,VIBRATION,0.0736912,OK
14013885,VIBRATION,-0.1683855,OK
14015135,VIBRATION,-0.1702921,OK
14016385,VIBRATION,-0.4260436,OK
14017635,VIBRATION,-0.2453202,OK
14018885,VIBRATION,0.1850803,OK
14020021,PRESSURE,101.315,OK
14020021,TEMPERATURE,22.04159,OK
14020159,VIBRATION,0.6038047,OK
14021385,VIBRATION,0.2837111,OK
14022635,VIBRATION,0.1587715,OK
14023885,VIBRATION,-0.06992587,OK
14025135,VIBRATION,0.04211356,OK
14026415,VIBRATION,0.3244906,OK
14027635,VIBRATION,0.3977687,OK
14028885,VIBRATION,0.3771524,OK
14030000,PRESSURE,101.2585,OK
14030000,TEMPERATURE,22.0568,OK
14030135,VIBRATION,0.1221385,OK
14031385,VIBRATION,-0.1948198,OK
14032635,VIBRATION,-0.2788795,OK
14033885,VIBRATION,-0.1211615,OK
14035135,VIBRATION,-0.2388352,OK
14036385,VIBRATION,-0.1246128,OK
14037635,VIBRATION,-0.4209764,OK
14038885,VIBRATION,-0.3212132,OK
14040000,PRESSURE,101.2397,OK
14040000,TEMPERATURE,21.9756,OK
14040135,VIBRATION,-0.5506122,OK
14041385,VIBRATION,-0.08458222,OK
14042635,VIBRATION,0.2033317,OK
14043885,VIBRATION,0.06939903,OK
14045135,VIBRATION,0.5743097,OK
14046385,VIBRATION,0.3968431,OK
14047635,VIBRATION,0.4891312,OK
14048885,VIBRATION,0.6516572,OK
14050000,PRESSURE,101.2731,OK
14050000,TEMPERATURE,22.10091,OK
14050135,VIBRATION,0.5772371,OK
14051385,VIBRATION,0.6259237,OK
14052635,VIBRATION,0.5348211,OK
14053885,VIBRATION,0.3348929,OK
14055135,VIBRATION,0.3624502,OK
14056385,VIBRATION,0.08838923,OK
14057652,VIBRATION,0.4448682,OK
14058885,VIBRATION,0.7307319,OK
14060000,PRESSURE,101.1925,OK
14060000,TEMPERATURE,22.19659,OK
14060135,VIBRATION,0.8904221,OK
14061385,VIBRATION,0.5392204,OK
14062650,VIBRATION,0.6426318,OK
14063885,VIBRATION,1.243047,OK
14065135,VIBRATION,1.381034,OK
14066385,VIBRATION,1.533215,OK
14067635,VIBRATION,1.116586,OK
14068950,VIBRATION,1.141763,OK
14070000,PRESSURE,101.3126,OK
14070000,TEMPERATURE,22.21365,OK
14070135,VIBRATION,1.061485,OK
14071385,VIBRATION,0.6350402,OK
14072635,VIBRATION,0.147654,OK
14073885,VIBRATION,-0.1611901,OK
14075228,VIBRATION,-0.177443,OK
14076385,VIBRATION,-0.692812,OK
14077635,VIBRATION,-0.9650363,OK
14078885,VIBRATION,-0.9744352,OK
14080000,PRESSURE,101.2725,OK
14080000,TEMPERATURE,22.11035,OK
14080135,VIBRATION,-0.8769302,OK
14081385,VIBRATION,-0.2683341,OK
14082635,VIBRATION,-0.4621053,OK
14083885,VIBRATION,-0.5564871,OK
14085135,VIBRATION,-0.3502558,OK
14086385,VIBRATION,0.2899797,OK
14087635,VIBRATION,0.1906256,OK
14088886,VIBRATION,-0.3140766,OK
14090000,PRESSURE,101.2936,OK
14090000,TEMPERATURE,22.20216,OK
14090135,VIBRATION,0.2323123,OK
14091385,VIBRATION,0.1836657,OK
14092635,VIBRATION,-0.2753729,OK
14093885,VIBRATION,0.03803435,OK
14095135,VIBRATION,-0.1205104,OK
14096385,VIBRATION,-0.8262057,OK
14097635,VIBRATION,-0.8619594,OK
14098885,VIBRATION,-1.25822,OK
14100000,PRESSURE,101.3134,OK
14100000,TEMPERATURE,22.20728,OK
14100135,VIBRATION,-0.9036291,OK
14101385,VIBRATION,-1.020894,OK
14102647,VIBRATION,-0.3633753,OK
14103885,VIBRATION,-0.6587794,OK
14105135,VIBRATION,-0.50582,OK
14106385,VIBRATION,-0.8264525,OK
14107635,VIBRATION,-1.294137,OK
14108885,VIBRATION,-1.888363,OK
14110000,PRESSURE,101.3343,OK
14110000,TEMPERATURE,22.18461,OK
14110135,VIBRATION,-1.629805,OK
14111385,VIBRATION,-1.587812,OK
14112635,VIBRATION,-1.145614,OK
14113893,VIBRATION,-1.001614,OK
14115135,VIBRATION,-1.348989,OK
14116385,VIBRATION,-0.973522,OK
14117635,VIBRATION,-0.3619252,OK
14118885,VIBRATION,-0.8613728,OK
14120000,PRESSURE,101.4182,OK
14120000,TEMPERATURE,22.04776,OK
14120191,VIBRATION,-0.8250236,OK
14121385,VIBRATION,-0.8137474,OK
14122635,VIBRATION,-0.9163302,OK
14123885,VIBRATION,-1.108189,OK
14125135,VIBRATION,-1.203073,OK
14126385,VIBRATION,-1.297622,OK
14127635,VIBRATION,-1.056567,OK
14128885,VIBRATION,-0.7921218,OK
14130207,PRESSURE,101.4717,OK
14130207,TEMPERATURE,21.98545,OK
14130207,VIBRATION,-1.069795,OK
14131385,VIBRATION,-1.219854,OK
14132635,VIBRATION,-1.211565,OK
14133885,VIBRATION,-0.4989467,OK
14135135,VIBRATION,-0.2918478,OK
14136385,VIBRATION,-0.3902553,OK
14137635,VIBRATION,0.05152068,OK
14138885,VIBRATION,0.3947689,OK
14140000,PRESSURE,101.4245,OK
14140000,TEMPERATURE,21.96211,OK
14140135,VIBRATION,0.2595702,OK
14141385,VIBRATION,0.6172282,OK
14142635,VIBRATION,0.3270845,OK
14143885,VIBRATION,0.2765131,OK
14145135,VIBRATION,0.08256263,OK
14146385,VIBRATION,-0.4428555,OK
14147635,VIBRATION,0.2785698,OK
14148885,VIBRATION,0.7443825,OK
14150000,PRESSURE,101.5084,OK
14150000,TEMPERATURE,21.98698,OK
14150135,VIBRATION,0.5761566,OK
14151385,VIBRATION,0.5065176,OK
14152635,VIBRATION,-0.06645201,OK
14153885,VIBRATION,-0.2404264,OK
14155135,VIBRATION,-0.42754,OK
14156385,VIBRATION,-0.4600171,OK
14157893,VIBRATION,-0.1661635,OK
14158885,VIBRATION,0.08311884,OK
14160000,PRESSURE,101.46,OK
14160000,TEMPERATURE,22.18241,OK
14160135,VIBRATION,0.7114233,OK
14161385,VIBRATION,0.8001791,OK
14162635,VIBRATION,1.438824,OK
14163885,VIBRATION,1.610495,OK
14165135,VIBRATION,1.628734,OK
14166385,VIBRATION,1.552124,OK
14167635,VIBRATION,1.432254,OK
14168885,VIBRATION,1.451483,OK
14170000,PRESSURE,101.4585,OK
14170000,TEMPERATURE,22.08434,OK
14170135,VIBRATION,1.940303,OK
14171460,VIBRATION,1.594484,OK
14172639,VIBRATION,1.423235,OK
14173885,VIBRATION,1.586332,OK
14175193,VIBRATION,1.371162,OK
14176385,VIBRATION,0.6268588,OK
14177635,VIBRATION,0.4231495,OK
14178885,VIBRATION,0.7185975,OK
14180000,PRESSURE,101.3475,OK
14180000,TEMPERATURE,22.02641,OK
14180135,VIBRATION,0.6344159,OK
14181385,VIBRATION,0.9638888,OK
14182635,VIBRATION,0.9521474,OK
14183885,VIBRATION,0.9324682,OK
14185135,VIBRATION,0.9581223,OK
14186394,VIBRATION,0.554282,OK
14187635,VIBRATION,1.192049,OK
14188885,VIBRATION,1.467758,OK
14190000,PRESSURE,101.3575,OK
14190000,TEMPERATURE,22.07063,OK
14190135,VIBRATION,1.567398,OK
14191419,VIBRATION,1.092246,OK
14192635,VIBRATION,0.5570237,OK
14193885,VIBRATION,0.6878685,OK
14195135,VIBRATION,0.7178948,OK
14196385,VIBRATION,0.9924849,OK
14197635,VIBRATION,1.425444,OK
14198885,VIBRATION,1.667759,OK
14200000,PRESSURE,101.4296,OK
14200000,TEMPERATURE,22.08096,OK
14200135,VIBRATION,1.351584,OK
14201385,VIBRATION,0.8523791,OK
14202635,VIBRATION,0.6372374,OK
14203885,VIBRATION,1.10936,OK
14205498,VIBRATION,1.241542,OK
14206385,VIBRATION,0.9607464,OK
14207635,VIBRATION,0.5957712,OK
14208885,VIBRATION,0.6708214,OK
14210000,PRESSURE,101.4862,OK
14210000,TEMPERATURE,22.10961,OK
14210135,VIBRATION,0.2826089,OK
14211385,VIBRATION,0.5697622,OK
14212635,VIBRATION,0.1736212,OK
14213885,VIBRATION,0.3161422,OK
14215135,VIBRATION,-0.405816,OK
14216385,VIBRATION,-0.2899951,OK
14217635,VIBRATION,-0.4477095,OK
14218895,VIBRATION,-0.8597308,OK
14220000,PRESSURE,101.4574,OK
14220000,TEMPERATURE,22.2667,OK
14220135,VIBRATION,-0.4359774,OK
14221385,VIBRATION,0.2437486,OK
14223020,VIBRATION,-0.06245177,OK
14223885,VIBRATION,-0.03707866,OK
14225135,VIBRATION,-0.6555155,OK
14226385,VIBRATION,-0.2189901,OK
14227635,VIBRATION,-0.2353677,OK
14228951,VIBRATION,-0.1667715,OK
14230241,PRESSURE,101.4602,OK
14230241,TEMPERATURE,22.33589,OK
14230241,VIBRATION,0.1910612,OK
14231925,VIBRATION,0.3248033,OK
14233931,VIBRATION,-0.08548772,OK
14235673,VIBRATION,0.05206438,OK
14236437,VIBRATION,-0.1513761,OK
14238284,VIBRATION,-0.5869541,OK
14238931,VIBRATION,-0.7718599,OK
14240004,PRESSURE,101.3059,OK
14240004,TEMPERATURE,22.32852,OK
14240181,VIBRATION,-0.798475,OK
14241431,VIBRATION,-0.72017,OK
14242681,VIBRATION,-0.5127168,OK
14243931,VIBRATION,-0.1646025,OK
14245181,VIBRATION,0.2537844,OK
14246431,VIBRATION,0.2492096,OK
14247681,VIBRATION,0.3405941,OK
14248931,VIBRATION,0.1878854,OK
14250000,PRESSURE,101.3872,OK
14250000,TEMPERATURE,22.30563,OK
14250181,VIBRATION,0.04183652,OK
14251431,VIBRATION,-0.3410006,OK
14252681,VIBRATION,-0.4742189,OK
14253931,VIBRATION,-0.4067608,OK
14255181,VIBRATION,-0.5899146,OK
14256431,VIBRATION,-0.9678521,OK
14257681,VIBRATION,-1.438168,OK
14258931,VIBRATION,-1.17347,OK
14260000,PRESSURE,101.4286,OK
14260000,TEMPERATURE,22.48641,OK
14260181,VIBRATION,-0.988465,OK
14261431,VIBRATION,-0.2961351,OK
14262681,VIBRATION,0.1494645,OK
14263931,VIBRATION,0.3585913,OK
14265181,VIBRATION,0.3782847,OK
14266431,VIBRATION,0.771604,OK
14267681,VIBRATION,1.246308,OK
14268931,VIBRATION,1.255599,OK
14270000,PRESSURE,101.4073,OK
14270000,TEMPERATURE,22.66671,OK
14270181,VIBRATION,1.846726,OK
14271431,VIBRATION,1.828839,OK
14272681,VIBRATION,1.802049,OK
14273931,VIBRATION,1.62409,OK
14275181,VIBRATION,1.625287,OK
14276431,VIBRATION,1.261216,OK
14277681,VIBRATION,1.26288,OK
14278931,VIBRATION,0.6136363,OK
14280000,PRESSURE,101.3204,OK
14280000,TEMPERATURE,22.62792,OK
14280181,VIBRATION,0.4605722,OK
14281431,VIBRATION,0.5654508,OK
14282681,VIBRATION,0.8346047,OK
14283931,VIBRATION,1.194436,OK
14285181,VIBRATION,1.233126,OK
14286431,VIBRATION,1.191075,OK
14287681,VIBRATION,1.255917,OK
14288931,VIBRATION,1.488268,OK
14290000,PRESSURE,101.3905,OK
14290000,TEMPERATURE,22.59978,OK
14290181,VIBRATION,1.297316,OK
14291431,VIBRATION,1.146358,OK
14292681,VIBRATION,0.8759377,OK
14293931,VIBRATION,1.118145,OK
14295181,VIBRATION,1.149284,OK
14296431,VIBRATION,1.073994,OK
14297681,VIBRATION,1.01841,OK
14298931,VIBRATION,1.133657,OK
14300000,PRESSURE,101.3762,OK
14300000,TEMPERATURE,22.58195,OK
14300181,VIBRATION,1.185559,OK
14301431,VIBRATION,0.7411243,OK
14302681,VIBRATION,0.4642522,OK
14303931,VIBRATION,0.900668,OK
14305181,VIBRATION,1.206847,OK
14306431,VIBRATION,0.7013941,OK
14307681,VIBRATION,0.302824,OK
14308931,VIBRATION,0.24103,OK
14310000,PRESSURE,101.3491,OK
14310000,TEMPERATURE,22.56534,OK
14310181,VIBRATION,0.6579466,OK
14311431,VIBRATION,0.7980924,OK
14312681,VIBRATION,0.7256593,OK
14313931,VIBRATION,1.161676,OK
14315181,VIBRATION,1.110911,OK
14316431,VIBRATION,0.9497413,OK
14317681,VIBRATION,0.5421529,OK
14318931,VIBRATION,-0.008011678,OK
14320000,PRESSURE,101.3112,OK
14320000,TEMPERATURE,22.46348,OK
14320181,VIBRATION,0.6341597,OK
14321431,VIBRATION,0.7382446,OK
14322681,VIBRATION,0.6402524,OK
14323931,VIBRATION,0.5255881,OK
14325181,VIBRATION,0.4674602,OK
14326431,VIBRATION,0.4224165,OK
14327681,VIBRATION,-0.1539044,OK
14328931,VIBRATION,-0.637456,OK
14330000,PRESSURE,101.3705,OK
14330000,TEMPERATURE,22.43339,OK
14330181,VIBRATION,-1.04454,OK
14331431,VIBRATION,-1.2363,OK
14332681,VIBRATION,-1.002186,OK
14333931,VIBRATION,-0.4262334,OK
14335181,VIBRATION,-0.6820206,OK
14336431,VIBRATION,-0.8314799,OK
14337681,VIBRATION,-1.115258,OK
14338931,VIBRATION,-1.345382,OK
14340001,PRESSURE,101.3656,OK
14340001,TEMPERATURE,22.41409,OK
14340182,VIBRATION,-1.134607,OK
14341431,VIBRATION,-0.8447913,OK
14343182,VIBRATION,-0.351376,OK
14343950,VIBRATION,-0.8328913,OK
14345181,VIBRATION,-0.913264,OK
14346431,VIBRATION,-1.260979,OK
14347681,VIBRATION,-1.053919,OK
14348931,VIBRATION,-0.7747429,OK
14350000,PRESSURE,101.3765,OK
14350000,TEMPERATURE,22.449,OK
14350181,VIBRATION,-1.470858,OK
14351431,VIBRATION,-1.490341,OK
14352681,VIBRATION,-0.8379345,OK
14353931,VIBRATION,-0.8287694,OK
14355181,VIBRATION,-0.6770703,OK
14356431,VIBRATION,-0.240603,OK
14357681,VIBRATION,-0.01929652,OK
14358931,VIBRATION,-0.4225946,OK
14360000,PRESSURE,101.3707,OK
14360000,TEMPERATURE,22.31242,OK
14360181,VIBRATION,-0.7876951,OK
14361431,VIBRATION,-0.4538636,OK
14362681,VIBRATION,-0.6329559,OK
14363943,VIBRATION,-0.5072548,OK
14365181,VIBRATION,0.03766894,OK
14366431,VIBRATION,0.2810415,OK
14367681,VIBRATION,0.6702567,OK
14368931,VIBRATION,0.6589959,OK
14370000,PRESSURE,101.4089,OK
14370000,TEMPERATURE,22.26313,OK
14370181,VIBRATION,0.9180736,OK
14371431,VIBRATION,1.000594,OK
14373551,VIBRATION,0.4830808,OK
14373931,VIBRATION,0.331899,OK
14375182,VIBRATION,0.2635382,OK
14376431,VIBRATION,1.022377,OK
14377681,VIBRATION,1.056341,OK
14378931,VIBRATION,0.6941875,OK
14380000,PRESSURE,101.3947,OK
14380000,TEMPERATURE,22.336,OK
14380306,VIBRATION,0.7009449,OK
14381431,VIBRATION,0.5242219,OK
14382681,VIBRATION,0.9530658,OK
14383931,VIBRATION,0.8375331,OK
14385198,VIBRATION,1.136797,OK
14386431,VIBRATION,0.7231737,OK
14387681,VIBRATION,1.049816,OK
14388931,VIBRATION,1.102375,OK
14390000,PRESSURE,101.3732,OK
14390000,TEMPERATURE,22.38325,OK
14390181,VIBRATION,1.312827,OK
14391446,VIBRATION,1.735409,OK
14392681,VIBRATION,1.789073,OK
14393931,VIBRATION,1.28397,OK
14395181,VIBRATION,1.120009,OK
14396431,VIBRATION,1.168309,OK
14397681,VIBRATION,0.8407463,OK
14398931,VIBRATION,0.8445805,OK
14400000,PRESSURE,101.4028,OK
14400000,TEMPERATURE,22.23622,OK
14400181,VIBRATION,0.9518341,OK
14401431,VIBRATION,0.9316191,OK
14402681,VIBRATION,0.5356077,OK
14403931,VIBRATION,0.6783909,OK
14405181,VIBRATION,0.5218344,OK
14406431,VIBRATION,0.7514644,OK
14407681,VIBRATION,0.65458,OK
14408931,VIBRATION,0.9459871,OK
14410000,PRESSURE,101.3585,OK
14410000,TEMPERATURE,22.31575,OK
14410181,VIBRATION,1.109816,OK
14411431,VIBRATION,0.3322629,OK
14412681,VIBRATION,0.3531964,OK
14413931,VIBRATION,0.335516,OK
14415181,VIBRATION,0.70192,OK
14416518,VIBRATION,1.189153,OK
14417681,VIBRATION,0.8382627,OK
14418931,VIBRATION,0.7365034,OK
14420000,PRESSURE,101.3541,OK
14420000,TEMPERATURE,22.25786,OK
14420181,VIBRATION,0.6905167,OK
14421431,VIBRATION,0.9415777,OK
14422681,VIBRATION,0.6547627,OK
14423931,VIBRATION,0.3388411,OK
14425181,VIBRATION,0.5712877,OK
14426431,VIBRATION,0.5585562,OK
14427681,VIBRATION,0.2303258,OK
14428931,VIBRATION,0.2915076,OK
14430000,PRESSURE,101.3267,OK
14430000,TEMPERATURE,22.26638,OK
14430181,VIBRATION,0.4903511,OK
14431431,VIBRATION,0.1460283,OK
14432717,VIBRATION,0.01416407,OK
14433931,VIBRATION,-0.05135802,OK
14435181,VIBRATION,-0.3625298,OK
14436431,VIBRATION,0.02801255,OK
14437681,VIBRATION,0.1879144,OK
14438931,VIBRATION,0.296897,OK
14440000,PRESSURE,101.4046,OK
14440000,TEMPERATURE,22.11964,OK
14440181,VIBRATION,0.0526376,OK
14441431,VIBRATION,0.1486595,OK
14442681,VIBRATION,-0.03900423,OK
14443931,VIBRATION,0.1303269,OK
14445181,VIBRATION,0.1996273,OK
14446431,VIBRATION,0.3830143,OK
14447681,VIBRATION,0.671379,OK
14448931,VIBRATION,0.8454623,OK
14450000,PRESSURE,101.3749,OK
14450000,TEMPERATURE,22.10989,OK
14450181,VIBRATION,1.263103,OK
14451431,VIBRATION,1.290987,OK
14452681,VIBRATION,1.180075,OK
14453931,VIBRATION,1.11214,OK
14455182,VIBRATION,1.254327,OK
14456431,VIBRATION,0.7422323,OK
14457681,VIBRATION,0.7549546,OK
14458931,VIBRATION,0.3298066,OK
14460000,PRESSURE,101.3721,OK
14460000,TEMPERATURE,22.25213,OK
14460181,VIBRATION,0.5476269,OK
14461431,VIBRATION,0.8951338,OK
14462681,VIBRATION,1.239576,OK
14463931,VIBRATION,1.323645,OK
14465181,VIBRATION,0.9454939,OK
14466431,VIBRATION,0.8541645,OK
14467681,VIBRATION,0.5215845,OK
14468931,VIBRATION,0.02074154,OK
14470000,PRESSURE,101.3414,OK
14470000,TEMPERATURE,22.24505,OK
14470181,VIBRATION,0.4104655,OK
14471431,VIBRATION,0.324762,OK
14472681,VIBRATION,0.4959712,OK
14473931,VIBRATION,1.06377,OK
14475181,VIBRATION,0.215576,OK
14476431,VIBRATION,0.1854818,OK
14477681,VIBRATION,0.1856767,OK
14478931,VIBRATION,0.5991559,OK
14480000,PRESSURE,101.376,OK
14480000,TEMPERATURE,22.05021,OK
14480181,VIBRATION,0.985066,OK
14481431,VIBRATION,0.2663062,OK
14482681,VIBRATION,0.5323228,OK
14483931,VIBRATION,0.7511948,OK
14485181,VIBRATION,0.9708565,OK
14486431,VIBRATION,0.3737808,OK
14487681,VIBRATION,0.07458183,OK
14488931,VIBRATION,0.07951889,OK
14490000,PRESSURE,101.4324,OK
14490000,TEMPERATURE,21.97852,OK
14490181,VIBRATION,-0.4106104,OK
14491431,VIBRATION,-0.2828119,OK
14492682,VIBRATION,-0.05120758,OK
14493931,VIBRATION,0.002502358,OK
14495181,VIBRATION,0.2194099,OK
14496431,VIBRATION,0.1253703,OK
14497681,VIBRATION,0.3112938,OK
14498931,VIBRATION,0.4905137,OK
14500000,PRESSURE,101.4706,OK
14500000,TEMPERATURE,22.05605,OK
14500181,VIBRATION,0.7456987,OK
14501431,VIBRATION,0.7696765,OK
14502681,VIBRATION,0.7373713,OK
14503931,VIBRATION,0.7349665,OK
14505181,VIBRATION,0.7279342,OK
14506431,VIBRATION,0.3961448,OK
14507699,VIBRATION,-0.0764658,OK
14508951,VIBRATION,-0.1657951,OK
14510000,PRESSURE,101.3978,OK
14510000,TEMPERATURE,22.02111,OK
14510181,VIBRATION,-0.4373673,OK
14511431,VIBRATION,-0.002700537,OK
14512681,VIBRATION,-0.3835406,OK
14513931,VIBRATION,-0.3816369,OK
14515181,VIBRATION,-0.01821875,OK
14516431,VIBRATION,-0.5045563,OK
14517681,VIBRATION,-0.8279823,OK
14518931,VIBRATION,-1.179581,OK
14520000,PRESSURE,101.43,OK
14520000,TEMPERATURE,22.11572,OK
14520181,VIBRATION,-0.3686948,OK
14521448,VIBRATION,-0.2578823,OK
14522681,VIBRATION,-0.3879325,OK
14523931,VIBRATION,-0.9472105,OK
14525181,VIBRATION,-1.066194,OK
14526431,VIBRATION,-1.508624,OK
14527681,VIBRATION,-1.318975,OK
14528931,VIBRATION,-1.345751,OK
14530000,PRESSURE,101.399,OK
14530000,TEMPERATURE,22.17147,OK
14530181,VIBRATION,-1.651414,OK
14531431,VIBRATION,-1.140457,OK
14532681,VIBRATION,-0.2527788,OK
14533931,VIBRATION,-0.4821964,OK
14535181,VIBRATION,-0.1113749,OK
14536431,VIBRATION,0.1112305,OK
14537681,VIBRATION,-0.07983675,OK
14538931,VIBRATION,-0.1853143,OK
14540000,PRESSURE,101.4616,OK
14540000,TEMPERATURE,22.0115,OK
14540181,VIBRATION,0.1866512,OK
14541431,VIBRATION,0.5012487,OK
14542681,VIBRATION,0.6736259,OK
14543931,VIBRATION,0.8804391,OK
14545181,VIBRATION,0.5955837,OK
14546431,VIBRATION,0.4848767,OK
14547681,VIBRATION,0.6601774,OK
14548931,VIBRATION,0.942837,OK
14550000,PRESSURE,101.4873,OK
14550000,TEMPERATURE,22.12804,OK
14550181,VIBRATION,1.29021,OK
14551431,VIBRATION,1.366738,OK
14552681,VIBRATION,1.452038,OK
14553931,VIBRATION,1.810012,OK
14555181,VIBRATION,2.102328,OK
14556431,VIBRATION,2.224117,OK
14557681,VIBRATION,2.177871,OK
14558931,VIBRATION,2.255323,OK
14560000,PRESSURE,101.4456,OK
14560000,TEMPERATURE,22.01295,OK
14560181,VIBRATION,2.345657,OK
14561431,VIBRATION,2.28725,OK
14562703,VIBRATION,1.720063,OK
14563931,VIBRATION,1.477688,OK
14565181,VIBRATION,1.317961,OK
14566431,VIBRATION,0.6435943,OK
14567681,VIBRATION,0.3765306,OK
14568931,VIBRATION,0.5541984,OK
14570000,PRESSURE,101.3375,OK
14570000,TEMPERATURE,22.03272,OK
14570181,VIBRATION,1.046173,OK
14571431,VIBRATION,0.810273,OK
14572681,VIBRATION,0.9623592,OK
14573931,VIBRATION,0.6945255,OK
14575181,VIBRATION,0.6294797,OK
14576703,VIBRATION,0.01072704,OK
14577681,VIBRATION,-0.4568144,OK
14578931,VIBRATION,-0.3145045,OK
14580000,PRESSURE,101.3436,OK
14580000,TEMPERATURE,22.03207,OK
14580181,VIBRATION,-0.4141151,OK
14581431,VIBRATION,-0.3051385,OK
14582681,VIBRATION,-0.5761882,OK
14583931,VIBRATION,-0.2594579,OK
14585181,VIBRATION,-0.2836853,OK
14586431,VIBRATION,-0.3962095,OK
14587681,VIBRATION,-1.019889,OK
14588931,VIBRATION,-0.640549,OK
14590000,PRESSURE,101.3621,OK
14590000,TEMPERATURE,22.0616,OK
14590207,VIBRATION,-1.246858,OK
14591431,VIBRATION,-0.6477978,OK
14592681,VIBRATION,-0.3984145,OK
14593931,VIBRATION,-0.3644423,OK
14595181,VIBRATION,-0.5859157,OK
14596431,VIBRATION,-0.5282863,OK
14597681,VIBRATION,-0.7742381,OK
14598931,VIBRATION,-0.6956275,OK
14600000,PRESSURE,101.4135,OK
14600000,TEMPERATURE,22.03731,OK
14600181,VIBRATION,-0.5462028,OK
14601431,VIBRATION,-0.3369502,OK
14602681,VIBRATION,-0.2119988,OK
14604110,VIBRATION,-0.9276477,OK
14605181,VIBRATION,-1.014063,OK
14606431,VIBRATION,-1.449236,OK
14607681,VIBRATION,-1.122562,OK
14608931,VIBRATION,-0.9090946,OK
14610000,PRESSURE,101.3396,OK
14610000,TEMPERATURE,21.8527,OK
14610181,VIBRATION,-0.9242884,OK
14611431,VIBRATION,-0.8130627,OK
14612681,VIBRATION,-0.8744257,OK
14613931,VIBRATION,-1.105299,OK
14615181,VIBRATION,-0.8973778,OK
14616431,VIBRATION,-1.113552,OK
14617681,VIBRATION,-1.583404,OK
14618931,VIBRATION,-1.546949,OK
14620000,PRESSURE,101.304,OK
14620000,TEMPERATURE,21.81334,OK
14620181,VIBRATION,-1.733076,OK
14621431,VIBRATION,-1.421432,OK
14622681,VIBRATION,-1.032483,OK
14623931,VIBRATION,-1.071197,OK
14625181,VIBRATION,-1.018907,OK
14626431,VIBRATION,-1.044192,OK
14627681,VIBRATION,-0.9108737,OK
14628931,VIBRATION,-1.235493,OK
14630000,PRESSURE,101.2607,OK
14630000,TEMPERATURE,21.77401,OK
14630181,VIBRATION,-1.250765,OK
14631581,VIBRATION,-0.930651,OK
14632681,VIBRATION,-1.082267,OK
14633931,VIBRATION,-1.392555,OK
14635181,VIBRATION,-1.724563,OK
14636431,VIBRATION,-2.051446,OK
14637681,VIBRATION,-1.454491,OK
14638931,VIBRATION,-1.3051,OK
14640015,PRESSURE,101.1705,OK
14640015,TEMPERATURE,21.71238,OK
14640181,VIBRATION,-1.710664,OK
14641431,VIBRATION,-1.591724,OK
14642681,VIBRATION,-1.758428,OK
14643931,VIBRATION,-1.103709,OK
14645181,VIBRATION,-1.342472,OK
14646431,VIBRATION,-2.039456,OK
14647681,VIBRATION,-1.907945,OK
14648931,VIBRATION,-1.731531,OK
14650000,PRESSURE,101.1948,OK
14650000,TEMPERATURE,21.75978,OK
14650181,VIBRATION,-1.697018,OK
14651431,VIBRATION,-1.270869,OK
14652681,VIBRATION,-1.121785,OK
14653931,VIBRATION,-0.8643474,OK
14655181,VIBRATION,-1.138489,OK
14656431,VIBRATION,-1.630035,OK
14657681,VIBRATION,-1.842252,OK
14658931,VIBRATION,-1.738552,OK
14660000,PRESSURE,101.1342,OK
14660000,TEMPERATURE,21.78485,OK
14660181,VIBRATION,-1.595683,OK
14661431,VIBRATION,-1.577051,OK
14662681,VIBRATION,-1.318452,OK
14663932,VIBRATION,-1.132337,OK
14665181,VIBRATION,-0.790015,OK
14666431,VIBRATION,-0.5084538,OK
14667681,VIBRATION,-0.2489281,OK
14668931,VIBRATION,-0.3445031,OK
14670000,PRESSURE,101.1025,OK
14670000,TEMPERATURE,21.73956,OK
14670181,VIBRATION,-0.01242451,OK
14671431,VIBRATION,-0.2207114,OK
14672681,VIBRATION,0.0402587,OK
14673931,VIBRATION,0.06094504,OK
14675181,VIBRATION,0.8808387,OK
14676431,VIBRATION,0.6651206,OK
14677681,VIBRATION,0.1631676,OK
14678931,VIBRATION,0.6777983,OK
14680000,PRESSURE,101.0367,OK
14680000,TEMPERATURE,21.61504,OK
14680181,VIBRATION,0.7207987,OK
14681431,VIBRATION,0.9064954,OK
14682681,VIBRATION,0.732435,OK
14683931,VIBRATION,0.8446226,OK
14685181,VIBRATION,1.130182,OK
14686431,VIBRATION,0.6251289,OK
14687681,VIBRATION,0.7275514,OK
14688931,VIBRATION,0.4747364,OK
14690000,PRESSURE,100.9717,OK
14690000,TEMPERATURE,21.63922,OK
14690181,VIBRATION,0.7203048,OK
14691431,VIBRATION,1.114822,OK
14692681,VIBRATION,0.8160012,OK
14693931,VIBRATION,0.5596321,OK
14695181,VIBRATION,0.838927,OK
14696431,VIBRATION,1.273768,OK
14697681,VIBRATION,0.8608826,OK
14698931,VIBRATION,0.5601863,OK
14700000,PRESSURE,100.9111,OK
14700000,TEMPERATURE,21.80094,OK
14700181,VIBRATION,0.4497279,OK
14701431,VIBRATION,0.5702057,OK
14702681,VIBRATION,0.49676,OK
14703931,VIBRATION,0.4596993,OK
14705181,VIBRATION,0.513949,OK
14706431,VIBRATION,0.435658,OK
14707681,VIBRATION,0.4616669,OK
14708931,VIBRATION,0.6297004,OK
14710000,PRESSURE,100.9316,OK
14710000,TEMPERATURE,21.93704,OK
14710181,VIBRATION,-0.1151256,OK
14711431,VIBRATION,-0.3115135,OK
14712681,VIBRATION,-0.2213469,OK
14713931,VIBRATION,-0.2899229,OK
14715181,VIBRATION,0.07596225,OK
14716431,VIBRATION,1.041136,OK
14717681,VIBRATION,1.488601,OK
14718931,VIBRATION,1.013741,OK
14720000,PRESSURE,100.8984,OK
14720000,TEMPERATURE,21.80931,OK
14720181,VIBRATION,0.9619216,OK
14721431,VIBRATION,1.184946,OK
14722681,VIBRATION,1.244184,OK
14723931,VIBRATION,1.050701,OK
14725181,VIBRATION,0.9511155,OK
14726431,VIBRATION,0.7379116,OK
14727681,VIBRATION,0.4251224,OK
14728931,VIBRATION,0.9368524,OK
14730000,PRESSURE,100.9372,OK
14730000,TEMPERATURE,21.9354,OK
14730182,VIBRATION,1.435112,OK
14731431,VIBRATION,0.7784943,OK
14732681,VIBRATION,0.6886249,OK
14733931,VIBRATION,0.6545161,OK
14735181,VIBRATION,0.6820427,OK
14736431,VIBRATION,0.5334552,OK
14737681,VIBRATION,0.8550123,OK
14738931,VIBRATION,0.7443358,OK
14740000,PRESSURE,101.0083,OK
14740000,TEMPERATURE,22.07218,OK
14740181,VIBRATION,1.133439,OK
14741431,VIBRATION,1.35366,OK
14742681,VIBRATION,1.523114,OK
14743931,VIBRATION,1.640272,OK
14745181,VIBRATION,1.533178,OK
14746432,VIBRATION,1.584748,OK
14747681,VIBRATION,1.789482,OK
14748931,VIBRATION,1.566063,OK
14750000,PRESSURE,100.9717,OK
14750000,TEMPERATURE,22.05828,OK
14750181,VIBRATION,1.318176,OK
14751431,VIBRATION,1.412176,OK
14752681,VIBRATION,1.167987,OK
14753931,VIBRATION,1.307732,OK
14755181,VIBRATION,0.705341,OK
14756431,VIBRATION,0.6229576,OK
14757681,VIBRATION,0.3104369,OK
14758931,VIBRATION,0.9202285,OK
14760000,PRESSURE,100.9575,OK
14760000,TEMPERATURE,22.1549,OK
14760181,VIBRATION,1.49122,OK
14761431,VIBRATION,1.631077,OK
14762681,VIBRATION,1.29706,OK
14763931,VIBRATION,1.28848,OK
14765181,VIBRATION,1.323152,OK
14766431,VIBRATION,1.232486,OK
14767681,VIBRATION,1.592377,OK
14768931,VIBRATION,1.516306,OK
14770000,PRESSURE,100.992,OK
14770000,TEMPERATURE,22.14346,OK
14770181,VIBRATION,1.858845,OK
14771431,VIBRATION,1.798048,OK
14772681,VIBRATION,1.922628,OK
14773931,VIBRATION,2.012738,OK
14775181,VIBRATION,1.628648,OK
14776431,VIBRATION,1.354063,OK
14777681,VIBRATION,1.34705,OK
14778931,VIBRATION,1.145412,OK
14780016,PRESSURE,100.9645,OK
14780016,TEMPERATURE,21.98313,OK
14780181,VIBRATION,1.367031,OK
14781431,VIBRATION,1.777927,OK
14782681,VIBRATION,2.029134,OK
14783931,VIBRATION,1.452199,OK
14785181,VIBRATION,1.370908,OK
14786431,VIBRATION,0.8588392,OK
14787681,VIBRATION,1.57092,OK
14788931,VIBRATION,1.652575,OK
14790000,PRESSURE,101.0046,OK
14790000,TEMPERATURE,22.00092,OK
14790181,VIBRATION,1.634284,OK
14791431,VIBRATION,1.485444,OK
14792681,VIBRATION,1.848374,OK
14793931,VIBRATION,1.517386,OK
14795181,VIBRATION,1.235156,OK
14796431,VIBRATION,1.239023,OK
14797681,VIBRATION,0.4557997,OK
14798931,VIBRATION,0.6126187,OK
14800000,PRESSURE,101.0162,OK
14800000,TEMPERATURE,22.02991,OK
14800181,VIBRATION,0.6738056,OK
14801431,VIBRATION,1.281796,OK
14802688,VIBRATION,0.8412253,OK
14803931,VIBRATION,1.096578,OK
14805181,VIBRATION,0.6799666,OK
14806431,VIBRATION,0.178639,OK
14807681,VIBRATION,0.05493844,OK
14808931,VIBRATION,-0.4981953,OK
14810157,PRESSURE,101.0485,OK
14810157,TEMPERATURE,22.0441,OK
14810181,VIBRATION,-0.2774707,OK
14811431,VIBRATION,-0.5800591,OK
14812681,VIBRATION,-0.1544187,OK
14813931,VIBRATION,0.04653864,OK
14815181,VIBRATION,-0.1419624,OK
14816431,VIBRATION,0.5971379,OK
14817681,VIBRATION,0.8100234,OK
14818931,VIBRATION,0.7995321,OK
14820000,PRESSURE,101.0399,OK
14820000,TEMPERATURE,22.1647,OK
14820181,VIBRATION,0.3350208,OK
14821431,VIBRATION,0.7723371,OK
14822681,VIBRATION,0.6410605,OK
14823931,VIBRATION,0.7834718,OK
14825181,VIBRATION,1.336287,OK
14826431,VIBRATION,1.098079,OK
14827681,VIBRATION,1.087792,OK
14828931,VIBRATION,1.00545,OK
14830000,PRESSURE,101.11,OK
14830000,TEMPERATURE,22.26899,OK
14830181,VIBRATION,1.467664,OK
14831432,VIBRATION,1.134828,OK
14832681,VIBRATION,1.105078,OK
14833931,VIBRATION,1.224167,OK
14835181,VIBRATION,0.5909722,OK
14836431,VIBRATION,0.3189076,OK
14838025,VIBRATION,0.2494534,OK
14838931,VIBRATION,0.1729715,OK
14840000,PRESSURE,101.1149,OK
14840000,TEMPERATURE,22.2455,OK
14840181,VIBRATION,0.04091038,OK
14841431,VIBRATION,0.1437016,OK
14842681,VIBRATION,-0.2770979,OK
14843931,VIBRATION,0.04251253,OK
14845181,VIBRATION,0.06420322,OK
14846431,VIBRATION,-0.0666357,OK
14847682,VIBRATION,-0.2899156,OK
14848931,VIBRATION,-0.285487,OK
14850000,PRESSURE,101.0786,OK
14850000,TEMPERATURE,22.1776,OK
14850181,VIBRATION,0.1801961,OK
14851431,VIBRATION,0.1384893,OK
14852681,VIBRATION,0.4759734,OK
14853931,VIBRATION,0.9377129,OK
14855181,VIBRATION,0.7384485,OK
14856441,VIBRATION,0.946793,OK
14857681,VIBRATION,1.06961,OK
14858931,VIBRATION,0.9676557,OK
14860000,PRESSURE,101.1126,OK
14860000,TEMPERATURE,22.25631,OK
14860181,VIBRATION,1.183813,OK
14861431,VIBRATION,0.7720075,OK
14862681,VIBRATION,1.171824,OK
14863931,VIBRATION,0.6042793,OK
14865181,VIBRATION,0.7499669,OK
14866431,VIBRATION,0.367856,OK
14867681,VIBRATION,0.2695393,OK
14868931,VIBRATION,0.2104221,OK
14870000,PRESSURE,101.1443,OK
14870000,TEMPERATURE,22.22431,OK
14870181,VIBRATION,0.4339619,OK
14871449,VIBRATION,0.5011421,OK
14872681,VIBRATION,1.06348,OK
14873931,VIBRATION,1.016683,OK
14875181,VIBRATION,0.8731657,OK
14876431,VIBRATION,0.8394822,OK
14877681,VIBRATION,0.7147097,OK
14878931,VIBRATION,0.8596065,OK
14880000,PRESSURE,101.1278,OK
14880000,TEMPERATURE,22.24754,OK
14880325,VIBRATION,0.7358865,OK
14881431,VIBRATION,0.9601635,OK
14882681,VIBRATION,0.9523011,OK
14883931,VIBRATION,0.8824184,OK
14885350,VIBRATION,1.032876,OK
14886431,VIBRATION,0.8374909,OK
14887681,VIBRATION,0.4552662,OK
14888954,VIBRATION,0.1630562,OK
14890033,PRESSURE,101.1386,OK
14890033,TEMPERATURE,22.34228,OK
14890181,VIBRATION,0.327895,OK
14891432,VIBRATION,0.5558583,OK
14892681,VIBRATION,1.112097,OK
14893931,VIBRATION,0.9381878,OK
14895182,VIBRATION,1.120672,OK
14896431,VIBRATION,1.124429,OK
14897682,VIBRATION,1.15943,OK
14899443,VIBRATION,1.008838,OK
14900000,PRESSURE,101.0412,OK
14900000,TEMPERATURE,22.42061,OK
14900181,VIBRATION,1.386035,OK
14901431,VIBRATION,1.623332,OK
14902681,VIBRATION,1.794467,OK
14903931,VIBRATION,2.095392,OK
14905182,VIBRATION,1.884542,OK
14906480,VIBRATION,2.228986,OK
14907681,VIBRATION,2.11933,OK
14908931,VIBRATION,2.106605,OK
14910000,PRESSURE,101.0748,OK
14910000,TEMPERATURE,22.30913,OK
14910181,VIBRATION,2.132269,OK
14911468,VIBRATION,1.948809,OK
14912681,VIBRATION,2.011839,OK
14913933,VIBRATION,1.991127,OK
14915182,VIBRATION,1.856394,OK
14916431,VIBRATION,1.072889,OK
14917682,VIBRATION,0.9127219,OK
14918931,VIBRATION,0.8712541,OK
14920000,PRESSURE,101.0669,OK
14920000,TEMPERATURE,22.32316,OK
14920192,VIBRATION,0.05724109,OK
14921432,VIBRATION,0.1057774,OK
14922682,VIBRATION,0.3243221,OK
14923931,VIBRATION,0.1997926,OK
14925181,VIBRATION,0.4593818,OK
14926431,VIBRATION,0.6843519,OK
14927681,VIBRATION,0.4698446,OK
14928932,VIBRATION,0.9995706,OK
14930000,PRESSURE,101.0153,OK
14930000,TEMPERATURE,22.32826,OK
14930181,VIBRATION,0.92059,OK
14931431,VIBRATION,0.6815345,OK
14932681,VIBRATION,1.10084,OK
14933931,VIBRATION,0.9589158,OK
14935181,VIBRATION,0.7123299,OK
14936431,VIBRATION,1.020414,OK
14937681,VIBRATION,0.770795,OK
14938932,VIBRATION,0.2846808,OK
14940126,PRESSURE,101.0203,OK
14940126,TEMPERATURE,22.32572,OK
14940182,VIBRATION,0.4136789,OK
14941431,VIBRATION,0.7886254,OK
14942681,VIBRATION,0.3927582,OK
14943932,VIBRATION,0.4143655,OK
14945182,VIBRATION,1.153619,OK
14946431,VIBRATION,1.181402,OK
14947682,VIBRATION,1.060578,OK
14948945,VIBRATION,0.5880028,OK
14950000,PRESSURE,101.0397,OK
14950000,TEMPERATURE,22.39777,OK
14950181,VIBRATION,0.5948717,OK
14951431,VIBRATION,0.8314137,OK
14952682,VIBRATION,1.038522,OK
14953932,VIBRATION,0.7543837,OK
14955182,VIBRATION,0.6094269,OK
14956432,VIBRATION,0.6567596,OK
14957682,VIBRATION,0.4699725,OK
14958963,VIBRATION,0.08309525,OK
14960001,PRESSURE,101.0218,OK
14960001,TEMPERATURE,22.30223,OK
14960181,VIBRATION,-0.09638143,OK
14961431,VIBRATION,-0.2359972,OK
14962681,VIBRATION,-0.0772642,OK
14963932,VIBRATION,0.1075929,OK
14965181,VIBRATION,0.0341458,OK
14966432,VIBRATION,0.2017637,OK
14967682,VIBRATION,0.367024,OK
14968931,VIBRATION,0.2157055,OK
14970000,PRESSURE,101.0589,OK
14970000,TEMPERATURE,22.16428,OK
14970181,VIBRATION,0.1463161,OK
14971431,VIBRATION,-0.01323899,OK
14972681,VIBRATION,0.04839973,OK
14973931,VIBRATION,-0.3485309,OK
14975181,VIBRATION,-0.2469192,OK
14976431,VIBRATION,0.02079221,OK
14977681,VIBRATION,-0.02743292,OK
14978939,VIBRATION,-0.2850467,OK
14980000,PRESSURE,101.0974,OK
14980000,TEMPERATURE,22.05767,OK
14980181,VIBRATION,0.05693842,OK
14981431,VIBRATION,0.1937358,OK
14982682,VIBRATION,0.1393557,OK
14983931,VIBRATION,-0.4762759,OK
14985182,VIBRATION,-0.2644266,OK
14986432,VIBRATION,-0.3513916,OK
14987701,VIBRATION,-0.8179485,OK
14988932,VIBRATION,-0.5070295,OK
14990002,PRESSURE,101.1729,OK
14990002,TEMPERATURE,22.09208,OK
14990181,VIBRATION,0.2737892,OK
14991431,VIBRATION,-0.1177915,OK
14992681,VIBRATION,-0.04365612,OK
14993936,VIBRATION,0.05102944,OK
14995181,VIBRATION,-0.4667549,OK
14996431,VIBRATION,-0.2677728,OK
14997682,VIBRATION,-0.5638462,OK
14998932,VIBRATION,-0.3402388,OK
15000001,PRESSURE,101.2544,OK
15000001,TEMPERATURE,22.27945,OK
15000001,HUMIDITY,44.32378,OK
15000182,VIBRATION,0.07608047,OK
15001431,VIBRATION,0.4480739,OK
15002681,VIBRATION,0.402862,OK
15003931,VIBRATION,0.7403505,OK
15005182,VIBRATION,0.7215313,OK
15006432,VIBRATION,0.8690185,OK
15007682,VIBRATION,1.075593,OK
15008932,VIBRATION,0.9362218,OK
15010015,PRESSURE,101.1601,OK
15010015,TEMPERATURE,22.3841,OK
15010181,VIBRATION,1.001586,OK
15011431,VIBRATION,0.8338865,OK
15012681,VIBRATION,0.9462079,OK
15013931,VIBRATION,1.008154,OK
15015181,VIBRATION,0.9671111,OK
15016431,VIBRATION,1.175806,OK
15017681,VIBRATION,1.075919,OK
15018931,VIBRATION,0.9497355,OK
15020000,PRESSURE,101.107,OK
15020000,TEMPERATURE,22.22352,OK
15020182,VIBRATION,0.8470166,OK
15021432,VIBRATION,0.724488,OK
15022681,VIBRATION,1.046888,OK
15023931,VIBRATION,1.399714,OK
15025182,VIBRATION,0.7275008,OK
15026431,VIBRATION,0.838778,OK
15027681,VIBRATION,0.07942054,OK
15028931,VIBRATION,0.7220093,OK
15030000,PRESSURE,101.1263,OK
15030000,TEMPERATURE,22.31565,OK
15030181,VIBRATION,0.4058874,OK
15031431,VIBRATION,0.1174258,OK
15032681,VIBRATION,0.4365456,OK
15033931,VIBRATION,-0.07529591,OK
15035181,VIBRATION,-0.1132923,OK
15036432,VIBRATION,-0.07944664,OK
15037682,VIBRATION,-0.2574828,OK
15038931,VIBRATION,-0.1295504,OK
15040025,PRESSURE,101.1954,OK
15040025,TEMPERATURE,22.39386,OK
15040181,VIBRATION,0.4621926,OK
15041431,VIBRATION,0.8399733,OK
15042681,VIBRATION,0.2071511,OK
15043932,VIBRATION,0.2714235,OK
15045181,VIBRATION,-0.01285155,OK
15046432,VIBRATION,-0.1730792,OK
15047681,VIBRATION,-0.3742474,OK
15048931,VIBRATION,0.08984518,OK
15050049,PRESSURE,101.2667,OK
15050049,TEMPERATURE,22.38571,OK
15050182,VIBRATION,0.03076596,OK
15051431,VIBRATION,-0.191137,OK
15052681,VIBRATION,-0.3145408,OK
15053931,VIBRATION,-0.1704917,OK
15055182,VIBRATION,-0.388874,OK
15056601,VIBRATION,-0.4345297,OK
15057682,VIBRATION,-0.8410904,OK
15058931,VIBRATION,-0.7364097,OK
15060029,PRESSURE,101.2322,OK
15060029,TEMPERATURE,22.26983,OK
15060181,VIBRATION,-0.6006233,OK
15061431,VIBRATION,-0.5002173,OK
15062681,VIBRATION,-0.7824462,OK
15063931,VIBRATION,-0.7708064,OK
15065181,VIBRATION,-1.120772,OK
15066431,VIBRATION,-0.9986086,OK
15067681,VIBRATION,-0.7391626,OK
15068931,VIBRATION,-0.270277,OK
15070000,PRESSURE,101.1893,OK
15070000,TEMPERATURE,22.20943,OK
15070181,VIBRATION,-0.1647357,OK
15071431,VIBRATION,-0.277907,OK
15072681,VIBRATION,-0.4591313,OK
15073932,VIBRATION,-0.2531786,OK
15075196,VIBRATION,-0.6858056,OK
15076447,VIBRATION,-0.9270711,OK
15077682,VIBRATION,-0.7546051,OK
15078932,VIBRATION,-0.9606966,OK
15080059,PRESSURE,101.0189,OK
15080059,TEMPERATURE,21.96856,OK
15080181,VIBRATION,-1.132695,OK
15081431,VIBRATION,-1.361738,OK
15082681,VIBRATION,-0.4382182,OK
15083931,VIBRATION,0.29872,OK
15085181,VIBRATION,0.6839065,OK
15086431,VIBRATION,0.4945084,OK
15087681,VIBRATION,0.3440776,OK
15088931,VIBRATION,0.2769511,OK
15090000,PRESSURE,101.0577,OK
15090000,TEMPERATURE,22.02694,OK
15090181,VIBRATION,0.454803,OK
15091432,VIBRATION,0.5271156,OK
15092681,VIBRATION,0.4689105,OK
15093931,VIBRATION,0.1292371,OK
15095181,VIBRATION,-0.07746302,OK
15096431,VIBRATION,-0.3331641,OK
15097681,VIBRATION,-0.3988638,OK
15098931,VIBRATION,-0.5724032,OK
15100000,PRESSURE,101.1672,OK
15100000,TEMPERATURE,21.95563,OK
15100331,VIBRATION,0.104694,OK
15101431,VIBRATION,0.1920118,OK
15102681,VIBRATION,0.2285338,OK
15103931,VIBRATION,-0.2646829,OK
15105181,VIBRATION,-0.417374,OK
15106431,VIBRATION,-0.4559041,OK
15107681,VIBRATION,-0.2678355,OK
15109003,VIBRATION,0.2062574,OK
15110000,PRESSURE,101.111,OK
15110000,TEMPERATURE,22.07893,OK
15110181,VIBRATION,-0.2262783,OK
15111431,VIBRATION,-0.1259732,OK
15112681,VIBRATION,-0.4847255,OK
15113931,VIBRATION,-0.1768913,OK
15115183,VIBRATION,-0.09827562,OK
15116431,VIBRATION,0.2012157,OK
15117682,VIBRATION,0.1074125,OK
15118931,VIBRATION,-0.2658776,OK
15120000,PRESSURE,101.094,OK
15120000,TEMPERATURE,21.99238,OK
15120181,VIBRATION,0.1270408,OK
15121431,VIBRATION,0.1864851,OK
15122681,VIBRATION,0.1470971,OK
15123961,VIBRATION,0.1430323,OK
15125181,VIBRATION,-0.01303292,OK
15126431,VIBRATION,-0.2405159,OK
15127681,VIBRATION,-0.354522,OK
15128931,VIBRATION,-0.1106448,OK
15130000,PRESSURE,101.1447,OK
15130000,TEMPERATURE,21.89762,OK
15130181,VIBRATION,-0.02503519,OK
15131431,VIBRATION,-0.2401808,OK
15132681,VIBRATION,-0.3467104,OK
15133931,VIBRATION,-0.09741498,OK
15135181,VIBRATION,0.1951172,OK
15136431,VIBRATION,0.1368956,OK
15137681,VIBRATION,0.7417921,OK
15138931,VIBRATION,0.2140947,OK
15140008,PRESSURE,101.2121,OK
15140008,TEMPERATURE,21.96431,OK
15140181,VIBRATION,1.083567,OK
15141433,VIBRATION,1.078302,OK
15142681,VIBRATION,1.102624,OK
15143931,VIBRATION,1.589377,OK
15145181,VIBRATION,1.93992,OK
15146431,VIBRATION,2.089093,OK
15147681,VIBRATION,1.606575,OK
15148931,VIBRATION,1.154553,OK
15150000,PRESSURE,101.1864,OK
15150000,TEMPERATURE,21.94279,OK
15150182,VIBRATION,1.111417,OK
15151431,VIBRATION,0.6641354,OK
15152681,VIBRATION,0.7069333,OK
15153931,VIBRATION,0.6264852,OK
15155181,VIBRATION,0.5401666,OK
15156431,VIBRATION,0.8154222,OK
15157681,VIBRATION,0.6739851,OK
15158932,VIBRATION,0.5285162,OK
15160000,PRESSURE,101.2269,OK
15160000,TEMPERATURE,21.76767,OK
15160181,VIBRATION,0.5750159,OK
15161431,VIBRATION,0.07403528,OK
15162681,VIBRATION,0.4221208,OK
15163931,VIBRATION,0.08087531,OK
15165181,VIBRATION,-0.1881816,OK
15166431,VIBRATION,0.07539855,OK
15167681,VIBRATION,0.1127422,OK
15168931,VIBRATION,0.3112593,OK
15170000,PRESSURE,101.1894,OK
15170000,TEMPERATURE,21.83038,OK
15170181,VIBRATION,-0.2058162,OK
15171431,VIBRATION,-0.6218193,OK
15172681,VIBRATION,-0.8984741,OK
15173931,VIBRATION,-0.7740303,OK
15175181,VIBRATION,-0.6576348,OK
15176431,VIBRATION,-0.4025773,OK
15177681,VIBRATION,-0.2497162,OK
15178931,VIBRATION,0.01982909,OK
15180000,PRESSURE,101.2279,OK
15180000,TEMPERATURE,21.87094,OK
15180181,VIBRATION,0.1555543,OK
15181431,VIBRATION,-0.1185668,OK
15182681,VIBRATION,0.7779048,OK
15183931,VIBRATION,1.455148,OK
15185181,VIBRATION,1.422634,OK
15186431,VIBRATION,0.9247087,OK
15187681,VIBRATION,0.8618249,OK
15188931,VIBRATION,0.5854139,OK
15190000,PRESSURE,101.2191,OK
15190000,TEMPERATURE,22.01646,OK
15190181,VIBRATION,1.151236,OK
15191431,VIBRATION,1.153068,OK
15192681,VIBRATION,0.9712966,OK
15193931,VIBRATION,0.7645615,OK
15195181,VIBRATION,1.257805,OK
15196431,VIBRATION,0.9839639,OK
15197681,VIBRATION,1.05231,OK
15198931,VIBRATION,1.095702,OK
15200000,PRESSURE,101.2222,OK
15200000,TEMPERATURE,22.15316,OK
15200181,VIBRATION,0.8174724,OK
15201431,VIBRATION,0.5130764,OK
15202681,VIBRATION,0.4836996,OK
15203931,VIBRATION,0.2409142,OK
15205182,VIBRATION,0.3373157,OK
15206431,VIBRATION,0.5660259,OK
15207681,VIBRATION,0.454829,OK
15208931,VIBRATION,-0.140664,OK
15210000,PRESSURE,101.2317,OK
15210000,TEMPERATURE,22.06565,OK
15210181,VIBRATION,-0.01665333,OK
15211431,VIBRATION,-0.2232629,OK
15212681,VIBRATION,-0.9384495,OK
15213931,VIBRATION,-1.228601,OK
15215181,VIBRATION,-1.767674,OK
15216431,VIBRATION,-1.949242,OK
15217681,VIBRATION,-1.315889,OK
15218931,VIBRATION,-1.440661,OK
15220000,PRESSURE,101.2272,OK
15220000,TEMPERATURE,21.91252,OK
15220181,VIBRATION,-1.185984,OK
15221431,VIBRATION,-1.122599,OK
15222681,VIBRATION,-0.7207483,OK
15223931,VIBRATION,-1.001686,OK
15225181,VIBRATION,-1.049784,OK
15226431,VIBRATION,-1.225507,OK
15227681,VIBRATION,-1.051145,OK
15228931,VIBRATION,-0.8848645,OK
15230000,PRESSURE,101.3354,OK
15230000,TEMPERATURE,22.00668,OK
15230181,VIBRATION,-0.769362,OK
15231431,VIBRATION,-0.07775593,OK
15232681,VIBRATION,-0.07560646,OK
15233931,VIBRATION,0.03620249,OK
15235181,VIBRATION,0.04986718,OK
15236431,VIBRATION,0.3284493,OK
15237681,VIBRATION,-0.0984359,OK
15238931,VIBRATION,0.1655529,OK
15240000,PRESSURE,101.3017,OK
15240000,TEMPERATURE,21.98994,OK
15240181,VIBRATION,0.3627116,OK
15241431,VIBRATION,0.6335527,OK
15242681,VIBRATION,0.7139937,OK
15243931,VIBRATION,0.6923084,OK
15245181,VIBRATION,1.100971,OK
15246431,VIBRATION,0.7804559,OK
15247681,VIBRATION,0.4078831,OK
15248931,VIBRATION,0.442334,OK
15250000,PRESSURE,101.2569,OK
15250000,TEMPERATURE,22.00749,OK
15250181,VIBRATION,0.5724919,OK
15251431,VIBRATION,0.8447677,OK
15252681,VIBRATION,1.359257,OK
15253931,VIBRATION,1.105269,OK
15255181,VIBRATION,1.38167,OK
15256431,VIBRATION,0.7907765,OK
15257681,VIBRATION,0.5920792,OK
15258931,VIBRATION,0.5059568,OK
15260000,PRESSURE,101.2131,OK
15260000,TEMPERATURE,22.02585,OK
15260181,VIBRATION,0.07533258,OK
15261431,VIBRATION,0.3315998,OK
15262681,VIBRATION,-0.05826954,OK
15263931,VIBRATION,-0.512074,OK
15265194,VIBRATION,-0.3672981,OK
15266431,VIBRATION,-0.6194733,OK
15267681,VIBRATION,-0.3558062,OK
15268931,VIBRATION,-0.6367079,OK
15270003,PRESSURE,101.1951,OK
15270003,TEMPERATURE,22.14046,OK
15270181,VIBRATION,-0.5442475,OK
15271431,VIBRATION,-0.3794157,OK
15272681,VIBRATION,-0.4693346,OK
15273931,VIBRATION,-0.1472602,OK
15275181,VIBRATION,-0.5029621,OK
15276431,VIBRATION,-1.136844,OK
15277681,VIBRATION,-1.033827,OK
15278931,VIBRATION,-0.4868517,OK
15280000,PRESSURE,101.2333,OK
15280000,TEMPERATURE,22.28697,OK
15280181,VIBRATION,-0.7923784,OK
15281431,VIBRATION,-0.5900798,OK
15282681,VIBRATION,-1.19072,OK
15283931,VIBRATION,-0.9479462,OK
15285181,VIBRATION,-0.4767153,OK
15286431,VIBRATION,-0.1491808,OK
15287681,VIBRATION,-0.2668956,OK
15288931,VIBRATION,0.0413176,OK
15290000,PRESSURE,101.147,OK
15290000,TEMPERATURE,22.30118,OK
15290181,VIBRATION,0.517612,OK
15291431,VIBRATION,0.95679,OK
15292681,VIBRATION,1.032567,OK
15293931,VIBRATION,1.021695,OK
15295181,VIBRATION,0.9331481,OK
15296431,VIBRATION,0.7863089,OK
15297681,VIBRATION,0.5347976,OK
15298931,VIBRATION,0.04172151,OK
15300000,PRESSURE,101.176,OK
15300000,TEMPERATURE,22.24188,OK
15300181,VIBRATION,-0.03766778,OK
15301431,VIBRATION,0.02779771,OK
15302681,VIBRATION,-0.06017406,OK
15303931,VIBRATION,-0.03301742,OK
15305181,VIBRATION,0.3561813,OK
15306431,VIBRATION,0.02864646,OK
15307681,VIBRATION,-0.4057036,OK
15308931,VIBRATION,-0.3283194,OK
15310000,PRESSURE,101.1827,OK
15310000,TEMPERATURE,22.19417,OK
15310181,VIBRATION,-0.7001798,OK
15311431,VIBRATION,-0.799842,OK
15312681,VIBRATION,-0.9504739,OK
15313931,VIBRATION,-1.146554,OK
15315181,VIBRATION,-1.167701,OK
15316431,VIBRATION,-1.290019,OK
15317681,VIBRATION,-1.7158,OK
15318931,VIBRATION,-1.572794,OK
15320000,PRESSURE,101.2273,OK
15320000,TEMPERATURE,22.08109,OK
15320181,VIBRATION,-1.334174,OK
15321431,VIBRATION,-0.7486256,OK
15322681,VIBRATION,-1.063892,OK
15323931,VIBRATION,-1.207719,OK
15325181,VIBRATION,-1.401392,OK
15326431,VIBRATION,-1.175724,OK
15327681,VIBRATION,-1.69588,OK
15328931,VIBRATION,-1.855407,OK
15330000,PRESSURE,101.2548,OK
15330000,TEMPERATURE,22.34078,OK
15330181,VIBRATION,-1.827986,OK
15331431,VIBRATION,-1.824803,OK
15332681,VIBRATION,-2.205407,OK
15333931,VIBRATION,-1.876679,OK
15335181,VIBRATION,-2.207171,OK
15336431,VIBRATION,-1.604163,OK
15337681,VIBRATION,-1.023961,OK
15338931,VIBRATION,-1.31075,OK
15340000,PRESSURE,101.2623,OK
15340000,TEMPERATURE,22.23981,OK
15340181,VIBRATION,-0.9107548,OK
15341431,VIBRATION,-0.7679067,OK
15342681,VIBRATION,-0.7894107,OK
15343931,VIBRATION,-0.7590026,OK
15345181,VIBRATION,-0.3212822,OK
15346431,VIBRATION,0.03056834,OK
15347681,VIBRATION,-0.286993,OK
15348931,VIBRATION,-0.0358156,OK
15350000,PRESSURE,101.2725,OK
15350000,TEMPERATURE,22.01919,OK
15350181,VIBRATION,0.255307,OK
15351431,VIBRATION,0.4158706,OK
15352681,VIBRATION,0.3371941,OK
15353931,VIBRATION,0.1925373,OK
15355181,VIBRATION,0.001193966,OK
15356431,VIBRATION,-0.1145559,OK
15357681,VIBRATION,-0.3394597,OK
15358949,VIBRATION,-0.764146,OK
15360000,PRESSURE,101.2994,OK
15360000,TEMPERATURE,22.23396,OK
15360181,VIBRATION,-0.1235675,OK
15361431,VIBRATION,-0.1015015,OK
15362681,VIBRATION,0.03380041,OK
15363931,VIBRATION,0.08465159,OK
15365181,VIBRATION,-0.4136258,OK
15366431,VIBRATION,-0.4728787,OK
15367681,VIBRATION,-0.6575254,OK
15368931,VIBRATION,-0.5914442,OK
15370000,PRESSURE,101.3569,OK
15370000,TEMPERATURE,22.26107,OK
15370181,VIBRATION,-0.5863015,OK
15371431,VIBRATION,-0.9337469,OK
15372681,VIBRATION,-0.609929,OK
15373931,VIBRATION,-0.6063239,OK
15375181,VIBRATION,-0.644392,OK
15376431,VIBRATION,-1.308348,OK
15377681,VIBRATION,-0.8534058,OK
15378931,VIBRATION,-0.7690332,OK
15380000,PRESSURE,101.3329,OK
15380000,TEMPERATURE,22.2384,OK
15380181,VIBRATION,-0.4368116,OK
15381431,VIBRATION,-0.8717425,OK
15382681,VIBRATION,-0.5054444,OK
15383931,VIBRATION,-0.3359164,OK
15385181,VIBRATION,-0.9517129,OK
15386431,VIBRATION,-0.9205236,OK
15387681,VIBRATION,-0.84169,OK
15388931,VIBRATION,-0.4904618,OK
15390145,PRESSURE,101.329,OK
15390145,TEMPERATURE,22.25758,OK
15390181,VIBRATION,-0.4596926,OK
15391431,VIBRATION,-0.4683046,OK
15392681,VIBRATION,-0.8585637,OK
15393931,VIBRATION,-1.409905,OK
15395181,VIBRATION,-1.271359,OK
15396431,VIBRATION,-1.111018,OK
15397681,VIBRATION,-1.114209,OK
15398931,VIBRATION,-1.162299,OK
15400000,PRESSURE,101.285,OK
15400000,TEMPERATURE,22.13981,OK
15400181,VIBRATION,-0.9012371,OK
15401431,VIBRATION,-0.5296662,OK
15402681,VIBRATION,-0.3222634,OK
15403931,VIBRATION,-0.759883,OK
15405181,VIBRATION,-0.4499828,OK
15406431,VIBRATION,-0.4558523,OK
15407681,VIBRATION,-0.6898421,OK
15408931,VIBRATION,-0.6468648,OK
15410000,PRESSURE,101.2189,OK
15410000,TEMPERATURE,22.12695,OK
15410181,VIBRATION,-0.9087874,OK
15411431,VIBRATION,-0.6935537,OK
15412681,VIBRATION,-0.857728,OK
15413931,VIBRATION,-0.974961,OK
15415181,VIBRATION,-0.8156783,OK
15416431,VIBRATION,-0.4584798,OK
15417681,VIBRATION,-0.8003454,OK
15418931,VIBRATION,-1.277937,OK
15420000,PRESSURE,101.2639,OK
15420000,TEMPERATURE,22.08972,OK
15420181,VIBRATION,-1.285512,OK
15421431,VIBRATION,-0.8979354,OK
15422681,VIBRATION,-0.467156,OK
15423931,VIBRATION,-0.1228452,OK
15425181,VIBRATION,-0.08902522,OK
15426431,VIBRATION,0.3195057,OK
15427681,VIBRATION,0.06204038,OK
15428931,VIBRATION,0.2439417,OK
15430000,PRESSURE,101.2757,OK
15430000,TEMPERATURE,22.02687,OK
15430181,VIBRATION,0.3447684,OK
15431437,VIBRATION,0.5694834,OK
15432681,VIBRATION,0.6192097,OK
15433931,VIBRATION,0.5803261,OK
15435181,VIBRATION,0.5930202,OK
15436431,VIBRATION,0.3236383,OK
15437681,VIBRATION,0.4262875,OK
15438931,VIBRATION,0.3322078,OK
15440000,PRESSURE,101.2345,OK
15440000,TEMPERATURE,21.94962,OK
15440181,VIBRATION,-0.01935547,OK
15441431,VIBRATION,0.08758943,OK
15442681,VIBRATION,0.09351198,OK
15443931,VIBRATION,0.678038,OK
15445181,VIBRATION,0.2786674,OK
15446431,VIBRATION,0.5147673,OK
15447681,VIBRATION,-0.1539288,OK
15448931,VIBRATION,-0.3527363,OK
15450000,PRESSURE,101.2515,OK
15450000,TEMPERATURE,22.11284,OK
15450181,VIBRATION,-0.5025176,OK
15451431,VIBRATION,-0.01179442,OK
15452681,VIBRATION,0.2900547,OK
15453931,VIBRATION,-0.01429806,OK
15455181,VIBRATION,-0.06357958,OK
15456431,VIBRATION,-0.03895885,OK
15457681,VIBRATION,0.02857873,OK
15458931,VIBRATION,0.4680084,OK
15460000,PRESSURE,101.2848,OK
15460000,TEMPERATURE,22.12418,OK
15460181,VIBRATION,0.5213922,OK
15461431,VIBRATION,0.409436,OK
15462681,VIBRATION,-0.1955501,OK
15463931,VIBRATION,-0.4561674,OK
15465181,VIBRATION,-0.8159923,OK
15466431,VIBRATION,-0.8202151,OK
15467681,VIBRATION,-0.7584611,OK
15468931,VIBRATION,-1.240982,OK
15470000,PRESSURE,101.3551,OK
15470000,TEMPERATURE,22.17557,OK
15470181,VIBRATION,-1.605867,OK
15471431,VIBRATION,-1.257233,OK
15472681,VIBRATION,-0.8055442,OK
15473931,VIBRATION,-0.8159337,OK
15475181,VIBRATION,-0.495676,OK
15476431,VIBRATION,-0.248088,OK
15477681,VIBRATION,-0.03402844,OK
15478931,VIBRATION,0.2031449,OK
15480000,PRESSURE,101.4022,OK
15480000,TEMPERATURE,22.3609,OK
15480181,VIBRATION,0.7077163,OK
15481431,VIBRATION,0.4045041,OK
15482681,VIBRATION,0.8286754,OK
15483931,VIBRATION,0.558725,OK
15485181,VIBRATION,0.7659787,OK
15486431,VIBRATION,0.8070142,OK
15487681,VIBRATION,0.0002644719,OK
15488931,VIBRATION,0.06465731,OK
15490000,PRESSURE,101.3487,OK
15490000,TEMPERATURE,22.18871,OK
15490181,VIBRATION,0.3461458,OK
15491431,VIBRATION,0.4706486,OK
15492681,VIBRATION,0.3579763,OK
15493931,VIBRATION,0.648077,OK
15495181,VIBRATION,0.7837552,OK
15496431,VIBRATION,0.42868,OK
15497681,VIBRATION,0.01790435,OK
15498931,VIBRATION,-0.2316649,OK
15500000,PRESSURE,101.4205,OK
15500000,TEMPERATURE,22.34826,OK
15500181,VIBRATION,-0.2197223,OK
15501431,VIBRATION,-0.7804296,OK
15502681,VIBRATION,-0.5310417,OK
15503931,VIBRATION,0.03533228,OK
15505181,VIBRATION,0.01868606,OK
15506431,VIBRATION,-0.1104776,OK
15507698,VIBRATION,-0.3396615,OK
15508931,VIBRATION,-0.3196051,OK
15510000,PRESSURE,101.4256,OK
15510000,TEMPERATURE,22.35503,OK
15510181,VIBRATION,0.08229855,OK
15511431,VIBRATION,-0.1111449,OK
15512681,VIBRATION,0.5208261,OK
15513931,VIBRATION,0.6099242,OK
15515182,VIBRATION,0.6971287,OK
15516431,VIBRATION,0.4620142,OK
15517681,VIBRATION,-0.1583991,OK
15518931,VIBRATION,0.1133488,OK
15520000,PRESSURE,101.4172,OK
15520000,TEMPERATURE,22.33513,OK
15520181,VIBRATION,0.9064837,OK
15521431,VIBRATION,1.024577,OK
15522681,VIBRATION,0.7590953,OK
15523931,VIBRATION,0.6752396,OK
15525181,VIBRATION,0.5194688,OK
15526431,VIBRATION,0.2756923,OK
15527681,VIBRATION,0.4181774,OK
15528931,VIBRATION,0.04627643,OK
15530000,PRESSURE,101.3717,OK
15530000,TEMPERATURE,22.34551,OK
15530181,VIBRATION,0.3443057,OK
15531431,VIBRATION,-0.2534951,OK
15532681,VIBRATION,0.3176112,OK
15533931,VIBRATION,0.2479668,OK
15535181,VIBRATION,0.2440052,OK
15536431,VIBRATION,0.5039334,OK
15537681,VIBRATION,0.9466875,OK
15538931,VIBRATION,0.5879479,OK
15540000,PRESSURE,101.3412,OK
15540000,TEMPERATURE,22.3697,OK
15540181,VIBRATION,0.2661416,OK
15541431,VIBRATION,-0.02837933,OK
15542681,VIBRATION,0.5175154,OK
15543931,VIBRATION,0.6010612,OK
15545181,VIBRATION,0.711091,OK
15546431,VIBRATION,0.1262177,OK
15547681,VIBRATION,0.03043717,OK
15548931,VIBRATION,0.1815589,OK
15550000,PRESSURE,101.3419,OK
15550000,TEMPERATURE,22.34211,OK
15550181,VIBRATION,0.3323835,OK
15551431,VIBRATION,0.2486815,OK
15552681,VIBRATION,0.5243497,OK
15553931,VIBRATION,0.5948106,OK
15555181,VIBRATION,1.003535,OK
15556431,VIBRATION,0.9262213,OK
15557681,VIBRATION,0.6619733,OK
15558931,VIBRATION,0.2682309,OK
15560000,PRESSURE,101.3322,OK
15560000,TEMPERATURE,22.26781,OK
15560181,VIBRATION,0.6695688,OK
15561431,VIBRATION,0.7213043,OK
15562681,VIBRATION,0.3470754,OK
15563931,VIBRATION,0.2839956,OK
15565181,VIBRATION,0.1527903,OK
15566431,VIBRATION,0.187993,OK
15567681,VIBRATION,0.08772636,OK
15568931,VIBRATION,0.3352313,OK
15570000,PRESSURE,101.275,OK
15570000,TEMPERATURE,22.17899,OK
15570181,VIBRATION,0.4325851,OK
15571431,VIBRATION,0.3947672,OK
15572681,VIBRATION,0.665246,OK
15573931,VIBRATION,0.7737226,OK
15575181,VIBRATION,0.9966679,OK
15576431,VIBRATION,0.7039066,OK
15577681,VIBRATION,0.2927261,OK
15578931,VIBRATION,0.8437003,OK
15580000,PRESSURE,101.2701,OK
15580000,TEMPERATURE,22.15566,OK
15580181,VIBRATION,1.099341,OK
15581431,VIBRATION,1.165058,OK
15582681,VIBRATION,0.88227,OK
15583931,VIBRATION,1.185176,OK
15585181,VIBRATION,1.097882,OK
15586431,VIBRATION,1.048457,OK
15587681,VIBRATION,1.118249,OK
15588931,VIBRATION,1.376317,OK
15590000,PRESSURE,101.1889,OK
15590000,TEMPERATURE,22.23441,OK
15590181,VIBRATION,1.551641,OK
15591431,VIBRATION,1.148042,OK
15592681,VIBRATION,1.795214,OK
15593931,VIBRATION,1.413697,OK
15595181,VIBRATION,1.433734,OK
15596431,VIBRATION,1.60011,OK
15597681,VIBRATION,2.118143,OK
15598931,VIBRATION,1.81893,OK
15600000,PRESSURE,101.2195,OK
15600000,TEMPERATURE,22.14648,OK
15600181,VIBRATION,1.846681,OK
15601431,VIBRATION,1.402302,OK
15602681,VIBRATION,1.119552,OK
15603931,VIBRATION,1.229335,OK
15605181,VIBRATION,1.307091,OK
15606431,VIBRATION,1.425453,OK
15607681,VIBRATION,0.3623807,OK
15608931,VIBRATION,1.082533,OK
15610000,PRESSURE,101.2739,OK
15610000,TEMPERATURE,22.11915,OK
15610181,VIBRATION,0.7501311,OK
15611431,VIBRATION,1.022313,OK
15612681,VIBRATION,0.8854154,OK
15613931,VIBRATION,0.5288417,OK
15615181,VIBRATION,0.06437989,OK
15616431,VIBRATION,0.1044527,OK
15617681,VIBRATION,0.01643027,OK
15618931,VIBRATION,-0.2950911,OK
15620000,PRESSURE,101.3268,OK
15620000,TEMPERATURE,22.02762,OK
15620181,VIBRATION,-0.2103225,OK
15621431,VIBRATION,-0.260183,OK
15622681,VIBRATION,-0.1813697,OK
15623931,VIBRATION,-0.1171356,OK
15625181,VIBRATION,0.190701,OK
15626431,VIBRATION,0.1283097,OK
15627681,VIBRATION,0.2124523,OK
15628931,VIBRATION,0.1012214,OK
15630000,PRESSURE,101.3659,OK
15630000,TEMPERATURE,22.18537,OK
15630181,VIBRATION,0.1272928,OK
15631431,VIBRATION,-0.1552403,OK
15632681,VIBRATION,-0.03943498,OK
15634062,VIBRATION,0.4222178,OK
15635182,VIBRATION,0.4689091,OK
15636431,VIBRATION,0.3228795,OK
15637681,VIBRATION,0.4960805,OK
15638931,VIBRATION,0.3193881,OK
15640000,PRESSURE,101.2633,OK
15640000,TEMPERATURE,22.07004,OK
15640181,VIBRATION,0.09835598,OK
15641431,VIBRATION,-0.1670409,OK
15642681,VIBRATION,-0.2048295,OK
15643931,VIBRATION,0.1644465,OK
15645181,VIBRATION,0.2701868,OK
15646431,VIBRATION,0.7307868,OK
15647681,VIBRATION,0.5705813,OK
15648931,VIBRATION,0.2774644,OK
15650000,PRESSURE,101.3682,OK
15650000,TEMPERATURE,22.0849,OK
15650181,VIBRATION,-0.07640656,OK
15651431,VIBRATION,-0.08387883,OK
15652681,VIBRATION,-0.1718838,OK
15653931,VIBRATION,-0.1265087,OK
15655181,VIBRATION,-0.05725655,OK
15656431,VIBRATION,0.003913733,OK
15657681,VIBRATION,-0.5905603,OK
15658931,VIBRATION,-0.4085068,OK
15660000,PRESSURE,101.2978,OK
15660000,TEMPERATURE,22.1104,OK
15660181,VIBRATION,-0.3313286,OK
15661431,VIBRATION,-0.287308,OK
15662681,VIBRATION,-0.5332403,OK
15663931,VIBRATION,-1.244966,OK
15665181,VIBRATION,-1.276015,OK
15666486,VIBRATION,-1.668565,OK
15667681,VIBRATION,-2.082409,OK
15668931,VIBRATION,-1.782465,OK
15670000,PRESSURE,101.4441,OK
15670000,TEMPERATURE,22.17295,OK
15670181,VIBRATION,-1.846841,OK
15671431,VIBRATION,-1.93361,OK
15672681,VIBRATION,-1.888305,OK
15673931,VIBRATION,-1.614917,OK
15675181,VIBRATION,-1.918323,OK
15676431,VIBRATION,-1.810622,OK
15677681,VIBRATION,-1.88443,OK
15678931,VIBRATION,-2.187054,OK
15680000,PRESSURE,101.3752,OK
15680000,TEMPERATURE,22.13099,OK
15680181,VIBRATION,-1.582931,OK
15681431,VIBRATION,-1.727931,OK
15682681,VIBRATION,-1.661796,OK
15683931,VIBRATION,-1.787656,OK
15685181,VIBRATION,-1.67451,OK
15686431,VIBRATION,-1.623131,OK
15687681,VIBRATION,-1.71613,OK
15688931,VIBRATION,-1.695306,OK
15690000,PRESSURE,101.3457,OK
15690000,TEMPERATURE,22.03762,OK
15690181,VIBRATION,-1.332845,OK
15691431,VIBRATION,-1.198885,OK
15692681,VIBRATION,-1.119535,OK
15693931,VIBRATION,-0.3661894,OK
15695181,VIBRATION,-0.4708163,OK
15696431,VIBRATION,-0.7004516,OK
15697681,VIBRATION,-0.3738513,OK
15698931,VIBRATION,-0.1098516,OK
15700000,PRESSURE,101.3441,OK
15700000,TEMPERATURE,21.97336,OK
15700181,VIBRATION,0.1517748,OK
15701431,VIBRATION,0.09347309,OK
15702681,VIBRATION,0.4020961,OK
15703931,VIBRATION,0.2318059,OK
15705181,VIBRATION,0.7789184,OK
15706431,VIBRATION,0.7478476,OK
15707681,VIBRATION,0.2384672,OK
15708931,VIBRATION,0.0254961,OK
15710000,PRESSURE,101.3378,OK
15710000,TEMPERATURE,22.21383,OK
15710181,VIBRATION,0.2729756,OK
15711431,VIBRATION,0.6202657,OK
15712681,VIBRATION,0.7519038,OK
15713931,VIBRATION,1.306733,OK
15715198,VIBRATION,1.368463,OK
15716431,VIBRATION,0.9965008,OK
15717681,VIBRATION,1.382008,OK
15718931,VIBRATION,1.541497,OK
15720000,PRESSURE,101.3514,OK
15720000,TEMPERATURE,22.18621,OK
15720181,VIBRATION,1.840923,OK
15721431,VIBRATION,1.67366,OK
15722681,VIBRATION,2.009337,OK
15723931,VIBRATION,2.107278,OK
15725181,VIBRATION,2.209407,OK
15726431,VIBRATION,2.332554,OK
15727681,VIBRATION,2.109151,OK
15728931,VIBRATION,2.386061,OK
15730000,PRESSURE,101.3951,OK
15730000,TEMPERATURE,22.20027,OK
15730181,VIBRATION,1.948472,OK
15731431,VIBRATION,1.866659,OK
15732681,VIBRATION,1.938238,OK
15733931,VIBRATION,1.909066,OK
15735181,VIBRATION,2.288909,OK
15736431,VIBRATION,2.07566,OK
15737681,VIBRATION,2.133815,OK
15738931,VIBRATION,1.874633,OK
15740000,PRESSURE,101.4065,OK
15740000,TEMPERATURE,22.15917,OK
15740181,VIBRATION,2.023417,OK
15741431,VIBRATION,2.562388,OK
15742681,VIBRATION,2.028816,OK
15743931,VIBRATION,1.723377,OK
15745181,VIBRATION,1.277394,OK
15746431,VIBRATION,0.7752522,OK
15747681,VIBRATION,0.7894154,OK
15748931,VIBRATION,0.5101397,OK
15750000,PRESSURE,101.4173,OK
15750000,TEMPERATURE,21.98608,OK
15750181,VIBRATION,0.8993598,OK
15751431,VIBRATION,1.166355,OK
15752681,VIBRATION,0.6520672,OK
15753931,VIBRATION,0.7509234,OK
15755181,VIBRATION,0.9694591,OK
15756432,VIBRATION,1.560494,OK
15757681,VIBRATION,1.17513,OK
15758931,VIBRATION,1.273853,OK
15760000,PRESSURE,101.5269,OK
15760000,TEMPERATURE,22.01514,OK
15760181,VIBRATION,1.466483,OK
15761431,VIBRATION,1.012289,OK
15762681,VIBRATION,0.4629484,OK
15763931,VIBRATION,0.4138536,OK
15765181,VIBRATION,1.145393,OK
15766431,VIBRATION,1.467953,OK
15767681,VIBRATION,1.532857,OK
15768931,VIBRATION,1.499021,OK
15770000,PRESSURE,101.5321,OK
15770000,TEMPERATURE,22.06047,OK
15770181,VIBRATION,1.177848,OK
15771431,VIBRATION,1.48566,OK
15772681,VIBRATION,1.189845,OK
15773931,VIBRATION,1.195075,OK
15775181,VIBRATION,1.84027,OK
15776431,VIBRATION,1.43932,OK
15777681,VIBRATION,1.279579,OK
15778931,VIBRATION,1.372095,OK
15780000,PRESSURE,101.528,OK
15780000,TEMPERATURE,22.06396,OK
15780181,VIBRATION,2.127173,OK
15781431,VIBRATION,2.299907,OK
15782681,VIBRATION,1.9506,OK
15783932,VIBRATION,1.547028,OK
15785181,VIBRATION,1.816707,OK
15786431,VIBRATION,2.353487,OK
15787681,VIBRATION,1.928733,OK
15788931,VIBRATION,1.791954,OK
15790000,PRESSURE,101.5202,OK
15790000,TEMPERATURE,22.11874,OK
15790181,VIBRATION,1.662246,OK
15791431,VIBRATION,1.7117,OK
15792681,VIBRATION,1.466802,OK
15793931,VIBRATION,1.329244,OK
15795181,VIBRATION,2.018517,OK
15796431,VIBRATION,2.081418,OK
15797723,VIBRATION,2.45519,OK
15798931,VIBRATION,2.564697,OK
15800000,PRESSURE,101.4859,OK
15800000,TEMPERATURE,22.12924,OK
15800181,VIBRATION,1.852453,OK
15801431,VIBRATION,1.930381,OK
15802681,VIBRATION,1.817917,OK
15803931,VIBRATION,1.485439,OK
15805181,VIBRATION,0.4832689,OK
15806431,VIBRATION,0.3750015,OK
15807682,VIBRATION,0.8155503,OK
15808931,VIBRATION,0.7782141,OK
15810000,PRESSURE,101.4765,OK
15810000,TEMPERATURE,22.12163,OK
15810181,VIBRATION,0.3501418,OK
15811431,VIBRATION,0.1233015,OK
15812681,VIBRATION,0.256378,OK
15813931,VIBRATION,0.115253,OK
15815181,VIBRATION,0.1456733,OK
15816431,VIBRATION,-0.02575792,OK
15817681,VIBRATION,-0.2538236,OK
15818931,VIBRATION,0.03960129,OK
15820000,PRESSURE,101.4314,OK
15820000,TEMPERATURE,22.09021,OK
15820181,VIBRATION,-0.01725341,OK
15821431,VIBRATION,-0.4522054,OK
15822682,VIBRATION,-0.5561239,OK
15823931,VIBRATION,-0.5776843,OK
15825181,VIBRATION,-0.7082315,OK
15826432,VIBRATION,-0.5982858,OK
15827681,VIBRATION,-0.5168247,OK
15828931,VIBRATION,-0.5405316,OK
15830000,PRESSURE,101.425,OK
15830000,TEMPERATURE,22.16838,OK
15830181,VIBRATION,-0.07031334,OK
15831431,VIBRATION,0.575912,OK
15832681,VIBRATION,0.9335944,OK
15833931,VIBRATION,0.7723302,OK
15835181,VIBRATION,0.4767485,OK
15836431,VIBRATION,-0.2276297,OK
15837681,VIBRATION,0.2415539,OK
15838931,VIBRATION,-0.04024681,OK
15840000,PRESSURE,101.4708,OK
15840000,TEMPERATURE,22.25306,OK
15840181,VIBRATION,-0.09789947,OK
15841431,VIBRATION,-0.2578494,OK
15842681,VIBRATION,-0.3836197,OK
15843931,VIBRATION,-0.855128,OK
15845181,VIBRATION,-1.010767,OK
15846431,VIBRATION,-0.9720063,OK
15847681,VIBRATION,-0.2239594,OK
15848931,VIBRATION,-0.4863063,OK
15850020,PRESSURE,101.5414,OK
15850020,TEMPERATURE,22.29101,OK
15850181,VIBRATION,-0.3840177,OK
15851431,VIBRATION,-0.1089125,OK
15852681,VIBRATION,0.08955113,OK
15853931,VIBRATION,0.01760875,OK
15855181,VIBRATION,-0.03148532,OK
15856431,VIBRATION,0.07882108,OK
15857681,VIBRATION,0.2470871,OK
15858931,VIBRATION,-0.0758744,OK
15860000,PRESSURE,101.5547,OK
15860000,TEMPERATURE,22.34249,OK
15860181,VIBRATION,0.794998,OK
15861431,VIBRATION,0.5371156,OK
15862681,VIBRATION,0.586564,OK
15863931,VIBRATION,0.4708361,OK
15865181,VIBRATION,0.2183583,OK
15866431,VIBRATION,0.9851317,OK
15867681,VIBRATION,1.175647,OK
15868931,VIBRATION,0.9671395,OK
15870000,PRESSURE,101.4867,OK
15870000,TEMPERATURE,22.24765,OK
15870181,VIBRATION,1.048679,OK
15871431,VIBRATION,0.9436951,OK
15872681,VIBRATION,0.672967,OK
15873935,VIBRATION,0.2977409,OK
15875181,VIBRATION,0.479396,OK
15876431,VIBRATION,0.1679852,OK
15877681,VIBRATION,0.01568537,OK
15878931,VIBRATION,-0.1424084,OK
15880000,PRESSURE,101.4738,OK
15880000,TEMPERATURE,21.99128,OK
15880181,VIBRATION,-0.3214695,OK
15881431,VIBRATION,-0.3752437,OK
15882681,VIBRATION,-0.1990553,OK
15883931,VIBRATION,-0.5564818,OK
15885181,VIBRATION,-0.6360427,OK
15886431,VIBRATION,-0.8347443,OK
15887681,VIBRATION,-0.1220636,OK
15888931,VIBRATION,-0.3916565,OK
15890000,PRESSURE,101.3821,OK
15890000,TEMPERATURE,21.98588,OK
15890181,VIBRATION,-0.5434241,OK
15891431,VIBRATION,-0.0218072,OK
15892681,VIBRATION,0.191645,OK
15893931,VIBRATION,-0.008971685,OK
15895181,VIBRATION,0.1959513,OK
15896431,VIBRATION,0.4043274,OK
15897681,VIBRATION,0.8139025,OK
15898931,VIBRATION,0.5228124,OK
15900000,PRESSURE,101.3007,OK
15900000,TEMPERATURE,21.98748,OK
15900181,VIBRATION,0.4169763,OK
15901431,VIBRATION,0.1135782,OK
15902681,VIBRATION,0.2402594,OK
15903931,VIBRATION,0.1017025,OK
15905181,VIBRATION,-0.2454304,OK
15906431,VIBRATION,-0.2600693,OK
15907681,VIBRATION,-0.2712617,OK
15908931,VIBRATION,0.007876409,OK
15910000,PRESSURE,101.2178,OK
15910000,TEMPERATURE,21.96891,OK
15910181,VIBRATION,-0.1291758,OK
15911431,VIBRATION,0.2757465,OK
15912681,VIBRATION,0.2550702,OK
15913931,VIBRATION,0.3578744,OK
15915181,VIBRATION,-0.01320419,OK
15916431,VIBRATION,-0.4160407,OK
15917681,VIBRATION,-0.5150263,OK
15918931,VIBRATION,-0.6761963,OK
15920000,PRESSURE,101.2238,OK
15920000,TEMPERATURE,21.91132,OK
15920181,VIBRATION,-0.1862641,OK
15921431,VIBRATION,-0.2027609,OK
15922681,VIBRATION,-0.8174959,OK
15923931,VIBRATION,-0.7235266,OK
15925181,VIBRATION,-0.6127945,OK
15926431,VIBRATION,-0.4466604,OK
15927681,VIBRATION,-0.5377975,OK
15928931,VIBRATION,-0.4296577,OK
15930000,PRESSURE,101.2724,OK
15930000,TEMPERATURE,21.67537,OK
15930181,VIBRATION,-0.4519296,OK
15931431,VIBRATION,-0.2877604,OK
15932681,VIBRATION,0.09249178,OK
15933931,VIBRATION,0.004395857,OK
15935181,VIBRATION,-0.07544664,OK
15936431,VIBRATION,-0.3241774,OK
15937681,VIBRATION,-0.4081607,OK
15938931,VIBRATION,-0.2365152,OK
15940000,PRESSURE,101.305,OK
15940000,TEMPERATURE,21.58323,OK
15940181,VIBRATION,-0.6166527,OK
15941431,VIBRATION,-0.352117,OK
15942681,VIBRATION,-0.07534608,OK
15943931,VIBRATION,0.5319077,OK
15945181,VIBRATION,0.4800427,OK
15946431,VIBRATION,0.774017,OK
15947681,VIBRATION,0.6448429,OK
15948931,VIBRATION,0.7187193,OK
15950000,PRESSURE,101.3161,OK
15950000,TEMPERATURE,21.61123,OK
15950181,VIBRATION,0.5963916,OK
15951431,VIBRATION,0.4257842,OK
15952681,VIBRATION,0.501749,OK
15953931,VIBRATION,0.09139727,OK
15955181,VIBRATION,0.3616413,OK
15956431,VIBRATION,0.3417463,OK
15957681,VIBRATION,-0.0614411,OK
15958931,VIBRATION,0.03789394,OK
15960000,PRESSURE,101.2747,OK
15960000,TEMPERATURE,21.75506,OK
15960181,VIBRATION,0.4032202,OK
15961431,VIBRATION,0.5469589,OK
15962681,VIBRATION,0.1399717,OK
15963932,VIBRATION,0.1862918,OK
15965181,VIBRATION,-0.116667,OK
15966431,VIBRATION,0.3599605,OK
15967681,VIBRATION,0.1753885,OK
15968931,VIBRATION,0.33862,OK
15970000,PRESSURE,101.3207,OK
15970000,TEMPERATURE,21.95632,OK
15970181,VIBRATION,0.3344696,OK
15971431,VIBRATION,0.4387598,OK
15972681,VIBRATION,0.670524,OK
15973931,VIBRATION,0.8396172,OK
15975181,VIBRATION,0.9788705,OK
15976431,VIBRATION,1.702501,OK
15977681,VIBRATION,1.541137,OK
15978931,VIBRATION,1.126946,OK
15980000,PRESSURE,101.4032,OK
15980000,TEMPERATURE,22.07279,OK
15980181,VIBRATION,0.997292,OK
15981431,VIBRATION,0.4054662,OK
15982681,VIBRATION,0.3823652,OK
15983931,VIBRATION,0.5077081,OK
15985181,VIBRATION,0.2291324,OK
15986431,VIBRATION,0.7010132,OK
15987681,VIBRATION,0.8011938,OK
15988931,VIBRATION,1.223838,OK
15990000,PRESSURE,101.3141,OK
15990000,TEMPERATURE,22.05871,OK
15990181,VIBRATION,1.35456,OK
15991431,VIBRATION,1.512512,OK
15992681,VIBRATION,1.505074,OK
15993931,VIBRATION,1.687368,OK
15995351,VIBRATION,1.645827,OK
15996431,VIBRATION,1.172847,OK
15997681,VIBRATION,1.71188,OK
15998931,VIBRATION,2.0101,OK
16000012,PRESSURE,101.4006,OK
16000012,TEMPERATURE,21.99984,OK
16000012,HUMIDITY,43.98594,OK
16000204,VIBRATION,1.492281,OK
16001431,VIBRATION,1.647445,OK
16002681,VIBRATION,1.341429,OK
16003931,VIBRATION,2.035943,OK
16005181,VIBRATION,1.74372,OK
16006431,VIBRATION,1.983116,OK
16007681,VIBRATION,1.744381,OK
16008931,VIBRATION,1.790037,OK
16010000,PRESSURE,101.3766,OK
16010000,TEMPERATURE,21.89192,OK
16010181,VIBRATION,1.966129,OK
16011431,VIBRATION,1.961586,OK
16012682,VIBRATION,1.984883,OK
16013931,VIBRATION,2.297559,OK
16015181,VIBRATION,2.344594,OK
16016431,VIBRATION,2.315409,OK
16017681,VIBRATION,2.211923,OK
16018931,VIBRATION,2.072088,OK
16020000,PRESSURE,101.3609,OK
16020000,TEMPERATURE,21.90222,OK
16020181,VIBRATION,2.394864,OK
16021431,VIBRATION,2.118866,OK
16022681,VIBRATION,1.979367,OK
16023931,VIBRATION,1.712214,OK
16025181,VIBRATION,1.253545,OK
16026431,VIBRATION,1.138174,OK
16027681,VIBRATION,1.47434,OK
16028931,VIBRATION,1.474307,OK
16030000,PRESSURE,101.393,OK
16030000,TEMPERATURE,21.97096,OK
16030181,VIBRATION,1.914938,OK
16031431,VIBRATION,1.582835,OK
16032681,VIBRATION,1.603719,OK
16033931,VIBRATION,1.115399,OK
16035181,VIBRATION,0.3632403,OK
16036431,VIBRATION,0.3948393,OK
16037681,VIBRATION,0.03793746,OK
16038931,VIBRATION,0.5258679,OK
16040000,PRESSURE,101.4173,OK
16040000,TEMPERATURE,21.83997,OK
16040181,VIBRATION,0.6969623,OK
16041431,VIBRATION,0.966531,OK
16042681,VIBRATION,0.9737181,OK
16043931,VIBRATION,0.9674339,OK
16045181,VIBRATION,0.528963,OK
16046431,VIBRATION,0.9087003,OK
16047681,VIBRATION,0.6851629,OK
16048931,VIBRATION,0.6601451,OK
16050000,PRESSURE,101.277,OK
16050000,TEMPERATURE,21.99304,OK
16050181,VIBRATION,-0.04427106,OK
16051431,VIBRATION,0.5419818,OK
16052681,VIBRATION,0.5010092,OK
16053931,VIBRATION,-0.05908071,OK
16055181,VIBRATION,-0.3485875,OK
16056431,VIBRATION,-0.1634324,OK
16057681,VIBRATION,-0.2077316,OK
16058931,VIBRATION,-0.08590014,OK
16060000,PRESSURE,101.2346,OK
16060000,TEMPERATURE,21.93812,OK
16060181,VIBRATION,-0.1534503,OK
16061434,VIBRATION,-0.2307261,OK
16062681,VIBRATION,-0.186938,OK
16063931,VIBRATION,-0.02942658,OK
16065181,VIBRATION,0.2145088,OK
16066431,VIBRATION,-0.01831106,OK
16067681,VIBRATION,-0.4344467,OK
16068931,VIBRATION,-0.5598061,OK
16070000,PRESSURE,101.2444,OK
16070000,TEMPERATURE,21.89177,OK
16070181,VIBRATION,-0.4923947,OK
16071431,VIBRATION,-0.6719284,OK
16072681,VIBRATION,-0.9660927,OK
16073931,VIBRATION,-0.6577608,OK
16075181,VIBRATION,-0.2885569,OK
16076431,VIBRATION,-0.6316331,OK
16077681,VIBRATION,-0.5865779,OK
16078931,VIBRATION,-0.3803836,OK
16080000,PRESSURE,101.2349,OK
16080000,TEMPERATURE,21.9438,OK
16080181,VIBRATION,-0.4152521,OK
16081431,VIBRATION,-0.4857098,OK
16082681,VIBRATION,-0.62727,OK
16083931,VIBRATION,-0.6066718,OK
16085181,VIBRATION,-0.5605672,OK
16086431,VIBRATION,-0.5455737,OK
16087681,VIBRATION,-0.3057447,OK
16088931,VIBRATION,-0.09433662,OK
16090000,PRESSURE,101.1922,OK
16090000,TEMPERATURE,22.01077,OK
16090181,VIBRATION,0.006421812,OK
16091431,VIBRATION,0.009901432,OK
16092681,VIBRATION,-0.5047949,OK
16093931,VIBRATION,-0.6222061,OK
16095181,VIBRATION,-0.3934126,OK
16096431,VIBRATION,-0.3275649,OK
16097681,VIBRATION,0.06479707,OK
16098931,VIBRATION,-0.0545989,OK
16100000,PRESSURE,101.2199,OK
16100000,TEMPERATURE,22.07335,OK
16100181,VIBRATION,-0.06170504,OK
16101431,VIBRATION,-0.2706919,OK
16102681,VIBRATION,-0.3099135,OK
16103931,VIBRATION,-0.500407,OK
16105181,VIBRATION,-0.5877031,OK
16106431,VIBRATION,-0.3127685,OK
16107681,VIBRATION,0.008777868,OK
16108931,VIBRATION,-0.0186832,OK
16110000,PRESSURE,101.2096,OK
16110000,TEMPERATURE,22.15785,OK
16110181,VIBRATION,0.385057,OK
16111431,VIBRATION,0.573287,OK
16112681,VIBRATION,1.031672,OK
16114107,VIBRATION,0.5342591,OK
16115181,VIBRATION,0.6671679,OK
16116431,VIBRATION,0.7754399,OK
16117681,VIBRATION,0.2683237,OK
16118931,VIBRATION,0.8427971,OK
16120000,PRESSURE,101.1911,OK
16120000,TEMPERATURE,22.24543,OK
16120181,VIBRATION,1.092638,OK
16121431,VIBRATION,0.618839,OK
16122681,VIBRATION,0.6431257,OK
16123931,VIBRATION,0.6460532,OK
16125181,VIBRATION,0.3482083,OK
16126431,VIBRATION,0.1581964,OK
16127681,VIBRATION,0.3083917,OK
16128931,VIBRATION,0.2142837,OK
16130000,PRESSURE,101.1578,OK
16130000,TEMPERATURE,22.18642,OK
16130181,VIBRATION,-0.09325212,OK
16131431,VIBRATION,-0.4289488,OK
16132681,VIBRATION,-0.2306271,OK
16133931,VIBRATION,-0.05235085,OK
16135181,VIBRATION,-0.1969896,OK
16136431,VIBRATION,-0.08412986,OK
16137681,VIBRATION,0.2759053,OK
16138931,VIBRATION,0.0588778,OK
16140000,PRESSURE,101.0872,OK
16140000,TEMPERATURE,22.1863,OK
16140181,VIBRATION,0.08674047,OK
16141431,VIBRATION,0.2040556,OK
16142681,VIBRATION,0.4450896,OK
16143931,VIBRATION,0.1115267,OK
16145181,VIBRATION,-0.4087194,OK
16146431,VIBRATION,-0.7557744,OK
16147681,VIBRATION,-0.6482647,OK
16148931,VIBRATION,-0.6213747,OK
16150000,PRESSURE,101.104,OK
16150000,TEMPERATURE,22.24583,OK
16150181,VIBRATION,-0.3928924,OK
16151431,VIBRATION,-0.559225,OK
16152681,VIBRATION,-0.4095749,OK
16153931,VIBRATION,-0.7302072,OK
16155181,VIBRATION,-0.8906413,OK
16156431,VIBRATION,-1.076688,OK
16157681,VIBRATION,-0.6838944,OK
16158931,VIBRATION,-0.3525404,OK
16160007,PRESSURE,101.1755,OK
16160007,TEMPERATURE,22.24246,OK
16160181,VIBRATION,-0.1601758,OK
16161431,VIBRATION,-0.1999408,OK
16162681,VIBRATION,-0.002124376,OK
16163931,VIBRATION,0.5120157,OK
16165181,VIBRATION,0.7409746,OK
16166431,VIBRATION,0.9614634,OK
16167681,VIBRATION,1.122618,OK
16168931,VIBRATION,1.308485,OK
16170000,PRESSURE,101.1345,OK
16170000,TEMPERATURE,22.40118,OK
16170181,VIBRATION,1.331097,OK
16171431,VIBRATION,1.29346,OK
16172681,VIBRATION,1.24745,OK
16173931,VIBRATION,0.8542608,OK
16175182,VIBRATION,0.305181,OK
16176431,VIBRATION,0.1482543,OK
16177681,VIBRATION,0.4099384,OK
16178931,VIBRATION,0.383521,OK
16180000,PRESSURE,101.0969,OK
16180000,TEMPERATURE,22.35949,OK
16180181,VIBRATION,0.01509614,OK
16181431,VIBRATION,0.1288958,OK
16182681,VIBRATION,0.6823527,OK
16183931,VIBRATION,0.2695901,OK
16185181,VIBRATION,-0.7926151,OK
16186431,VIBRATION,-1.202339,OK
16187681,VIBRATION,-1.121745,OK
16188931,VIBRATION,-1.326886,OK
16190000,PRESSURE,101.1037,OK
16190000,TEMPERATURE,22.32794,OK
16190181,VIBRATION,-1.007719,OK
16191431,VIBRATION,-0.7246817,OK
16192681,VIBRATION,-0.2781525,OK
16193931,VIBRATION,-0.5446469,OK
16195181,VIBRATION,-0.6607737,OK
16196431,VIBRATION,-0.5048427,OK
16197681,VIBRATION,-0.5576592,OK
16198931,VIBRATION,-0.399341,OK
16200000,PRESSURE,101.1515,OK
16200000,TEMPERATURE,22.24084,OK
16200181,VIBRATION,-0.6884302,OK
16201431,VIBRATION,-0.1862878,OK
16202681,VIBRATION,-0.1866953,OK
16203931,VIBRATION,-0.08965546,OK
16205181,VIBRATION,0.1053048,OK
16206431,VIBRATION,0.4163137,OK
16207681,VIBRATION,0.6465602,OK
16208931,VIBRATION,1.121604,OK
16210000,PRESSURE,101.1976,OK
16210000,TEMPERATURE,22.13146,OK
16210181,VIBRATION,0.5355846,OK
16211431,VIBRATION,0.1916266,OK
16212681,VIBRATION,-0.04782383,OK
16213931,VIBRATION,0.3535314,OK
16215181,VIBRATION,-0.1021805,OK
16216431,VIBRATION,-0.2684628,OK
16217681,VIBRATION,-0.5934769,OK
16218931,VIBRATION,-0.131869,OK
16220000,PRESSURE,101.2372,OK
16220000,TEMPERATURE,22.06164,OK
16220181,VIBRATION,-0.303188,OK
16221431,VIBRATION,-0.4025483,OK
16222681,VIBRATION,-0.3358218,OK
16223936,VIBRATION,0.1149666,OK
16225181,VIBRATION,0.0340287,OK
16226431,VIBRATION,-0.3866826,OK
16227681,VIBRATION,-0.671878,OK
16228931,VIBRATION,-0.6418225,OK
16230000,PRESSURE,101.296,OK
16230000,TEMPERATURE,22.14277,OK
16230181,VIBRATION,-0.9431318,OK
16231431,VIBRATION,-0.4892551,OK
16232681,VIBRATION,-1.043852,OK
16233931,VIBRATION,-1.750362,OK
16235181,VIBRATION,-1.548706,OK
16236431,VIBRATION,-1.292584,OK
16237681,VIBRATION,-1.002709,OK
16238931,VIBRATION,-1.478149,OK
16240000,PRESSURE,101.2893,OK
16240000,TEMPERATURE,22.24016,OK
16240181,VIBRATION,-1.740392,OK
16241431,VIBRATION,-2.253116,OK
16242681,VIBRATION,-2.183879,OK
16243931,VIBRATION,-2.035368,OK
16245181,VIBRATION,-1.964986,OK
16246431,VIBRATION,-1.94043,OK
16247681,VIBRATION,-2.061546,OK
16248960,VIBRATION,-2.054479,OK
16250000,PRESSURE,101.2463,OK
16250000,TEMPERATURE,22.20904,OK
16250181,VIBRATION,-2.229031,OK
16251431,VIBRATION,-2.685027,OK
16252681,VIBRATION,-2.282857,OK
16253931,VIBRATION,-2.103167,OK
16255181,VIBRATION,-2.001779,OK
16256431,VIBRATION,-2.066744,OK
16257681,VIBRATION,-1.992398,OK
16258931,VIBRATION,-2.191942,OK
16260000,PRESSURE,101.2006,OK
16260000,TEMPERATURE,22.10003,OK
16260181,VIBRATION,-1.725789,OK
16261431,VIBRATION,-1.676116,OK
16262681,VIBRATION,-1.478638,OK
16263931,VIBRATION,-1.579825,OK
16265181,VIBRATION,0,COMM_ERROR
16266431,VIBRATION,-1.488243,OK
16267681,VIBRATION,-1.660559,OK
16268931,VIBRATION,-1.586919,OK
16270000,PRESSURE,101.2498,OK
16270000,TEMPERATURE,22.23979,OK
16270181,VIBRATION,-1.586041,OK
16271431,VIBRATION,-1.211792,OK
16272681,VIBRATION,-1.194292,OK
16273977,VIBRATION,-0.568749,OK
16275181,VIBRATION,-0.5979173,OK
16276520,VIBRATION,-0.5123557,OK
16277681,VIBRATION,-0.1941588,OK
16278931,VIBRATION,0.06191398,OK
16280000,PRESSURE,101.1445,OK
16280000,TEMPERATURE,22.24453,OK
16280181,VIBRATION,0.3549991,OK
16281431,VIBRATION,0.5491685,OK
16282681,VIBRATION,0.2218119,OK
16283931,VIBRATION,-0.5156264,OK
16285181,VIBRATION,-0.2499892,OK
16286431,VIBRATION,-0.04451651,OK
16287681,VIBRATION,-0.04864648,OK
16288931,VIBRATION,-0.08544734,OK
16290000,PRESSURE,101.2489,OK
16290000,TEMPERATURE,22.27885,OK
16290181,VIBRATION,-0.1995348,OK
16291431,VIBRATION,-0.08612559,OK
16292681,VIBRATION,0.1397024,OK
16293931,VIBRATION,0.4517792,OK
16295181,VIBRATION,0.5152494,OK
16296431,VIBRATION,0.4701193,OK
16297681,VIBRATION,1.033929,OK
16298931,VIBRATION,0.973976,OK
16300000,PRESSURE,101.2299,OK
16300000,TEMPERATURE,22.09103,OK
16300181,VIBRATION,1.120705,OK
16301431,VIBRATION,1.322683,OK
16302681,VIBRATION,1.066964,OK
16303931,VIBRATION,1.35759,OK
16305181,VIBRATION,1.125002,OK
16306431,VIBRATION,1.064347,OK
16307681,VIBRATION,1.047911,OK
16308931,VIBRATION,0.9525642,OK
16310000,PRESSURE,101.1239,OK
16310000,TEMPERATURE,21.97571,OK
16310181,VIBRATION,1.302316,OK
16311431,VIBRATION,0.8560916,OK
16312681,VIBRATION,0.9221956,OK
16313931,VIBRATION,1.120805,OK
16315181,VIBRATION,1.007906,OK
16316431,VIBRATION,1.104018,OK
16317681,VIBRATION,1.291398,OK
16318931,VIBRATION,1.129314,OK
16320000,PRESSURE,101.1577,OK
16320000,TEMPERATURE,22.04484,OK
16320181,VIBRATION,0.4939103,OK
16321431,VIBRATION,0.8858704,OK
16322681,VIBRATION,1.038021,OK
16323931,VIBRATION,0.7888304,OK
16325181,VIBRATION,0.703192,OK
16326431,VIBRATION,1.306776,OK
16327681,VIBRATION,0.7383743,OK
16328931,VIBRATION,0.3824308,OK
16330000,PRESSURE,101.1548,OK
16330000,TEMPERATURE,22.06269,OK
16330181,VIBRATION,0.4198816,OK
16331431,VIBRATION,0.1244515,OK
16332691,VIBRATION,0.2526689,OK
16333931,VIBRATION,0.7249785,OK
16335181,VIBRATION,0.5137978,OK
16336431,VIBRATION,0.5201068,OK
16337681,VIBRATION,0.5067568,OK
16338986,VIBRATION,0.3089116,OK
16340000,PRESSURE,101.1095,OK
16340000,TEMPERATURE,22.15707,OK
16340181,VIBRATION,0.4133731,OK
16341431,VIBRATION,0.6611862,OK
16342681,VIBRATION,0.686787,OK
16343931,VIBRATION,0.3959548,OK
16345181,VIBRATION,-0.06126519,OK
16346431,VIBRATION,-0.1168105,OK
16347681,VIBRATION,-0.6884444,OK
16348931,VIBRATION,-1.067078,OK
16350000,PRESSURE,101.1277,OK
16350000,TEMPERATURE,22.37141,OK
16350181,VIBRATION,-0.8559624,OK
16351431,VIBRATION,-1.191951,OK
16352681,VIBRATION,-1.696466,OK
16353931,VIBRATION,-1.423467,OK
16355181,VIBRATION,-1.067327,OK
16356431,VIBRATION,-0.4683001,OK
16357681,VIBRATION,-0.2984767,OK
16358931,VIBRATION,-0.2376621,OK
16360000,PRESSURE,101.1073,OK
16360000,TEMPERATURE,22.33042,OK
16360181,VIBRATION,-0.3571816,OK
16361431,VIBRATION,0.01967673,OK
16362681,VIBRATION,-0.3770663,OK
16363931,VIBRATION,-0.5037945,OK
16365181,VIBRATION,-0.3265902,OK
16366431,VIBRATION,-0.1190796,OK
16367681,VIBRATION,0.281917,OK
16368931,VIBRATION,0.4451846,OK
16370000,PRESSURE,101.0994,OK
16370000,TEMPERATURE,22.23378,OK
16370181,VIBRATION,0.6456389,OK
16371431,VIBRATION,1.089882,OK
16372681,VIBRATION,1.338341,OK
16373931,VIBRATION,1.190092,OK
16375182,VIBRATION,1.32288,OK
16376431,VIBRATION,1.782204,OK
16377681,VIBRATION,2.025935,OK
16378931,VIBRATION,1.513468,OK
16380000,PRESSURE,101.0815,OK
16380000,TEMPERATURE,22.33466,OK
16380181,VIBRATION,1.451647,OK
16381431,VIBRATION,1.351065,OK
16382681,VIBRATION,1.340074,OK
16383931,VIBRATION,1.361601,OK
16385181,VIBRATION,1.502241,OK
16386431,VIBRATION,1.758629,OK
16387681,VIBRATION,1.34561,OK
16389064,VIBRATION,1.44417,OK
16390000,PRESSURE,101.1243,OK
16390000,TEMPERATURE,22.26184,OK
16390181,VIBRATION,1.135712,OK
16391431,VIBRATION,1.330196,OK
16392681,VIBRATION,1.273661,OK
16393931,VIBRATION,1.542959,OK
16395181,VIBRATION,1.711888,OK
16396431,VIBRATION,1.760554,OK
16397681,VIBRATION,1.964146,OK
16398931,VIBRATION,1.694387,OK
16400000,PRESSURE,101.132,OK
16400000,TEMPERATURE,22.31931,OK
16400181,VIBRATION,1.979645,OK
16401431,VIBRATION,1.996389,OK
16402681,VIBRATION,1.768338,OK
16403931,VIBRATION,2.025804,OK
16405181,VIBRATION,1.673142,OK
16406431,VIBRATION,1.823091,OK
16407681,VIBRATION,1.724669,OK
16408931,VIBRATION,2.038036,OK
16410000,PRESSURE,101.2061,OK
16410000,TEMPERATURE,22.19206,OK
16410181,VIBRATION,2.295713,OK
16411431,VIBRATION,2.408168,OK
16412681,VIBRATION,2.505862,OK
16413931,VIBRATION,2.527689,OK
16415181,VIBRATION,2.437561,OK
16416431,VIBRATION,2.651786,OK
16417681,VIBRATION,2.346754,OK
16418931,VIBRATION,2.759889,OK
16420000,PRESSURE,101.2803,OK
16420000,TEMPERATURE,22.35639,OK
16420181,VIBRATION,2.136154,OK
16421431,VIBRATION,2.06633,OK
16422681,VIBRATION,2.251895,OK
16423931,VIBRATION,2.269838,OK
16425181,VIBRATION,1.872399,OK
16426431,VIBRATION,2.174546,OK
16427681,VIBRATION,1.802519,OK
16428931,VIBRATION,1.817965,OK
16430000,PRESSURE,101.2307,OK
16430000,TEMPERATURE,22.33816,OK
16430182,VIBRATION,1.412343,OK
16431431,VIBRATION,1.646445,OK
16432681,VIBRATION,1.592976,OK
16433931,VIBRATION,1.697592,OK
16435181,VIBRATION,1.113748,OK
16436431,VIBRATION,1.414963,OK
16437681,VIBRATION,0.8879335,OK
16438931,VIBRATION,1.178958,OK
16440000,PRESSURE,101.1723,OK
16440000,TEMPERATURE,22.45117,OK
16440181,VIBRATION,0.7976253,OK
16441431,VIBRATION,0.7201631,OK
16442681,VIBRATION,0.6506589,OK
16443931,VIBRATION,0.6016827,OK
16445181,VIBRATION,0.9350348,OK
16446431,VIBRATION,0.6792452,OK
16447681,VIBRATION,0.4919191,OK
16448931,VIBRATION,0.4511601,OK
16450000,PRESSURE,101.1179,OK
16450000,TEMPERATURE,22.51815,OK
16450181,VIBRATION,0.3057261,OK
16451431,VIBRATION,-0.1191614,OK
16452681,VIBRATION,-0.5720252,OK
16453931,VIBRATION,-0.4145165,OK
16455181,VIBRATION,-0.1898054,OK
16456431,VIBRATION,0.3710107,OK
16457681,VIBRATION,0.352486,OK
16458931,VIBRATION,0.2675648,OK
16460000,PRESSURE,101.1178,OK
16460000,TEMPERATURE,22.45738,OK
16460181,VIBRATION,0.5233553,OK
16461431,VIBRATION,0.48657,OK
16462681,VIBRATION,0.2338002,OK
16463931,VIBRATION,-0.0931759,OK
16465181,VIBRATION,0.3805618,OK
16466431,VIBRATION,0.1992083,OK
16467681,VIBRATION,0.678159,OK
16468931,VIBRATION,0.492139,OK
16470000,PRESSURE,101.2065,OK
16470000,TEMPERATURE,22.59891,OK
16470181,VIBRATION,0.30019,OK
16471431,VIBRATION,0.4864117,OK
16472681,VIBRATION,0.3501594,OK
16473931,VIBRATION,-0.184948,OK
16475181,VIBRATION,0.2442319,OK
16476431,VIBRATION,0.4501437,OK
16477681,VIBRATION,0.83005,OK
16478931,VIBRATION,0.7370364,OK
16480000,PRESSURE,101.2658,OK
16480000,TEMPERATURE,22.48908,OK
16480181,VIBRATION,1.208913,OK
16481431,VIBRATION,1.390125,OK
16482681,VIBRATION,1.439526,OK
16483931,VIBRATION,1.531069,OK
16485181,VIBRATION,1.620179,OK
16486431,VIBRATION,1.389481,OK
16487681,VIBRATION,1.506092,OK
16488932,VIBRATION,1.819012,OK
16490000,PRESSURE,101.2446,OK
16490000,TEMPERATURE,22.47763,OK
16490181,VIBRATION,1.715007,OK
16491431,VIBRATION,1.537793,OK
16492681,VIBRATION,1.782725,OK
16493931,VIBRATION,1.97618,OK
16495181,VIBRATION,1.936211,OK
16496431,VIBRATION,2.028451,OK
16497681,VIBRATION,1.846151,OK
16498933,VIBRATION,2.011605,OK
16500000,PRESSURE,101.2122,OK
16500000,TEMPERATURE,22.38694,OK
16500181,VIBRATION,2.299747,OK
16501431,VIBRATION,2.679574,OK
16502681,VIBRATION,2.581899,OK
16503931,VIBRATION,2.340254,OK
16505181,VIBRATION,1.740071,OK
16506431,VIBRATION,1.80354,OK
16507681,VIBRATION,1.466135,OK
16508931,VIBRATION,1.403299,OK
16510000,PRESSURE,101.2731,OK
16510000,TEMPERATURE,22.48699,OK
16510181,VIBRATION,1.179752,OK
16511431,VIBRATION,1.141746,OK
16512681,VIBRATION,0.7777237,OK
16513931,VIBRATION,0.8220726,OK
16515181,VIBRATION,0.3894664,OK
16516431,VIBRATION,0.09286751,OK
16517681,VIBRATION,-0.05289997,OK
16519062,VIBRATION,-0.3864883,OK
16520000,PRESSURE,101.2732,OK
16520000,TEMPERATURE,22.55369,OK
16520181,VIBRATION,-0.5148537,OK
16521431,VIBRATION,-0.1847877,OK
16522681,VIBRATION,-0.133268,OK
16523931,VIBRATION,-0.3279763,OK
16525181,VIBRATION,-0.7818465,OK
16526431,VIBRATION,-0.781461,OK
16527681,VIBRATION,-0.8373797,OK
16528931,VIBRATION,-0.3843932,OK
16530000,PRESSURE,101.2982,OK
16530000,TEMPERATURE,22.58052,OK
16530181,VIBRATION,-0.6378724,OK
16531431,VIBRATION,-0.9606988,OK
16532681,VIBRATION,-1.067411,OK
16533931,VIBRATION,-1.340666,OK
16535181,VIBRATION,-1.001269,OK
16536431,VIBRATION,-0.8758009,OK
16537681,VIBRATION,-1.182458,OK
16538931,VIBRATION,-1.271537,OK
16540000,PRESSURE,101.2904,OK
16540000,TEMPERATURE,22.61622,OK
16540181,VIBRATION,-0.7016363,OK
16541431,VIBRATION,-0.3518317,OK
16542681,VIBRATION,-0.2956953,OK
16543931,VIBRATION,0.0002036063,OK
16545181,VIBRATION,-0.2378142,OK
16546431,VIBRATION,0.4374491,OK
16547681,VIBRATION,0.6821988,OK
16548931,VIBRATION,0.8816207,OK
16550000,PRESSURE,101.3053,OK
16550000,TEMPERATURE,22.44831,OK
16550181,VIBRATION,1.071994,OK
16551431,VIBRATION,0.9483759,OK
16552681,VIBRATION,0.7597889,OK
16553931,VIBRATION,0.530646,OK
16555181,VIBRATION,0.3353879,OK
16556431,VIBRATION,-0.2373092,OK
16557681,VIBRATION,-0.3703763,OK
16558931,VIBRATION,0.1261551,OK
16560000,PRESSURE,101.2605,OK
16560000,TEMPERATURE,22.32133,OK
16560181,VIBRATION,0.2351287,OK
16561431,VIBRATION,0.2362162,OK
16562681,VIBRATION,0.0749596,OK
16563931,VIBRATION,0.4221282,OK
16565181,VIBRATION,0.3674051,OK
16566431,VIBRATION,0.6403184,OK
16567681,VIBRATION,0.532546,OK
16568931,VIBRATION,1.195003,OK
16570000,PRESSURE,101.2186,OK
16570000,TEMPERATURE,22.24194,OK
16570181,VIBRATION,0.9328206,OK
16571431,VIBRATION,1.051908,OK
16572681,VIBRATION,1.178873,OK
16573931,VIBRATION,1.517344,OK
16575181,VIBRATION,1.689346,OK
16576431,VIBRATION,1.643924,OK
16577681,VIBRATION,1.601677,OK
16578931,VIBRATION,1.449736,OK
16580000,PRESSURE,101.1909,OK
16580000,TEMPERATURE,22.1928,OK
16580181,VIBRATION,1.093225,OK
16581431,VIBRATION,0.9103747,OK
16582681,VIBRATION,0.6053676,OK
16583931,VIBRATION,0.8177745,OK
16585181,VIBRATION,0.6890488,OK
16586431,VIBRATION,0.8332807,OK
16587681,VIBRATION,1.059638,OK
16588931,VIBRATION,0.6075268,OK
16590000,PRESSURE,101.1737,OK
16590000,TEMPERATURE,22.09074,OK
16590181,VIBRATION,0.6549421,OK
16591431,VIBRATION,0.1036457,OK
16592681,VIBRATION,0.1119597,OK
16593931,VIBRATION,-0.04039446,OK
16595181,VIBRATION,0.05293413,OK
16596431,VIBRATION,0.08945866,OK
16597681,VIBRATION,0.004649672,OK
16598931,VIBRATION,-0.4986644,OK
16600000,PRESSURE,101.1021,OK
16600000,TEMPERATURE,22.10433,OK
16600181,VIBRATION,-0.9105791,OK
16601431,VIBRATION,-1.076882,OK
16602681,VIBRATION,-1.545939,OK
16603931,VIBRATION,-1.402881,OK
16605181,VIBRATION,-1.536084,OK
16606431,VIBRATION,-1.902105,OK
16607681,VIBRATION,-2.095094,OK
16608931,VIBRATION,-2.174448,OK
16610000,PRESSURE,101.081,OK
16610000,TEMPERATURE,22.19349,OK
16610181,VIBRATION,-2.103979,OK
16611431,VIBRATION,-2.009572,OK
16612681,VIBRATION,-2.326976,OK
16613931,VIBRATION,-1.741829,OK
16615181,VIBRATION,-1.691301,OK
16616431,VIBRATION,-1.127174,OK
16617681,VIBRATION,-0.5709285,OK
16618931,VIBRATION,-0.7005721,OK
16620000,PRESSURE,101.0684,OK
16620000,TEMPERATURE,22.12278,OK
16620181,VIBRATION,-0.7668702,OK
16621431,VIBRATION,-0.5371691,OK
16622681,VIBRATION,-0.3082425,OK
16623931,VIBRATION,0.206248,OK
16625181,VIBRATION,0.4288843,OK
16626431,VIBRATION,0.7565573,OK
16627681,VIBRATION,0.3093313,OK
16628931,VIBRATION,0.4494197,OK
16630000,PRESSURE,101.1153,OK
16630000,TEMPERATURE,22.11017,OK
16630181,VIBRATION,0.241332,OK
16631431,VIBRATION,0.2709093,OK
16632681,VIBRATION,-0.1036987,OK
16633931,VIBRATION,-0.07125646,OK
16635181,VIBRATION,-0.3602746,OK
16636431,VIBRATION,-0.1619571,OK
16637681,VIBRATION,0.2041129,OK
16638931,VIBRATION,0.02083989,OK
16640000,PRESSURE,101.201,OK
16640000,TEMPERATURE,22.16924,OK
16640181,VIBRATION,-0.441264,OK
16641431,VIBRATION,-1.058256,OK
16642681,VIBRATION,-1.307482,OK
16643931,VIBRATION,-1.472449,OK
16645181,VIBRATION,-1.559116,OK
16646431,VIBRATION,-1.653999,OK
16647681,VIBRATION,-1.288281,OK
16648931,VIBRATION,-0.9531979,OK
16650000,PRESSURE,101.2373,OK
16650000,TEMPERATURE,22.29508,OK
16650181,VIBRATION,-0.6228047,OK
16651431,VIBRATION,-0.4628278,OK
16652681,VIBRATION,-0.6325201,OK
16653931,VIBRATION,-0.7183418,OK
16655181,VIBRATION,-0.2990108,OK
16656431,VIBRATION,0.07882287,OK
16657681,VIBRATION,0.3386149,OK
16658951,VIBRATION,0.5210963,OK
16660000,PRESSURE,101.2779,OK
16660000,TEMPERATURE,22.34987,OK
16660181,VIBRATION,0.7277356,OK
16661431,VIBRATION,0.5605007,OK
16662681,VIBRATION,0.8664227,OK
16663931,VIBRATION,1.047689,OK
16665181,VIBRATION,1.40935,OK
16666431,VIBRATION,1.424206,OK
16667681,VIBRATION,1.7071,OK
16668931,VIBRATION,1.875757,OK
16670000,PRESSURE,101.3259,OK
16670000,TEMPERATURE,22.40242,OK
16670181,VIBRATION,2.049475,OK
16671431,VIBRATION,2.681225,OK
16672681,VIBRATION,2.610724,OK
16673931,VIBRATION,2.801006,OK
16675181,VIBRATION,2.796671,OK
16676431,VIBRATION,2.721272,OK
16677681,VIBRATION,1.930673,OK
16678931,VIBRATION,1.505429,OK
16680000,PRESSURE,101.4373,OK
16680000,TEMPERATURE,22.31973,OK
16680181,VIBRATION,1.552743,OK
16681431,VIBRATION,1.316695,OK
16682681,VIBRATION,1.151324,OK
16683931,VIBRATION,0.6348496,OK
16685181,VIBRATION,0.7061603,OK
16686431,VIBRATION,0.514089,OK
16687681,VIBRATION,0.5847043,OK
16688931,VIBRATION,0.396203,OK
16690000,PRESSURE,101.4276,OK
16690000,TEMPERATURE,22.14541,OK
16690181,VIBRATION,0.885393,OK
16691431,VIBRATION,1.020092,OK
16692681,VIBRATION,1.717917,OK
16693931,VIBRATION,1.645784,OK
16695181,VIBRATION,1.354811,OK
16696431,VIBRATION,1.04902,OK
16697681,VIBRATION,1.038576,OK
16698931,VIBRATION,1.01065,OK
16700000,PRESSURE,101.3765,OK
16700000,TEMPERATURE,22.30436,OK
16700181,VIBRATION,0.9182347,OK
16701431,VIBRATION,0.4683333,OK
16702681,VIBRATION,0.7268359,OK
16703931,VIBRATION,0.9552971,OK
16705181,VIBRATION,0.4808798,OK
16706431,VIBRATION,0.3020572,OK
16707681,VIBRATION,0.4735161,OK
16708931,VIBRATION,0.3988499,OK
16710000,PRESSURE,101.3427,OK
16710000,TEMPERATURE,22.29902,OK
16710181,VIBRATION,0.1943817,OK
16711431,VIBRATION,0.2985994,OK
16712681,VIBRATION,0.6317364,OK
16713931,VIBRATION,0.334805,OK
16715181,VIBRATION,0.1343491,OK
16716431,VIBRATION,0.7672453,OK
16717681,VIBRATION,0.5361749,OK
16718931,VIBRATION,0.3112416,OK
16720000,PRESSURE,101.4139,OK
16720000,TEMPERATURE,22.3393,OK
16720181,VIBRATION,0.6863507,OK
16721431,VIBRATION,0.8363424,OK
16722681,VIBRATION,0.2683815,OK
16723931,VIBRATION,0.2372984,OK
16725181,VIBRATION,0.1761839,OK
16726438,VIBRATION,0.1493062,OK
16727681,VIBRATION,0.6976247,OK
16728931,VIBRATION,0.8049974,OK
16730000,PRESSURE,101.4019,OK
16730000,TEMPERATURE,22.44081,OK
16730181,VIBRATION,0.4093642,OK
16731431,VIBRATION,0.2816173,OK
16732681,VIBRATION,0.1596857,OK
16733931,VIBRATION,0.5286313,OK
16735181,VIBRATION,-0.1831166,OK
16736431,VIBRATION,-0.2022132,OK
16737681,VIBRATION,-0.05125942,OK
16738931,VIBRATION,0.2913012,OK
16740000,PRESSURE,101.3781,OK
16740000,TEMPERATURE,22.36197,OK
16740181,VIBRATION,0.1373107,OK
16741431,VIBRATION,0.6914166,OK
16742681,VIBRATION,0.8197826,OK
16743931,VIBRATION,0.7442354,OK
16745181,VIBRATION,0.8045624,OK
16746431,VIBRATION,0.8306274,OK
16747681,VIBRATION,0.823601,OK
16748931,VIBRATION,1.10659,OK
16750000,PRESSURE,101.4129,OK
16750000,TEMPERATURE,22.24108,OK
16750181,VIBRATION,1.045899,OK
16751431,VIBRATION,1.294618,OK
16752681,VIBRATION,1.256768,OK
16753931,VIBRATION,1.375278,OK
16755181,VIBRATION,1.018937,OK
16756431,VIBRATION,1.42677,OK
16757681,VIBRATION,1.148796,OK
16758931,VIBRATION,1.025313,OK
16760000,PRESSURE,101.4885,OK
16760000,TEMPERATURE,22.28268,OK
16760181,VIBRATION,1.206399,OK
16761431,VIBRATION,0.6832642,OK
16762681,VIBRATION,0.6319773,OK
16763931,VIBRATION,0.4378107,OK
16765181,VIBRATION,-0.0151467,OK
16766431,VIBRATION,-0.6565699,OK
16767681,VIBRATION,-0.7205029,OK
16768931,VIBRATION,-0.9230957,OK
16770000,PRESSURE,101.5001,OK
16770000,TEMPERATURE,22.429,OK
16770181,VIBRATION,-1.00072,OK
16771431,VIBRATION,-0.7271478,OK
16772681,VIBRATION,-0.8285975,OK
16773931,VIBRATION,-0.8726494,OK
16775181,VIBRATION,-0.9924271,OK
16776431,VIBRATION,-0.7023779,OK
16777681,VIBRATION,-0.0709721,OK
16778931,VIBRATION,-0.4816381,OK
16780000,PRESSURE,101.5689,OK
16780000,TEMPERATURE,22.50903,OK
16780181,VIBRATION,-0.665098,OK
16781431,VIBRATION,-0.2571164,OK
16782681,VIBRATION,0.1511553,OK
16783931,VIBRATION,0.205313,OK
16785181,VIBRATION,0.05961186,OK
16786513,VIBRATION,0.1398242,OK
16787681,VIBRATION,0.1129063,OK
16788931,VIBRATION,-0.09463135,OK
16790000,PRESSURE,101.627,OK
16790000,TEMPERATURE,22.37256,OK
16790181,VIBRATION,-0.2230308,OK
16791431,VIBRATION,-0.2783384,OK
16792681,VIBRATION,-0.2500214,OK
16793931,VIBRATION,-0.3741562,OK
16795181,VIBRATION,-0.3706204,OK
16796431,VIBRATION,-0.4979479,OK
16797681,VIBRATION,-0.6211912,OK
16798931,VIBRATION,-0.4631764,OK
16800000,PRESSURE,101.6305,OK
16800000,TEMPERATURE,22.53792,OK
16800181,VIBRATION,-0.593697,OK
16801431,VIBRATION,-0.3867454,OK
16802681,VIBRATION,-0.232896,OK
16803931,VIBRATION,-0.3520317,OK
16805181,VIBRATION,-0.9772633,OK
16806431,VIBRATION,-1.442829,OK
16807681,VIBRATION,-1.649852,OK
16808931,VIBRATION,-1.113829,OK
16810000,PRESSURE,101.5486,OK
16810000,TEMPERATURE,22.49678,OK
16810181,VIBRATION,-1.149151,OK
16811431,VIBRATION,-0.9487917,OK
16812681,VIBRATION,-0.879866,OK
16813932,VIBRATION,-1.501511,OK
16815181,VIBRATION,-2.068161,OK
16816431,VIBRATION,-2.24479,OK
16817681,VIBRATION,-2.075294,OK
16818931,VIBRATION,-1.794835,OK
16820000,PRESSURE,101.5386,OK
16820000,TEMPERATURE,22.56057,OK
16820181,VIBRATION,-1.618308,OK
16821431,VIBRATION,-1.986909,OK
16822681,VIBRATION,-1.550325,OK
16823931,VIBRATION,-1.473072,OK
16825181,VIBRATION,-1.143291,OK
16826431,VIBRATION,-1.04721,OK
16827681,VIBRATION,-1.087303,OK
16828931,VIBRATION,-1.361943,OK
16830000,PRESSURE,101.5991,OK
16830000,TEMPERATURE,22.47781,OK
16830181,VIBRATION,-1.175718,OK
16831431,VIBRATION,-1.574253,OK
16832681,VIBRATION,-1.341689,OK
16833931,VIBRATION,-1.011237,OK
16835181,VIBRATION,-1.400031,OK
16836431,VIBRATION,-1.027639,OK
16837681,VIBRATION,-1.585647,OK
16838931,VIBRATION,-1.514127,OK
16840000,PRESSURE,101.4556,OK
16840000,TEMPERATURE,22.50611,OK
16840181,VIBRATION,-1.348262,OK
16841431,VIBRATION,-0.967693,OK
16842681,VIBRATION,-0.7497386,OK
16843932,VIBRATION,-0.7403198,OK
16845181,VIBRATION,-0.6726658,OK
16846431,VIBRATION,-0.7516051,OK
16847681,VIBRATION,-0.4137756,OK
16848931,VIBRATION,-0.2104413,OK
16850000,PRESSURE,101.3986,OK
16850000,TEMPERATURE,22.50164,OK
16850181,VIBRATION,-0.3002172,OK
16851431,VIBRATION,-0.2581373,OK
16852681,VIBRATION,-0.3950093,OK
16853931,VIBRATION,-0.4434085,OK
16855181,VIBRATION,-0.7200828,OK
16856431,VIBRATION,-0.7182558,OK
16857681,VIBRATION,-0.2020784,OK
16858931,VIBRATION,0.08807605,OK
16860000,PRESSURE,101.3813,OK
16860000,TEMPERATURE,22.4957,OK
16860181,VIBRATION,-0.2544117,OK
16861431,VIBRATION,-0.4446429,OK
16862681,VIBRATION,-0.4916899,OK
16863931,VIBRATION,-0.4992701,OK
16865181,VIBRATION,-0.7412996,OK
16866431,VIBRATION,-1.05449,OK
16867681,VIBRATION,-0.647653,OK
16868931,VIBRATION,-0.6758764,OK
16870000,PRESSURE,101.4087,OK
16870000,TEMPERATURE,22.4493,OK
16870181,VIBRATION,-0.8990593,OK
16871431,VIBRATION,-0.5007912,OK
16872681,VIBRATION,-0.5944051,OK
16873931,VIBRATION,-0.4266317,OK
16875181,VIBRATION,-0.3824004,OK
16876431,VIBRATION,-0.7441572,OK
16877685,VIBRATION,-1.241905,OK
16878931,VIBRATION,-1.515901,OK
16880000,PRESSURE,101.4284,OK
16880000,TEMPERATURE,22.41043,OK
16880181,VIBRATION,-1.819213,OK
16881431,VIBRATION,-1.692161,OK
16882681,VIBRATION,-1.53334,OK
16883931,VIBRATION,-0.8808962,OK
16885181,VIBRATION,-1.351656,OK
16886431,VIBRATION,-1.175352,OK
16887681,VIBRATION,-0.5055982,OK
16888931,VIBRATION,-0.2399615,OK
16890000,PRESSURE,101.4343,OK
16890000,TEMPERATURE,22.20891,OK
16890181,VIBRATION,-0.01431307,OK
16891431,VIBRATION,-0.6460284,OK
16892681,VIBRATION,-0.6855345,OK
16893932,VIBRATION,-0.6340753,OK
16895181,VIBRATION,-0.5297203,OK
16896431,VIBRATION,-0.5577972,OK
16897681,VIBRATION,-0.7697992,OK
16898931,VIBRATION,-1.053174,OK
16900000,PRESSURE,101.436,OK
16900000,TEMPERATURE,22.22266,OK
16900181,VIBRATION,-1.009775,OK
16901431,VIBRATION,-0.5714811,OK
16902681,VIBRATION,-0.5021459,OK
16903931,VIBRATION,-0.8779217,OK
16905181,VIBRATION,-0.6436482,OK
16906431,VIBRATION,-0.8688375,OK
16907681,VIBRATION,-0.8621718,OK
16908931,VIBRATION,-0.591729,OK
16910000,PRESSURE,101.4155,OK
16910000,TEMPERATURE,22.21443,OK
16910181,VIBRATION,-0.07821097,OK
16911431,VIBRATION,0.3180782,OK
16912681,VIBRATION,0.4822316,OK
16913931,VIBRATION,0.2578034,OK
16915181,VIBRATION,-0.1343094,OK
16916431,VIBRATION,-0.118393,OK
16917681,VIBRATION,-0.4527659,OK
16918931,VIBRATION,-0.1017211,OK
16920000,PRESSURE,101.3812,OK
16920000,TEMPERATURE,22.17668,OK
16920181,VIBRATION,0.1170222,OK
16921431,VIBRATION,-0.2473645,OK
16922681,VIBRATION,-0.003556968,OK
16923931,VIBRATION,0.2498755,OK
16925181,VIBRATION,0.3587347,OK
16926431,VIBRATION,0.2447939,OK
16927681,VIBRATION,0.7174324,OK
16928931,VIBRATION,0.8293697,OK
16930000,PRESSURE,101.3533,OK
16930000,TEMPERATURE,22.05158,OK
16930181,VIBRATION,0.5083474,OK
16931431,VIBRATION,0.2175388,OK
16932681,VIBRATION,0.2034786,OK
16933931,VIBRATION,-0.01445877,OK
16935181,VIBRATION,0.1078025,OK
16936431,VIBRATION,0.04591469,OK
16937681,VIBRATION,0.002722968,OK
16938931,VIBRATION,0.06203638,OK
16940000,PRESSURE,101.4015,OK
16940000,TEMPERATURE,22.05964,OK
16940181,VIBRATION,0.3478247,OK
16941431,VIBRATION,0.2070189,OK
16942681,VIBRATION,1.095622,OK
16943931,VIBRATION,1.277965,OK
16945181,VIBRATION,0.9243093,OK
16946432,VIBRATION,0.8605101,OK
16947681,VIBRATION,0.3846586,OK
16948931,VIBRATION,0.5688761,OK
16950000,PRESSURE,101.4047,OK
16950000,TEMPERATURE,22.13742,OK
16950181,VIBRATION,0.3957308,OK
16951431,VIBRATION,0.3500633,OK
16952681,VIBRATION,0.124196,OK
16953931,VIBRATION,0.03823259,OK
16955181,VIBRATION,0.5906522,OK
16956431,VIBRATION,1.013264,OK
16957681,VIBRATION,0.9675801,OK
16958963,VIBRATION,0.456063,OK
16960000,PRESSURE,101.3587,OK
16960000,TEMPERATURE,22.10794,OK
16960181,VIBRATION,0.6675193,OK
16961431,VIBRATION,0.2639671,OK
16962683,VIBRATION,0.493896,OK
16963931,VIBRATION,1.108834,OK
16965181,VIBRATION,1.4355,OK
16966431,VIBRATION,1.09204,OK
16967681,VIBRATION,0.7903422,OK
16968931,VIBRATION,0.2257774,OK
16970000,PRESSURE,101.3536,OK
16970000,TEMPERATURE,22.26018,OK
16970181,VIBRATION,0.3904657,OK
16971431,VIBRATION,0.08290091,OK
16972681,VIBRATION,-0.1419695,OK
16973931,VIBRATION,0.8520244,OK
16975181,VIBRATION,1.070723,OK
16976431,VIBRATION,1.351273,OK
16977688,VIBRATION,1.517564,OK
16978931,VIBRATION,1.18072,OK
16980000,PRESSURE,101.3198,OK
16980000,TEMPERATURE,22.25801,OK
16980182,VIBRATION,1.210283,OK
16981431,VIBRATION,1.375107,OK
16982681,VIBRATION,1.214637,OK
16983931,VIBRATION,1.426828,OK
16985181,VIBRATION,1.029968,OK
16986431,VIBRATION,1.093703,OK
16987681,VIBRATION,1.44069,OK
16988931,VIBRATION,1.277467,OK
16990000,PRESSURE,101.4206,OK
16990000,TEMPERATURE,22.1187,OK
16990181,VIBRATION,1.472496,OK
16991431,VIBRATION,1.364487,OK
16992681,VIBRATION,0.9093477,OK
16993931,VIBRATION,0.6539509,OK
16995181,VIBRATION,0.5931233,OK
16996431,VIBRATION,0.2038846,OK
16997681,VIBRATION,0.1616322,OK
16999007,VIBRATION,0.2374019,OK
17000000,PRESSURE,101.2738,OK
17000000,TEMPERATURE,22.04727,OK
17000000,HUMIDITY,44.22957,OK
17000181,VIBRATION,0.6286403,OK
17001431,VIBRATION,0.4868436,OK
17002681,VIBRATION,0.3885961,OK
17003931,VIBRATION,0.9770721,OK
17005181,VIBRATION,1.160801,OK
17006431,VIBRATION,0.9606059,OK
17007681,VIBRATION,1.13097,OK
17008931,VIBRATION,0.7853682,OK
17010000,PRESSURE,101.3312,OK
17010000,TEMPERATURE,21.97036,OK
17010181,VIBRATION,1.339923,OK
17011431,VIBRATION,1.914343,OK
17012681,VIBRATION,2.054151,OK
17013931,VIBRATION,1.901101,OK
17015181,VIBRATION,1.661585,OK
17016431,VIBRATION,1.702084,OK
17017681,VIBRATION,1.947996,OK
17018931,VIBRATION,1.494707,OK
17020000,PRESSURE,101.3383,OK
17020000,TEMPERATURE,21.96188,OK
17020181,VIBRATION,1.28301,OK
17021431,VIBRATION,1.313688,OK
17022681,VIBRATION,1.157742,OK
17023931,VIBRATION,0.7628515,OK
17025181,VIBRATION,0.8776371,OK
17026431,VIBRATION,0.771196,OK
17027682,VIBRATION,0.7869023,OK
17028977,VIBRATION,0.8035933,OK
17030000,PRESSURE,101.3357,OK
17030000,TEMPERATURE,21.97372,OK
17030181,VIBRATION,0.4248105,OK
17031431,VIBRATION,0.4312685,OK
17032681,VIBRATION,-0.2467877,OK
17033931,VIBRATION,0.09868838,OK
17035181,VIBRATION,-0.06923884,OK
17036431,VIBRATION,-0.5624274,OK
17037681,VIBRATION,-0.4793073,OK
17038931,VIBRATION,-0.3059709,OK
17040000,PRESSURE,101.3333,OK
17040000,TEMPERATURE,22.05488,OK
17040181,VIBRATION,-0.5618062,OK
17041431,VIBRATION,-0.5990029,OK
17042681,VIBRATION,-0.9305893,OK
17043931,VIBRATION,-1.024027,OK
17045181,VIBRATION,-0.9634152,OK
17046431,VIBRATION,-0.7174925,OK
17047681,VIBRATION,-0.9490673,OK
17048931,VIBRATION,-0.5525253,OK
17050000,PRESSURE,101.3418,OK
17050000,TEMPERATURE,22.11023,OK
17050181,VIBRATION,-0.7255043,OK
17051431,VIBRATION,-0.1938212,OK
17052681,VIBRATION,-0.159724,OK
17053931,VIBRATION,0.0697191,OK
17055181,VIBRATION,-0.2909811,OK
17056527,VIBRATION,-0.2706822,OK
17057681,VIBRATION,-0.2298519,OK
17058931,VIBRATION,-0.1679191,OK
17060000,PRESSURE,101.2489,OK
17060000,TEMPERATURE,22.01326,OK
17060181,VIBRATION,-0.2921464,OK
17061431,VIBRATION,-0.3084764,OK
17062681,VIBRATION,-0.2256282,OK
17063931,VIBRATION,-0.240652,OK
17065181,VIBRATION,-0.2737398,OK
17066431,VIBRATION,-0.4690976,OK
17067681,VIBRATION,-0.1810973,OK
17068931,VIBRATION,-0.3501046,OK
17070000,PRESSURE,101.2638,OK
17070000,TEMPERATURE,21.9014,OK
17070181,VIBRATION,-1.228509,OK
17071431,VIBRATION,-1.24109,OK
17072681,VIBRATION,-1.260928,OK
17073931,VIBRATION,-1.540459,OK
17075181,VIBRATION,-0.9942549,OK
17076431,VIBRATION,-1.254107,OK
17077681,VIBRATION,-1.459088,OK
17078931,VIBRATION,-1.161774,OK
17080000,PRESSURE,101.2439,OK
17080000,TEMPERATURE,21.90404,OK
17080181,VIBRATION,-1.648233,OK
17081431,VIBRATION,-1.644437,OK
17082681,VIBRATION,-1.444121,OK
17083931,VIBRATION,-1.147468,OK
17085181,VIBRATION,-0.7740699,OK
17086431,VIBRATION,-0.8892174,OK
17087681,VIBRATION,-1.113971,OK
17088931,VIBRATION,-1.14406,OK
17090000,PRESSURE,101.2572,OK
17090000,TEMPERATURE,21.97228,OK
17090181,VIBRATION,-0.6346435,OK
17091431,VIBRATION,0.036994,OK
17092681,VIBRATION,0.4116515,OK
17093931,VIBRATION,0.3235483,OK
17095181,VIBRATION,0.4124844,OK
17096431,VIBRATION,0.1872889,OK
17097681,VIBRATION,0.1844063,OK
17098931,VIBRATION,0.563527,OK
17100000,PRESSURE,101.2385,OK
17100000,TEMPERATURE,22.0216,OK
17100181,VIBRATION,0.950138,OK
17101431,VIBRATION,0.7429504,OK
17102681,VIBRATION,0.5234769,OK
17103931,VIBRATION,0.4628076,OK
17105181,VIBRATION,0.742192,OK
17106431,VIBRATION,0.4727949,OK
17107681,VIBRATION,1.143591,OK
17108931,VIBRATION,1.051705,OK
17110065,PRESSURE,101.1782,OK
17110065,TEMPERATURE,22.06329,OK
17110181,VIBRATION,0.8127631,OK
17111431,VIBRATION,0.4481627,OK
17112681,VIBRATION,0.859737,OK
17113931,VIBRATION,0.5051403,OK
17115181,VIBRATION,0.7007099,OK
17116431,VIBRATION,0.3122788,OK
17117681,VIBRATION,-0.2383598,OK
17118931,VIBRATION,-0.005011342,OK
17120000,PRESSURE,101.2512,OK
17120000,TEMPERATURE,22.12869,OK
17120181,VIBRATION,-0.1216589,OK
17121431,VIBRATION,0.3761232,OK
17122681,VIBRATION,0.4500926,OK
17123931,VIBRATION,0.5800728,OK
17125181,VIBRATION,0.6812158,OK
17126431,VIBRATION,1.140829,OK
17127681,VIBRATION,1.279927,OK
17128931,VIBRATION,1.791177,OK
17130000,PRESSURE,101.2242,OK
17130000,TEMPERATURE,21.97658,OK
17130181,VIBRATION,1.945432,OK
17131431,VIBRATION,1.353768,OK
17132681,VIBRATION,1.703725,OK
17133931,VIBRATION,1.963854,OK
17135181,VIBRATION,1.823936,OK
17136431,VIBRATION,2.048068,OK
17137681,VIBRATION,1.713994,OK
17138931,VIBRATION,1.790151,OK
17140000,PRESSURE,101.2664,OK
17140000,TEMPERATURE,21.91651,OK
17140181,VIBRATION,1.670449,OK
17141431,VIBRATION,1.454939,OK
17142681,VIBRATION,1.593807,OK
17143931,VIBRATION,1.607932,OK
17145181,VIBRATION,1.467797,OK
17146431,VIBRATION,1.137589,OK
17147681,VIBRATION,1.214805,OK
17148931,VIBRATION,1.355955,OK
17150000,PRESSURE,101.2535,OK
17150000,TEMPERATURE,21.9748,OK
17150181,VIBRATION,1.386,OK
17151431,VIBRATION,1.853765,OK
17152681,VIBRATION,1.969179,OK
17153931,VIBRATION,2.158031,OK
17155181,VIBRATION,1.591149,OK
17156431,VIBRATION,1.465491,OK
17157681,VIBRATION,2.028644,OK
17158931,VIBRATION,1.895119,OK
17160000,PRESSURE,101.2605,OK
17160000,TEMPERATURE,21.89608,OK
17160181,VIBRATION,1.802224,OK
17161431,VIBRATION,2.414705,OK
17162681,VIBRATION,1.884389,OK
17163931,VIBRATION,2.16808,OK
17165181,VIBRATION,2.085876,OK
17166431,VIBRATION,2.42306,OK
17167681,VIBRATION,2.250471,OK
17168931,VIBRATION,2.776551,OK
17170000,PRESSURE,101.3427,OK
17170000,TEMPERATURE,21.85327,OK
17170181,VIBRATION,2.726381,OK
17171431,VIBRATION,3.002873,OK
17172681,VIBRATION,2.681781,OK
17173931,VIBRATION,2.208783,OK
17175181,VIBRATION,2.168866,OK
17176431,VIBRATION,1.600537,OK
17177681,VIBRATION,1.711609,OK
17178931,VIBRATION,1.690844,OK
17180000,PRESSURE,101.3707,OK
17180000,TEMPERATURE,21.8019,OK
17180181,VIBRATION,1.103652,OK
17181431,VIBRATION,0.6764369,OK
17182681,VIBRATION,0.6642121,OK
17183931,VIBRATION,0.5910484,OK
17185181,VIBRATION,0.4974838,OK
17186431,VIBRATION,0.6231954,OK
17187681,VIBRATION,0.7024642,OK
17188931,VIBRATION,0.4661289,OK
17190000,PRESSURE,101.3041,OK
17190000,TEMPERATURE,21.79633,OK
17190181,VIBRATION,-0.06234215,OK
17191431,VIBRATION,-0.2437041,OK
17192681,VIBRATION,-0.4747244,OK
17193931,VIBRATION,-1.095045,OK
17195181,VIBRATION,-1.438936,OK
17196431,VIBRATION,-1.323198,OK
17197681,VIBRATION,-1.198331,OK
17198931,VIBRATION,-1.234768,OK
17200000,PRESSURE,101.2711,OK
17200000,TEMPERATURE,21.87622,OK
17200181,VIBRATION,-1.557485,OK
17201431,VIBRATION,-1.451645,OK
17202681,VIBRATION,-1.330081,OK
17203931,VIBRATION,-1.429225,OK
17205181,VIBRATION,-1.253273,OK
17206431,VIBRATION,-1.300934,OK
17207681,VIBRATION,-1.317052,OK
17208960,VIBRATION,-0.8718026,OK
17210000,PRESSURE,101.317,OK
17210000,TEMPERATURE,21.98984,OK
17210181,VIBRATION,-0.3364582,OK
17211431,VIBRATION,-0.3758955,OK
17212681,VIBRATION,-0.1819021,OK
17213931,VIBRATION,0.02550901,OK
17215181,VIBRATION,0.4238956,OK
17216431,VIBRATION,0.1585966,OK
17217681,VIBRATION,0.1653705,OK
17218931,VIBRATION,-0.1901022,OK
17220000,PRESSURE,101.3672,OK
17220000,TEMPERATURE,22.13421,OK
17220181,VIBRATION,-0.4609683,OK
17221431,VIBRATION,-0.2402199,OK
17222681,VIBRATION,-0.1984897,OK
17223931,VIBRATION,-0.0180261,OK
17225181,VIBRATION,0.4885819,OK
17226431,VIBRATION,0.3894492,OK
17227681,VIBRATION,-0.298328,OK
17228931,VIBRATION,-0.5359002,OK
17230000,PRESSURE,101.3839,OK
17230000,TEMPERATURE,22.16611,OK
17230181,VIBRATION,-1.288733,OK
17231431,VIBRATION,-1.130276,OK
17232681,VIBRATION,-1.395851,OK
17233931,VIBRATION,-1.359695,OK
17235181,VIBRATION,-0.9353146,OK
17236431,VIBRATION,-0.9227647,OK
17237681,VIBRATION,-1.419732,OK
17238931,VIBRATION,-1.522179,OK
17240000,PRESSURE,101.3936,OK
17240000,TEMPERATURE,22.12834,OK
17240181,VIBRATION,-1.116645,OK
17241431,VIBRATION,-1.373446,OK
17242732,VIBRATION,-0.9701172,OK
17244059,VIBRATION,-1.130483,OK
17245181,VIBRATION,-0.9046398,OK
17246431,VIBRATION,-1.091195,OK
17247681,VIBRATION,-1.129041,OK
17248931,VIBRATION,-0.8359276,OK
17250000,PRESSURE,101.4797,OK
17250000,TEMPERATURE,22.108,OK
17250201,VIBRATION,-0.6192958,OK
17251431,VIBRATION,-1.06547,OK
17252681,VIBRATION,-1.028106,OK
17253931,VIBRATION,-0.8650484,OK
17255181,VIBRATION,-0.9943057,OK
17256431,VIBRATION,-0.7365818,OK
17257681,VIBRATION,-0.4468493,OK
17258932,VIBRATION,0.3434797,OK
17260000,PRESSURE,101.4788,OK
17260000,TEMPERATURE,21.89698,OK
17260181,VIBRATION,0.2606049,OK
17261431,VIBRATION,-0.1786641,OK
17262681,VIBRATION,-0.1712117,OK
17263931,VIBRATION,-0.02453495,OK
17265181,VIBRATION,0.8114408,OK
17266502,VIBRATION,0.6590686,OK
17267681,VIBRATION,0.5354624,OK
17268931,VIBRATION,0.3002189,OK
17270000,PRESSURE,101.4729,OK
17270000,TEMPERATURE,21.83773,OK
17270181,VIBRATION,0.02554499,OK
17271431,VIBRATION,0.08941261,OK
17272681,VIBRATION,0.2694873,OK
17273931,VIBRATION,0.4878801,OK
17275181,VIBRATION,0.3726432,OK
17276431,VIBRATION,-0.1167399,OK
17277681,VIBRATION,0.5667802,OK
17278931,VIBRATION,0.6976558,OK
17280000,PRESSURE,101.3952,OK
17280000,TEMPERATURE,21.99093,OK
17280181,VIBRATION,0.8872817,OK
17281431,VIBRATION,1.251718,OK
17282681,VIBRATION,1.628627,OK
17283931,VIBRATION,1.885189,OK
17285181,VIBRATION,1.954459,OK
17286431,VIBRATION,2.138351,OK
17287681,VIBRATION,2.269768,OK
17288931,VIBRATION,2.236151,OK
17290000,PRESSURE,101.243,OK
17290000,TEMPERATURE,22.01009,OK
17290181,VIBRATION,2.029522,OK
17291431,VIBRATION,2.204054,OK
17292681,VIBRATION,1.654644,OK
17293931,VIBRATION,2.199607,OK
17295181,VIBRATION,2.0754,OK
17296431,VIBRATION,2.125226,OK
17297681,VIBRATION,2.319951,OK
17298931,VIBRATION,2.001053,OK
17300000,PRESSURE,101.2387,OK
17300000,TEMPERATURE,21.93038,OK
17300181,VIBRATION,1.918398,OK
17301509,VIBRATION,1.429212,OK
17302681,VIBRATION,1.359582,OK
17303931,VIBRATION,1.439107,OK
17305181,VIBRATION,0.6868661,OK
17306431,VIBRATION,0.8431948,OK
17307681,VIBRATION,0.5121908,OK
17308931,VIBRATION,0.4818892,OK
17310000,PRESSURE,101.2961,OK
17310000,TEMPERATURE,21.83541,OK
17310181,VIBRATION,0.4806763,OK
17311431,VIBRATION,0.2647267,OK
17312681,VIBRATION,0.6192136,OK
17313931,VIBRATION,1.031312,OK
17315181,VIBRATION,0.9433512,OK
17316431,VIBRATION,1.12213,OK
17317681,VIBRATION,1.422817,OK
17318931,VIBRATION,1.476599,OK
17320000,PRESSURE,101.2904,OK
17320000,TEMPERATURE,21.8871,OK
17320181,VIBRATION,0.9555158,OK
17321431,VIBRATION,0.6787099,OK
17322681,VIBRATION,-0.515106,OK
17323934,VIBRATION,-0.4758738,OK
17325181,VIBRATION,-0.5278263,OK
17326431,VIBRATION,-0.081111,OK
17327681,VIBRATION,0.150374,OK
17328931,VIBRATION,-0.06060162,OK
17330000,PRESSURE,101.3201,OK
17330000,TEMPERATURE,21.8898,OK
17330181,VIBRATION,-0.3835616,OK
17331431,VIBRATION,-0.3548767,OK
17332681,VIBRATION,-0.5041962,OK
17333931,VIBRATION,-0.1178936,OK
17335181,VIBRATION,0.1255024,OK
17336431,VIBRATION,-0.07171981,OK
17337681,VIBRATION,0.1123016,OK
17338931,VIBRATION,0.3429547,OK
17340000,PRESSURE,101.3936,OK
17340000,TEMPERATURE,21.93797,OK
17340181,VIBRATION,0.7372563,OK
17341431,VIBRATION,0.5844319,OK
17342681,VIBRATION,0.5384777,OK
17343931,VIBRATION,0.1255578,OK
17345181,VIBRATION,-0.3027471,OK
17346431,VIBRATION,-0.4296132,OK
17347681,VIBRATION,-0.92505,OK
17348931,VIBRATION,-1.121914,OK
17350000,PRESSURE,101.3818,OK
17350000,TEMPERATURE,21.88104,OK
17350181,VIBRATION,-0.9615671,OK
17351431,VIBRATION,-0.8226076,OK
17352681,VIBRATION,-0.8265251,OK
17353931,VIBRATION,-0.9540514,OK
17355181,VIBRATION,-0.6310745,OK
17356431,VIBRATION,-0.7708285,OK
17357682,VIBRATION,-0.451464,OK
17358931,VIBRATION,0.1684607,OK
17360000,PRESSURE,101.4678,OK
17360000,TEMPERATURE,21.94166,OK
17360181,VIBRATION,0.8340869,OK
17361431,VIBRATION,0.7079034,OK
17362681,VIBRATION,0.4629569,OK
17363931,VIBRATION,0.6294297,OK
17365181,VIBRATION,0.2863576,OK
17366431,VIBRATION,0.6551426,OK
17367681,VIBRATION,0.8717644,OK
17368931,VIBRATION,0.9831235,OK
17370000,PRESSURE,101.4908,OK
17370000,TEMPERATURE,21.89951,OK
17370181,VIBRATION,0.8834142,OK
17371431,VIBRATION,0.6587309,OK
17372681,VIBRATION,0.3238889,OK
17373931,VIBRATION,0.003468047,OK
17375181,VIBRATION,-0.128587,OK
17376431,VIBRATION,-0.1789077,OK
17377681,VIBRATION,-0.1560271,OK
17378931,VIBRATION,0.07027293,OK
17380000,PRESSURE,101.5259,OK
17380000,TEMPERATURE,21.82793,OK
17380181,VIBRATION,-0.252308,OK
17381431,VIBRATION,0.2620013,OK
17382681,VIBRATION,0.154105,OK
17383931,VIBRATION,0.2008059,OK
17385181,VIBRATION,0.4976354,OK
17386431,VIBRATION,0.7487125,OK
17387681,VIBRATION,0.6054255,OK
17388934,VIBRATION,1.118507,OK
17390000,PRESSURE,101.5566,OK
17390000,TEMPERATURE,21.69145,OK
17390181,VIBRATION,0.7669632,OK
17391431,VIBRATION,0.1552469,OK
17392681,VIBRATION,-0.1280577,OK
17393931,VIBRATION,-0.6781214,OK
17395181,VIBRATION,-0.9974349,OK
17396431,VIBRATION,-0.4099283,OK
17397681,VIBRATION,-0.5814606,OK
17398931,VIBRATION,-0.3217888,OK
17400000,PRESSURE,101.5029,OK
17400000,TEMPERATURE,21.89027,OK
17400181,VIBRATION,-0.6513879,OK
17401431,VIBRATION,-0.5292859,OK
17402681,VIBRATION,-0.7302216,OK
17403931,VIBRATION,-1.080684,OK
17405181,VIBRATION,-0.6078743,OK
17406431,VIBRATION,-0.3970119,OK
17407681,VIBRATION,-0.2938629,OK
17408931,VIBRATION,-0.3552679,OK
17410000,PRESSURE,101.4917,OK
17410000,TEMPERATURE,22.0494,OK
17410181,VIBRATION,-0.03558657,OK
17411431,VIBRATION,-0.2138621,OK
17412681,VIBRATION,-0.1965399,OK
17413931,VIBRATION,0.2781443,OK
17415181,VIBRATION,0.4163038,OK
17416431,VIBRATION,0.1127551,OK
17417681,VIBRATION,-0.2407015,OK
17418931,VIBRATION,0,COMM_ERROR
17420000,PRESSURE,101.544,OK
17420000,TEMPERATURE,22.02014,OK
17420181,VIBRATION,-0.3357435,OK
17421431,VIBRATION,-0.4423943,OK
17422681,VIBRATION,-0.651016,OK
17423931,VIBRATION,-0.4661874,OK
17425181,VIBRATION,-0.4814079,OK
17426431,VIBRATION,-0.2244697,OK
17427681,VIBRATION,-0.3518171,OK
17428931,VIBRATION,-0.04347351,OK
17430000,PRESSURE,101.5599,OK
17430000,TEMPERATURE,22.08149,OK
17430181,VIBRATION,-0.1703584,OK
17431431,VIBRATION,-0.436372,OK
17432681,VIBRATION,-0.4173506,OK
17433931,VIBRATION,-0.1632004,OK
17435181,VIBRATION,-0.06670168,OK
17436431,VIBRATION,-0.3097215,OK
17437681,VIBRATION,-0.1931295,OK
17438931,VIBRATION,0.09827405,OK
17440000,PRESSURE,101.563,OK
17440000,TEMPERATURE,21.9583,OK
17440181,VIBRATION,-0.1019912,OK
17441431,VIBRATION,-0.4971755,OK
17442681,VIBRATION,-0.6240213,OK
17443931,VIBRATION,-0.7385309,OK
17445181,VIBRATION,-0.5756329,OK
17446431,VIBRATION,-0.517924,OK
17447681,VIBRATION,-0.8184133,OK
17448933,VIBRATION,-0.6535138,OK
17450000,PRESSURE,101.5298,OK
17450000,TEMPERATURE,21.81914,OK
17450181,VIBRATION,-0.8700119,OK
17451431,VIBRATION,-0.7810893,OK
17452681,VIBRATION,-0.8737401,OK
17453931,VIBRATION,-1.002924,OK
17455181,VIBRATION,-0.8390988,OK
17456431,VIBRATION,-0.5130705,OK
17457681,VIBRATION,-0.4111012,OK
17458931,VIBRATION,-0.6756109,OK
17460000,PRESSURE,101.5215,OK
17460000,TEMPERATURE,21.66478,OK
17460181,VIBRATION,-0.873782,OK
17461431,VIBRATION,-0.6355149,OK
17462681,VIBRATION,-0.7336229,OK
17463931,VIBRATION,-1.010618,OK
17465182,VIBRATION,-0.7972271,OK
17466431,VIBRATION,-0.730797,OK
17467681,VIBRATION,-0.8566106,OK
17468931,VIBRATION,-1.05336,OK
17470000,PRESSURE,101.4484,OK
17470000,TEMPERATURE,21.78812,OK
17470181,VIBRATION,-1.113933,OK
17471431,VIBRATION,-1.149746,OK
17472681,VIBRATION,-1.240109,OK
17473931,VIBRATION,-0.9963648,OK
17475186,VIBRATION,-1.3521,OK
17476431,VIBRATION,-1.398438,OK
17477681,VIBRATION,-1.588662,OK
17478931,VIBRATION,-1.819139,OK
17480000,PRESSURE,101.3501,OK
17480000,TEMPERATURE,21.76605,OK
17480181,VIBRATION,-2.230007,OK
17481431,VIBRATION,-1.8947,OK
17482682,VIBRATION,-1.617437,OK
17483931,VIBRATION,-1.779157,OK
17485181,VIBRATION,-1.843027,OK
17486431,VIBRATION,-1.678728,OK
17487681,VIBRATION,-1.752833,OK
17488931,VIBRATION,-1.060471,OK
17490003,PRESSURE,101.3249,OK
17490003,TEMPERATURE,21.76757,OK
17490181,VIBRATION,-1.007585,OK
17491431,VIBRATION,-0.8152715,OK
17492681,VIBRATION,-0.9457634,OK
17493931,VIBRATION,-0.8887128,OK
17495181,VIBRATION,-0.3251436,OK
17496431,VIBRATION,-0.397183,OK
17497681,VIBRATION,-0.3677357,OK
17498931,VIBRATION,-0.1364481,OK
17500000,PRESSURE,101.2579,OK
17500000,TEMPERATURE,21.76855,OK
17500181,VIBRATION,-0.310596,OK
17501431,VIBRATION,-0.4426493,OK
17502681,VIBRATION,-0.9219752,OK
17503931,VIBRATION,-0.3374239,OK
17505181,VIBRATION,-0.4999623,OK
17506431,VIBRATION,-0.6266336,OK
17507681,VIBRATION,-0.4576013,OK
17508984,VIBRATION,0.3035836,OK
17510000,PRESSURE,101.3185,OK
17510000,TEMPERATURE,21.70887,OK
17510181,VIBRATION,0.5138791,OK
17511431,VIBRATION,0.3509194,OK
17512681,VIBRATION,0.2583193,OK
17513931,VIBRATION,0.2878149,OK
17515181,VIBRATION,0.2892076,OK
17516431,VIBRATION,0.3732579,OK
17517681,VIBRATION,0.2493989,OK
17518931,VIBRATION,0.1928469,OK
17520000,PRESSURE,101.3392,OK
17520000,TEMPERATURE,21.82389,OK
17520181,VIBRATION,0.4360652,OK
17521431,VIBRATION,0.2777656,OK
17522681,VIBRATION,0.03185545,OK
17523931,VIBRATION,-0.5422936,OK
17525181,VIBRATION,-1.258338,OK
17526431,VIBRATION,-1.420558,OK
17527681,VIBRATION,-1.059453,OK
17528931,VIBRATION,-1.017239,OK
17530000,PRESSURE,101.347,OK
17530000,TEMPERATURE,21.74142,OK
17530181,VIBRATION,-1.19059,OK
17531431,VIBRATION,-1.333483,OK
17532681,VIBRATION,-1.450612,OK
17533931,VIBRATION,-1.598601,OK
17535181,VIBRATION,-1.849658,OK
17536431,VIBRATION,-1.807551,OK
17537681,VIBRATION,-1.250686,OK
17538931,VIBRATION,-1.861243,OK
17540000,PRESSURE,101.3387,OK
17540000,TEMPERATURE,21.68522,OK
17540181,VIBRATION,-1.331019,OK
17541431,VIBRATION,-1.180626,OK
17542681,VIBRATION,-1.471434,OK
17543932,VIBRATION,-1.453942,OK
17545181,VIBRATION,-1.155492,OK
17546431,VIBRATION,-0.9287204,OK
17547681,VIBRATION,-0.778419,OK
17548931,VIBRATION,-0.684513,OK
17550000,PRESSURE,101.3702,OK
17550000,TEMPERATURE,21.54423,OK
17550181,VIBRATION,-0.8406534,OK
17551431,VIBRATION,-1.009954,OK
17552681,VIBRATION,-0.8059138,OK
17553931,VIBRATION,-0.7469109,OK
17555181,VIBRATION,-0.2678479,OK
17556431,VIBRATION,0.05485826,OK
17557681,VIBRATION,-0.09706414,OK
17558931,VIBRATION,-0.4283094,OK
17560000,PRESSURE,101.3554,OK
17560000,TEMPERATURE,21.56427,OK
17560272,VIBRATION,-0.9728995,OK
17561487,VIBRATION,-0.8301161,OK
17564352,VIBRATION,-0.856075,OK
17565603,VIBRATION,-0.7334594,OK
17566852,VIBRATION,-0.4723045,OK
17568102,VIBRATION,-0.7866503,OK
17569352,VIBRATION,-0.9313427,OK
17570000,PRESSURE,101.353,OK
17570000,TEMPERATURE,21.62276,OK
17570612,VIBRATION,-0.8323064,OK
17571853,VIBRATION,-0.8098523,OK
17573102,VIBRATION,-1.63855,OK
17574352,VIBRATION,-0.9334984,OK
17575608,VIBRATION,-0.7956357,OK
17576852,VIBRATION,-0.8708789,OK
17578102,VIBRATION,-1.120312,OK
17579353,VIBRATION,-0.5222838,OK
17580000,PRESSURE,101.3757,OK
17580000,TEMPERATURE,21.97387,OK
17580602,VIBRATION,-0.09660088,OK
17581852,VIBRATION,-0.223217,OK
17583103,VIBRATION,-0.6451746,OK
17584352,VIBRATION,-0.6520532,OK
17585603,VIBRATION,-0.1865676,OK
17586853,VIBRATION,-0.7744061,OK
17588102,VIBRATION,-0.9988122,OK
17589352,VIBRATION,-1.305212,OK
17590001,PRESSURE,101.4182,OK
17590001,TEMPERATURE,22.0936,OK
17590602,VIBRATION,-1.102107,OK
17591853,VIBRATION,-0.6506827,OK
17593103,VIBRATION,-0.9908382,OK
17594352,VIBRATION,-0.9621565,OK
17595602,VIBRATION,-0.5586923,OK
17596852,VIBRATION,-0.3845529,OK
17598103,VIBRATION,0.1716609,OK
17599353,VIBRATION,-0.03339369,OK
17600001,PRESSURE,101.3431,OK
17600001,TEMPERATURE,22.09032,OK
17600603,VIBRATION,0.2125218,OK
17601853,VIBRATION,0.1653778,OK
17603103,VIBRATION,0.7499694,OK
17604353,VIBRATION,0.6258042,OK
17605603,VIBRATION,0.8561221,OK
17606853,VIBRATION,0.5625914,OK
17608102,VIBRATION,0.2756266,OK
17609352,VIBRATION,0.216287,OK
17610000,PRESSURE,101.3998,OK
17610000,TEMPERATURE,21.92655,OK
17610603,VIBRATION,0.1435124,OK
17611852,VIBRATION,-0.1585097,OK
17613103,VIBRATION,0.1002379,OK
17614352,VIBRATION,-0.3488175,OK
17615602,VIBRATION,-1.33515,OK
17616852,VIBRATION,-1.10362,OK
17618102,VIBRATION,-1.342929,OK
17619353,VIBRATION,-1.983599,OK
17620000,PRESSURE,101.3969,OK
17620000,TEMPERATURE,21.96206,OK
17620603,VIBRATION,-1.944714,OK
17621852,VIBRATION,-2.550471,OK
17623103,VIBRATION,-2.329752,OK
17624353,VIBRATION,-2.244696,OK
17625603,VIBRATION,-1.847973,OK
17626852,VIBRATION,-1.749837,OK
17628103,VIBRATION,-1.248662,OK
17629353,VIBRATION,-1.129479,OK
17630000,PRESSURE,101.4017,OK
17630000,TEMPERATURE,21.86758,OK
17630603,VIBRATION,-0.9728747,OK
17631852,VIBRATION,-0.8655287,OK
17633102,VIBRATION,-0.9716014,OK
17634352,VIBRATION,-0.9159307,OK
17635603,VIBRATION,-0.2348373,OK
17636853,VIBRATION,-0.2071929,OK
17638102,VIBRATION,-0.4473348,OK
17639353,VIBRATION,-0.4615159,OK
17640000,PRESSURE,101.4143,OK
17640000,TEMPERATURE,21.6645,OK
17640603,VIBRATION,-0.5168381,OK
17641852,VIBRATION,-0.6841141,OK
17643102,VIBRATION,0.004140678,OK
17644353,VIBRATION,0.157385,OK
17645603,VIBRATION,-0.227478,OK
17646853,VIBRATION,-0.8141724,OK
17648102,VIBRATION,-0.5088231,OK
17649352,VIBRATION,-0.2178736,OK
17650000,PRESSURE,101.4176,OK
17650000,TEMPERATURE,21.51148,OK
17650602,VIBRATION,-0.5051269,OK
17651853,VIBRATION,-0.06390131,OK
17653103,VIBRATION,0.07624573,OK
17654352,VIBRATION,-0.05847549,OK
17655697,VIBRATION,-0.4525222,OK
17656852,VIBRATION,-0.4713158,OK
17658102,VIBRATION,-0.5550479,OK
17659352,VIBRATION,-0.6035295,OK
17660000,PRESSURE,101.5472,OK
17660000,TEMPERATURE,21.52933,OK
17660602,VIBRATION,-0.85461,OK
17661853,VIBRATION,-0.9005412,OK
17663102,VIBRATION,-0.90786,OK
17664352,VIBRATION,-0.9540295,OK
17665603,VIBRATION,-0.6242485,OK
17666852,VIBRATION,0.01488043,OK
17668102,VIBRATION,-0.2495491,OK
17669352,VIBRATION,0.1243667,OK
17670000,PRESSURE,101.6244,OK
17670000,TEMPERATURE,21.59684,OK
17670602,VIBRATION,-0.04217375,OK
17671852,VIBRATION,-0.06946911,OK
17673102,VIBRATION,-0.4366017,OK
17674352,VIBRATION,-0.05518213,OK
17675602,VIBRATION,-0.04670559,OK
17676852,VIBRATION,0.2416237,OK
17678102,VIBRATION,0.06246467,OK
17679352,VIBRATION,0.2661387,OK
17680000,PRESSURE,101.6978,OK
17680000,TEMPERATURE,21.64781,OK
17680602,VIBRATION,0.2085818,OK
17681852,VIBRATION,0.3036409,OK
17683102,VIBRATION,0.6898447,OK
17684352,VIBRATION,1.090589,OK
17685602,VIBRATION,0.8757713,OK
17686863,VIBRATION,0.5406221,OK
17688102,VIBRATION,-0.05533851,OK
17689352,VIBRATION,-0.4243162,OK
17690000,PRESSURE,101.6977,OK
17690000,TEMPERATURE,21.68238,OK
17690602,VIBRATION,-0.4296822,OK
17691852,VIBRATION,-0.3332421,OK
17693102,VIBRATION,-0.1977881,OK
17694352,VIBRATION,0.1210735,OK
17695602,VIBRATION,0.264854,OK
17696852,VIBRATION,0.3578936,OK
17698102,VIBRATION,0.5310042,OK
17699352,VIBRATION,0.7809581,OK
17700000,PRESSURE,101.5833,OK
17700000,TEMPERATURE,21.77894,OK
17700602,VIBRATION,1.029816,OK
17701852,VIBRATION,1.118746,OK
17703102,VIBRATION,0.9487101,OK
17704352,VIBRATION,1.203879,OK
17705602,VIBRATION,1.137862,OK
17706852,VIBRATION,1.20952,OK
17708102,VIBRATION,1.203564,OK
17709352,VIBRATION,0.9837026,OK
17710000,PRESSURE,101.5865,OK
17710000,TEMPERATURE,21.58433,OK
17710602,VIBRATION,0.5866189,OK
17711852,VIBRATION,0.9693775,OK
17713102,VIBRATION,0.8426884,OK
17714352,VIBRATION,0.7623782,OK
17715602,VIBRATION,0.7904347,OK
17716876,VIBRATION,0.5452126,OK
17718102,VIBRATION,0.6040187,OK
17719352,VIBRATION,0.8225514,OK
17720000,PRESSURE,101.4219,OK
17720000,TEMPERATURE,21.79372,OK
17720602,VIBRATION,0.2442131,OK
17721852,VIBRATION,0.3255519,OK
17723102,VIBRATION,-0.196228,OK
17724352,VIBRATION,0.4668621,OK
17725602,VIBRATION,0.7153475,OK
17726853,VIBRATION,0.7034035,OK
17728102,VIBRATION,0.6137442,OK
17729352,VIBRATION,0.3719751,OK
17730000,PRESSURE,101.4594,OK
17730000,TEMPERATURE,21.84988,OK
17730602,VIBRATION,0.7763147,OK
17731852,VIBRATION,0.4988726,OK
17733102,VIBRATION,0.07765732,OK
17734352,VIBRATION,-0.5138196,OK
17735602,VIBRATION,0.06222218,OK
17736852,VIBRATION,-0.2207954,OK
17738102,VIBRATION,0.006068572,OK
17739352,VIBRATION,-0.042115,OK
17740000,PRESSURE,101.4836,OK
17740000,TEMPERATURE,21.87401,OK
17740602,VIBRATION,-0.2113402,OK
17741852,VIBRATION,0.169233,OK
17743102,VIBRATION,0.01310364,OK
17744352,VIBRATION,-0.1024566,OK
17745602,VIBRATION,-0.3679377,OK
17746852,VIBRATION,-0.4956053,OK
17748102,VIBRATION,-0.3232534,OK
17749363,VIBRATION,0.09433775,OK
17750000,PRESSURE,101.5523,OK
17750000,TEMPERATURE,21.91717,OK
17750602,VIBRATION,-0.1947924,OK
17751852,VIBRATION,-0.1948663,OK
17753103,VIBRATION,-0.3542913,OK
17754352,VIBRATION,0.5097084,OK
17755602,VIBRATION,0.4465021,OK
17756852,VIBRATION,0.6542518,OK
17758102,VIBRATION,0.6404672,OK
17759352,VIBRATION,0.7572116,OK
17760000,PRESSURE,101.5497,OK
17760000,TEMPERATURE,21.92694,OK
17760602,VIBRATION,0.1852275,OK
17761852,VIBRATION,0.1599429,OK
17763102,VIBRATION,0.05613086,OK
17764352,VIBRATION,0.07861662,OK
17765602,VIBRATION,-0.5204468,OK
17766852,VIBRATION,-0.3461318,OK
17768102,VIBRATION,-0.2093132,OK
17769353,VIBRATION,-0.2993831,OK
17770000,PRESSURE,101.5831,OK
17770000,TEMPERATURE,21.91427,OK
17770602,VIBRATION,0.1420349,OK
17771852,VIBRATION,-0.2862794,OK
17773102,VIBRATION,-0.3512129,OK
17774352,VIBRATION,-0.2957139,OK
17775602,VIBRATION,-0.5906306,OK
17776852,VIBRATION,-0.557433,OK
17778102,VIBRATION,-0.2735938,OK
17779352,VIBRATION,-0.6093406,OK
17780000,PRESSURE,101.5127,OK
17780000,TEMPERATURE,21.92838,OK
17780602,VIBRATION,-0.9386198,OK
17781852,VIBRATION,-0.6983022,OK
17783102,VIBRATION,-0.741102,OK
17784352,VIBRATION,-0.7958992,OK
17785603,VIBRATION,-0.7526073,OK
17786853,VIBRATION,-0.3858557,OK
17788102,VIBRATION,-0.1303418,OK
17789352,VIBRATION,-0.3356924,OK
17790000,PRESSURE,101.5045,OK
17790000,TEMPERATURE,21.82175,OK
17790602,VIBRATION,0.01752703,OK
17791852,VIBRATION,-0.1794697,OK
17793102,VIBRATION,-0.5576525,OK
17794352,VIBRATION,-0.39451,OK
17795602,VIBRATION,-0.02723651,OK
17796852,VIBRATION,0.3759491,OK
17798102,VIBRATION,-0.03850919,OK
17799356,VIBRATION,-0.5449972,OK
17800000,PRESSURE,101.5337,OK
17800000,TEMPERATURE,22.06873,OK
17800602,VIBRATION,-0.6448023,OK
17801853,VIBRATION,-0.1687262,OK
17803103,VIBRATION,-0.4480962,OK
17804353,VIBRATION,-0.1537598,OK
17805603,VIBRATION,-0.5401549,OK
17806852,VIBRATION,-0.6661173,OK
17808103,VIBRATION,0.06443868,OK
17809352,VIBRATION,-0.319329,OK
17810000,PRESSURE,101.5352,OK
17810000,TEMPERATURE,21.9633,OK
17810602,VIBRATION,-0.4654671,OK
17811852,VIBRATION,-0.3880228,OK
17813102,VIBRATION,-0.22963,OK
17814352,VIBRATION,-0.5820164,OK
17815602,VIBRATION,-0.6382631,OK
17816852,VIBRATION,0.06576828,OK
17818103,VIBRATION,0.3320643,OK
17819353,VIBRATION,0.1101466,OK
17820000,PRESSURE,101.498,OK
17820000,TEMPERATURE,22.10761,OK
17820602,VIBRATION,0.6889237,OK
17821852,VIBRATION,0.8356121,OK
17823102,VIBRATION,0.6941929,OK
17824353,VIBRATION,1.368042,OK
17825602,VIBRATION,1.181358,OK
17826852,VIBRATION,1.41769,OK
17828102,VIBRATION,1.434995,OK
17829352,VIBRATION,1.302792,OK
17830000,PRESSURE,101.4918,OK
17830000,TEMPERATURE,21.98934,OK
17830602,VIBRATION,1.523649,OK
17831852,VIBRATION,1.900454,OK
17833102,VIBRATION,1.96872,OK
17834352,VIBRATION,1.743163,OK
17835603,VIBRATION,1.520991,OK
17836852,VIBRATION,1.664766,OK
17838102,VIBRATION,1.664569,OK
17839352,VIBRATION,1.450787,OK
17840000,PRESSURE,101.4919,OK
17840000,TEMPERATURE,22.06452,OK
17840602,VIBRATION,1.098654,OK
17841852,VIBRATION,0.8889376,OK
17843102,VIBRATION,0.1176624,OK
17844352,VIBRATION,0.05119038,OK
17845602,VIBRATION,0.1580811,OK
17846852,VIBRATION,-0.2545946,OK
17848102,VIBRATION,0.4091484,OK
17849352,VIBRATION,0.4896885,OK
17850000,PRESSURE,101.3988,OK
17850000,TEMPERATURE,22.09282,OK
17850602,VIBRATION,0.7329325,OK
17851852,VIBRATION,0.7755296,OK
17853102,VIBRATION,1.049374,OK
17854352,VIBRATION,1.216461,OK
17855602,VIBRATION,1.312224,OK
17856852,VIBRATION,1.156437,OK
17858102,VIBRATION,1.107051,OK
17859352,VIBRATION,1.01905,OK
17860000,PRESSURE,101.3098,OK
17860000,TEMPERATURE,22.29728,OK
17860602,VIBRATION,1.31399,OK
17861852,VIBRATION,1.723753,OK
17863102,VIBRATION,1.51462,OK
17864352,VIBRATION,1.247221,OK
17865602,VIBRATION,1.575887,OK
17866852,VIBRATION,1.464614,OK
17868103,VIBRATION,1.785138,OK
17869352,VIBRATION,2.109891,OK
17870000,PRESSURE,101.2985,OK
17870000,TEMPERATURE,22.52699,OK
17870602,VIBRATION,1.703818,OK
17871852,VIBRATION,0.8920821,OK
17873117,VIBRATION,0.545849,OK
17874353,VIBRATION,0.4149547,OK
17875602,VIBRATION,-0.09649993,OK
17876852,VIBRATION,-0.008907124,OK
17878102,VIBRATION,0.009873165,OK
17879352,VIBRATION,-0.1777637,OK
17880000,PRESSURE,101.2766,OK
17880000,TEMPERATURE,22.64385,OK
17880602,VIBRATION,-0.532105,OK
17881852,VIBRATION,-0.6966021,OK
17883102,VIBRATION,-0.8086292,OK
17884352,VIBRATION,-0.6682451,OK
17885602,VIBRATION,-0.9146766,OK
17886852,VIBRATION,-0.7967689,OK
17888102,VIBRATION,-0.6331233,OK
17889352,VIBRATION,-0.4124272,OK
17890000,PRESSURE,101.2445,OK
17890000,TEMPERATURE,22.61922,OK
17890602,VIBRATION,-0.5372291,OK
17891852,VIBRATION,-0.3540775,OK
17893102,VIBRATION,-0.301289,OK
17894352,VIBRATION,-0.2811793,OK
17895602,VIBRATION,-0.02004814,OK
17896852,VIBRATION,-0.1318474,OK
17898102,VIBRATION,-0.7507104,OK
17899352,VIBRATION,-0.9397643,OK
17900001,PRESSURE,101.2746,OK
17900001,TEMPERATURE,22.53274,OK
17900603,VIBRATION,-0.4173126,OK
17901852,VIBRATION,-0.9311773,OK
17903102,VIBRATION,-0.3768514,OK
17904352,VIBRATION,-0.1319515,OK
17905602,VIBRATION,-0.462069,OK
17906852,VIBRATION,-0.3345115,OK
17908102,VIBRATION,-0.3814396,OK
17909352,VIBRATION,-0.2091719,OK
17910000,PRESSURE,101.2972,OK
17910000,TEMPERATURE,22.45531,OK
17910602,VIBRATION,-0.1306082,OK
17911852,VIBRATION,0.5212863,OK
17913102,VIBRATION,0.4026247,OK
17914352,VIBRATION,0.366697,OK
17915602,VIBRATION,-0.1757004,OK
17916852,VIBRATION,-0.3874955,OK
17918102,VIBRATION,-0.5088294,OK
17919352,VIBRATION,-0.6367199,OK
17920000,PRESSURE,101.2195,OK
17920000,TEMPERATURE,22.45217,OK
17920602,VIBRATION,-0.3296791,OK
17921852,VIBRATION,-0.2754804,OK
17923102,VIBRATION,-0.1753978,OK
17924352,VIBRATION,-0.1012887,OK
17925602,VIBRATION,-0.5342199,OK
17926852,VIBRATION,-0.387041,OK
17928102,VIBRATION,-0.2293851,OK
17929352,VIBRATION,0.001862031,OK
17930000,PRESSURE,101.2772,OK
17930000,TEMPERATURE,22.45638,OK
17930602,VIBRATION,-0.5373986,OK
17931852,VIBRATION,-0.7488556,OK
17933102,VIBRATION,-0.7383959,OK
17934352,VIBRATION,-0.6863733,OK
17935602,VIBRATION,-0.6358703,OK
17936852,VIBRATION,-0.07463259,OK
17938102,VIBRATION,0.1930905,OK
17939352,VIBRATION,0.0970245,OK
17940000,PRESSURE,101.2934,OK
17940000,TEMPERATURE,22.37715,OK
17940602,VIBRATION,0.1368987,OK
17941853,VIBRATION,0.4817716,OK
17943102,VIBRATION,0.3854728,OK
17944352,VIBRATION,0.9218746,OK
17945602,VIBRATION,0.5217095,OK
17946852,VIBRATION,0.5937244,OK
17948102,VIBRATION,0.5869123,OK
17949352,VIBRATION,0.3677973,OK
17950000,PRESSURE,101.3278,OK
17950000,TEMPERATURE,22.15921,OK
17950602,VIBRATION,0.09507953,OK
17951852,VIBRATION,0.1069755,OK
17953102,VIBRATION,0.2196739,OK
17954352,VIBRATION,-0.03240277,OK
17955602,VIBRATION,0.09857485,OK
17956852,VIBRATION,-0.14437,OK
17958102,VIBRATION,-0.05585926,OK
17959352,VIBRATION,-0.06939968,OK
17960001,PRESSURE,101.3395,OK
17960001,TEMPERATURE,22.06919,OK
17960602,VIBRATION,-0.1211121,OK
17961852,VIBRATION,0.3153101,OK
17963102,VIBRATION,0.1601282,OK
17964352,VIBRATION,0.1721465,OK
17965602,VIBRATION,0.2872378,OK
17966852,VIBRATION,0.0888351,OK
17968102,VIBRATION,0.1034336,OK
17969352,VIBRATION,0.2683461,OK
17970000,PRESSURE,101.3245,OK
17970000,TEMPERATURE,22.01451,OK
17970602,VIBRATION,-0.03476149,OK
17971852,VIBRATION,-0.06822132,OK
17973102,VIBRATION,-0.4790324,OK
17974352,VIBRATION,-0.8237274,OK
17975602,VIBRATION,-0.3356085,OK
17976852,VIBRATION,-0.6229021,OK
17978102,VIBRATION,-0.7835502,OK
17979352,VIBRATION,-0.7917404,OK
17980000,PRESSURE,101.3503,OK
17980000,TEMPERATURE,22.02858,OK
17980602,VIBRATION,-0.1754333,OK
17981852,VIBRATION,0.1877579,OK
17983102,VIBRATION,0.03146175,OK
17984352,VIBRATION,-0.4254036,OK
17985602,VIBRATION,-0.2918158,OK
17986852,VIBRATION,-0.1214523,OK
17988102,VIBRATION,-0.1552816,OK
17989352,VIBRATION,-0.4659668,OK
17990000,PRESSURE,101.3228,OK
17990000,TEMPERATURE,22.18074,OK
17990602,VIBRATION,-0.636499,OK
17991852,VIBRATION,-0.4045634,OK
17993102,VIBRATION,-0.4413548,OK
17994352,VIBRATION,-0.6937659,OK
17995602,VIBRATION,-1.043199,OK
17996852,VIBRATION,-0.482877,OK
17998102,VIBRATION,-0.03536391,OK
17999352,VIBRATION,0.6909101,OK
18000000,PRESSURE,101.2632,OK
18000000,TEMPERATURE,22.15115,OK
18000000,HUMIDITY,44.23197,OK
18000602,VIBRATION,1.04382,OK
18001852,VIBRATION,0.6089768,OK
18003102,VIBRATION,0.7684633,OK
18004352,VIBRATION,1.260771,OK
18005602,VIBRATION,1.188063,OK
18006852,VIBRATION,1.161477,OK
18008102,VIBRATION,0.3930399,OK
18009352,VIBRATION,0.325268,OK
18010000,PRESSURE,101.2745,OK
18010000,TEMPERATURE,22.19525,OK
18010602,VIBRATION,0.2026239,OK
18011852,VIBRATION,0.5407193,OK
18013102,VIBRATION,0.06978574,OK
18014352,VIBRATION,-0.2330685,OK
18015602,VIBRATION,-0.5450868,OK
18016852,VIBRATION,-0.6036592,OK
18018102,VIBRATION,-0.462515,OK
18019352,VIBRATION,0.0130279,OK
18020000,PRESSURE,101.2844,OK
18020000,TEMPERATURE,22.16334,OK
18020602,VIBRATION,-0.2217932,OK
18021852,VIBRATION,-0.1577395,OK
18023102,VIBRATION,-0.6514559,OK
18024352,VIBRATION,-1.052241,OK
18025602,VIBRATION,-1.112566,OK
18026852,VIBRATION,-1.227343,OK
18028102,VIBRATION,-0.5895719,OK
18029352,VIBRATION,-0.6634217,OK
18030000,PRESSURE,101.2807,OK
18030000,TEMPERATURE,22.17893,OK
18030602,VIBRATION,-0.4999875,OK
18031852,VIBRATION,-1.068984,OK
18033102,VIBRATION,-0.7833879,OK
18034352,VIBRATION,-0.6963997,OK
18035602,VIBRATION,-1.042783,OK
18036852,VIBRATION,-0.8328782,OK
18038102,VIBRATION,-0.9058759,OK
18039352,VIBRATION,-1.23237,OK
18040000,PRESSURE,101.2931,OK
18040000,TEMPERATURE,21.94749,OK
18040602,VIBRATION,-1.120209,OK
18041852,VIBRATION,-1.239433,OK
18043102,VIBRATION,-1.499065,OK
18044352,VIBRATION,-1.742622,OK
18045602,VIBRATION,-1.797676,OK
18046852,VIBRATION,-2.015222,OK
18048102,VIBRATION,-2.190365,OK
18049352,VIBRATION,-2.401905,OK
18050000,PRESSURE,101.2068,OK
18050000,TEMPERATURE,21.97689,OK
18050602,VIBRATION,-2.040981,OK
18051852,VIBRATION,-1.853659,OK
18053102,VIBRATION,-1.993755,OK
18054352,VIBRATION,-1.973482,OK
18055602,VIBRATION,-1.644441,OK
18056852,VIBRATION,-1.92103,OK
18058102,VIBRATION,-1.746535,OK
18059352,VIBRATION,-1.582677,OK
18060000,PRESSURE,101.28,OK
18060000,TEMPERATURE,21.90221,OK
18060602,VIBRATION,-1.485606,OK
18061852,VIBRATION,-1.059906,OK
18063102,VIBRATION,-1.227039,OK
18064352,VIBRATION,-1.081834,OK
18065602,VIBRATION,-1.0776,OK
18066852,VIBRATION,-1.744094,OK
18068102,VIBRATION,-1.712804,OK
18069352,VIBRATION,-2.043279,OK
18070000,PRESSURE,101.307,OK
18070000,TEMPERATURE,21.93424,OK
18070602,VIBRATION,-1.926519,OK
18071852,VIBRATION,-1.416892,OK
18073102,VIBRATION,-1.415212,OK
18074352,VIBRATION,-1.274153,OK
18075602,VIBRATION,-1.460785,OK
18076852,VIBRATION,-1.270193,OK
18078102,VIBRATION,-0.8435526,OK
18079354,VIBRATION,-0.7975922,OK
18080003,PRESSURE,101.3096,OK
18080003,TEMPERATURE,21.88498,OK
18080602,VIBRATION,-0.6718942,OK
18081852,VIBRATION,-0.5692229,OK
18083102,VIBRATION,-0.8348839,OK
18084352,VIBRATION,-0.3071222,OK
18085602,VIBRATION,-0.1888818,OK
18086852,VIBRATION,-0.1144439,OK
18088102,VIBRATION,-0.1055561,OK
18089352,VIBRATION,0.1487621,OK
18090000,PRESSURE,101.3856,OK
18090000,TEMPERATURE,21.85475,OK
18090602,VIBRATION,-0.2847873,OK
18091852,VIBRATION,-0.2469634,OK
18093125,VIBRATION,0.1237294,OK
18094352,VIBRATION,-0.02079779,OK
18095602,VIBRATION,-0.3344008,OK
18096852,VIBRATION,-0.3223404,OK
18098102,VIBRATION,-0.194044,OK
18099352,VIBRATION,-0.5664313,OK
18100000,PRESSURE,101.3562,OK
18100000,TEMPERATURE,21.9296,OK
18100602,VIBRATION,0,COMM_ERROR
18101852,VIBRATION,-0.8221919,OK
18103102,VIBRATION,-0.6630155,OK
18104352,VIBRATION,-0.3109323,OK
18105602,VIBRATION,-0.02047064,OK
18106852,VIBRATION,-0.3192066,OK
18108102,VIBRATION,0.01369336,OK
18109352,VIBRATION,0.3150992,OK
18110000,PRESSURE,101.3001,OK
18110000,TEMPERATURE,22.05228,OK
18110602,VIBRATION,0.3184244,OK
18111852,VIBRATION,0.16041,OK
18113102,VIBRATION,-0.373891,OK
18114352,VIBRATION,-0.3614151,OK
18115603,VIBRATION,-0.6960923,OK
18116852,VIBRATION,-0.963461,OK
18118102,VIBRATION,-1.143301,OK
18119352,VIBRATION,-1.478927,OK
18120000,PRESSURE,101.2525,OK
18120000,TEMPERATURE,22.09344,OK
18120602,VIBRATION,-0.6761087,OK
18121852,VIBRATION,-1.179584,OK
18123102,VIBRATION,-0.5762018,OK
18124352,VIBRATION,-0.733345,OK
18125602,VIBRATION,-0.2132543,OK
18126866,VIBRATION,-0.05882907,OK
18128102,VIBRATION,0.04122313,OK
18129352,VIBRATION,0.1271584,OK
18130000,PRESSURE,101.2101,OK
18130000,TEMPERATURE,21.942,OK
18130602,VIBRATION,-0.2561179,OK
18131852,VIBRATION,-0.04108691,OK
18133102,VIBRATION,0.2551073,OK
18134410,VIBRATION,-0.3208258,OK
18135602,VIBRATION,-0.4953235,OK
18136852,VIBRATION,-0.4044949,OK
18138102,VIBRATION,-0.475728,OK
18139352,VIBRATION,-0.4576347,OK
18140000,PRESSURE,101.205,OK
18140000,TEMPERATURE,21.90845,OK
18140602,VIBRATION,-0.341707,OK
18141852,VIBRATION,-0.1344394,OK
18143102,VIBRATION,-0.524668,OK
18144352,VIBRATION,-0.1629682,OK
18145602,VIBRATION,-0.2218915,OK
18146852,VIBRATION,0.01379679,OK
18148102,VIBRATION,0.09733095,OK
18149353,VIBRATION,0.04654021,OK
18150000,PRESSURE,101.2498,OK
18150000,TEMPERATURE,21.92325,OK
18150602,VIBRATION,0.6044725,OK
18151852,VIBRATION,0.5383739,OK
18153102,VIBRATION,1.060115,OK
18154352,VIBRATION,0.97071,OK
18155602,VIBRATION,1.478826,OK
18156852,VIBRATION,0.7801926,OK
18158102,VIBRATION,0.7222384,OK
18159352,VIBRATION,0.9906506,OK
18160000,PRESSURE,101.2136,OK
18160000,TEMPERATURE,21.75606,OK
18160602,VIBRATION,1.59802,OK
18161852,VIBRATION,1.850711,OK
18163102,VIBRATION,1.888006,OK
18164353,VIBRATION,1.797048,OK
18165602,VIBRATION,1.611066,OK
18166852,VIBRATION,1.434147,OK
18168102,VIBRATION,1.279306,OK
18169352,VIBRATION,1.193093,OK
18170000,PRESSURE,101.2194,OK
18170000,TEMPERATURE,21.87399,OK
18170602,VIBRATION,1.419787,OK
18171852,VIBRATION,2.248071,OK
18173102,VIBRATION,1.662888,OK
18174352,VIBRATION,1.480492,OK
18175602,VIBRATION,0.5739357,OK
18176852,VIBRATION,0.5964157,OK
18178102,VIBRATION,0.5730511,OK
18179352,VIBRATION,0.7741435,OK
18180000,PRESSURE,101.2383,OK
18180000,TEMPERATURE,22.00413,OK
18180602,VIBRATION,0.9272145,OK
18181852,VIBRATION,0.2347278,OK
18183102,VIBRATION,-0.5117842,OK
18184352,VIBRATION,-0.5358323,OK
18185606,VIBRATION,-0.5656921,OK
18186852,VIBRATION,-0.8405784,OK
18188102,VIBRATION,-1.065074,OK
18189352,VIBRATION,-0.9760055,OK
18190000,PRESSURE,101.2789,OK
18190000,TEMPERATURE,22.0279,OK
18190602,VIBRATION,-1.036559,OK
18191852,VIBRATION,-0.621532,OK
18193102,VIBRATION,-0.8738182,OK
18194353,VIBRATION,-0.6789598,OK
18195602,VIBRATION,-0.5773138,OK
18196852,VIBRATION,-0.6400995,OK
18198102,VIBRATION,-0.0665046,OK
18199352,VIBRATION,0.4066441,OK
18200000,PRESSURE,101.325,OK
18200000,TEMPERATURE,22.05945,OK
18200602,VIBRATION,0.7186643,OK
18201852,VIBRATION,1.112757,OK
18203102,VIBRATION,1.013303,OK
18204352,VIBRATION,1.380036,OK
18205602,VIBRATION,1.540898,OK
18206852,VIBRATION,1.602974,OK
18208102,VIBRATION,1.253328,OK
18209352,VIBRATION,1.155772,OK
18210000,PRESSURE,101.4002,OK
18210000,TEMPERATURE,22.14136,OK
18210602,VIBRATION,1.566165,OK
18211852,VIBRATION,1.868412,OK
18213102,VIBRATION,2.404073,OK
18214352,VIBRATION,1.94598,OK
18215602,VIBRATION,1.666948,OK
18216852,VIBRATION,1.675307,OK
18218102,VIBRATION,1.30771,OK
18219352,VIBRATION,1.653783,OK
18220000,PRESSURE,101.3382,OK
18220000,TEMPERATURE,22.10255,OK
18220602,VIBRATION,1.600714,OK
18221852,VIBRATION,1.779916,OK
18223102,VIBRATION,1.963838,OK
18224352,VIBRATION,2.18283,OK
18225602,VIBRATION,1.656631,OK
18226852,VIBRATION,1.532369,OK
18228102,VIBRATION,1.262,OK
18229352,VIBRATION,1.054241,OK
18230000,PRESSURE,101.3404,OK
18230000,TEMPERATURE,21.98959,OK
18230602,VIBRATION,0.6579296,OK
18231852,VIBRATION,0.7933015,OK
18233102,VIBRATION,0.1807229,OK
18234352,VIBRATION,0.1032672,OK
18235602,VIBRATION,0.4106698,OK
18236852,VIBRATION,-0.02077061,OK
18238102,VIBRATION,-0.08245145,OK
18239353,VIBRATION,0.06260046,OK
18240000,PRESSURE,101.3248,OK
18240000,TEMPERATURE,21.90015,OK
18240602,VIBRATION,-0.4553637,OK
18241852,VIBRATION,-0.4831105,OK
18243102,VIBRATION,-0.1791449,OK
18244499,VIBRATION,-0.7335559,OK
18245602,VIBRATION,-0.8114733,OK
18246852,VIBRATION,-0.9313674,OK
18248102,VIBRATION,-1.34216,OK
18249352,VIBRATION,-1.593179,OK
18250000,PRESSURE,101.2553,OK
18250000,TEMPERATURE,21.862,OK
18250602,VIBRATION,-2.022779,OK
18251852,VIBRATION,-2.437258,OK
18253102,VIBRATION,-2.503392,OK
18254352,VIBRATION,-2.526845,OK
18255602,VIBRATION,-2.66411,OK
18256852,VIBRATION,-3.229604,OK
18258102,VIBRATION,-2.685527,OK
18259352,VIBRATION,-2.748554,OK
18260000,PRESSURE,101.2157,OK
18260000,TEMPERATURE,21.71423,OK
18260602,VIBRATION,-2.679002,OK
18261852,VIBRATION,-2.399837,OK
18263102,VIBRATION,-2.470816,OK
18264352,VIBRATION,-2.271178,OK
18265602,VIBRATION,-1.880632,OK
18266852,VIBRATION,-1.436016,OK
18268102,VIBRATION,-1.355786,OK
18269352,VIBRATION,-1.370612,OK
18270000,PRESSURE,101.1611,OK
18270000,TEMPERATURE,21.67899,OK
18270602,VIBRATION,-1.610666,OK
18271852,VIBRATION,-1.715848,OK
18273102,VIBRATION,-1.801429,OK
18274352,VIBRATION,-1.317476,OK
18275602,VIBRATION,-1.844095,OK
18276852,VIBRATION,-1.789359,OK
18278102,VIBRATION,-1.954986,OK
18279352,VIBRATION,-2.384909,OK
18280000,PRESSURE,101.1419,OK
18280000,TEMPERATURE,21.70526,OK
18280602,VIBRATION,-2.376915,OK
18281852,VIBRATION,-2.121343,OK
18283102,VIBRATION,-1.535,OK
18284352,VIBRATION,-1.42584,OK
18285602,VIBRATION,-1.07266,OK
18286852,VIBRATION,-1.141031,OK
18288102,VIBRATION,-1.527345,OK
18289352,VIBRATION,-1.505151,OK
18290000,PRESSURE,101.1785,OK
18290000,TEMPERATURE,21.84104,OK
18290602,VIBRATION,-1.268772,OK
18291852,VIBRATION,-0.7450018,OK
18293102,VIBRATION,-0.5912623,OK
18294352,VIBRATION,-1.208767,OK
18295602,VIBRATION,-0.6668931,OK
18296852,VIBRATION,-0.7609209,OK
18298102,VIBRATION,-0.6627382,OK
18299352,VIBRATION,-0.7300444,OK
18300000,PRESSURE,101.2204,OK
18300000,TEMPERATURE,21.88973,OK
18300602,VIBRATION,-0.619155,OK
18301852,VIBRATION,-0.6275169,OK
18303102,VIBRATION,-0.5397747,OK
18304352,VIBRATION,-0.7564851,OK
18305602,VIBRATION,-0.6069242,OK
18306852,VIBRATION,-0.7572656,OK
18308102,VIBRATION,-0.371531,OK
18309352,VIBRATION,-0.5303486,OK
18310000,PRESSURE,101.1192,OK
18310000,TEMPERATURE,21.94921,OK
18310602,VIBRATION,-0.9368785,OK
18311852,VIBRATION,-0.7783754,OK
18313102,VIBRATION,-1.168694,OK
18314352,VIBRATION,-1.302203,OK
18315602,VIBRATION,-1.703644,OK
18316852,VIBRATION,-1.670564,OK
18318102,VIBRATION,-1.428481,OK
18319352,VIBRATION,-1.473213,OK
18320000,PRESSURE,101.0929,OK
18320000,TEMPERATURE,21.96379,OK
18320602,VIBRATION,-1.299296,OK
18321852,VIBRATION,-1.559704,OK
18323102,VIBRATION,-1.587278,OK
18324352,VIBRATION,-1.409713,OK
18325602,VIBRATION,-1.131288,OK
18326852,VIBRATION,-1.535567,OK
18328102,VIBRATION,-1.375242,OK
18329352,VIBRATION,-1.390865,OK
18330000,PRESSURE,101.1403,OK
18330000,TEMPERATURE,21.87767,OK
18330602,VIBRATION,-1.362024,OK
18331852,VIBRATION,-1.987633,OK
18333102,VIBRATION,-1.967068,OK
18334352,VIBRATION,-2.047172,OK
18335602,VIBRATION,-1.875226,OK
18336852,VIBRATION,-1.6517,OK
18338102,VIBRATION,-2.260832,OK
18339352,VIBRATION,-1.979429,OK
18340000,PRESSURE,101.1428,OK
18340000,TEMPERATURE,21.8097,OK
18340602,VIBRATION,-2.255199,OK
18341852,VIBRATION,-2.060373,OK
18343102,VIBRATION,-1.949549,OK
18344352,VIBRATION,-1.660196,OK
18345602,VIBRATION,-1.529374,OK
18346852,VIBRATION,-1.878528,OK
18348335,VIBRATION,-1.361831,OK
18349607,VIBRATION,-1.008592,OK
18350260,PRESSURE,101.1484,OK
18350260,TEMPERATURE,21.62935,OK
18350915,VIBRATION,-0.8990666,OK
18352131,VIBRATION,-0.1729264,OK
18353409,VIBRATION,-0.09970423,OK
18354743,VIBRATION,-0.05236402,OK
18355602,VIBRATION,0.1604911,OK
18356852,VIBRATION,-0.1129913,OK
18358102,VIBRATION,-0.1556143,OK
18359352,VIBRATION,-0.2742186,OK
18360000,PRESSURE,101.2102,OK
18360000,TEMPERATURE,21.81464,OK
18360602,VIBRATION,-0.09469882,OK
18361852,VIBRATION,-0.3725127,OK
18363102,VIBRATION,-0.7492397,OK
18364352,VIBRATION,-1.326089,OK
18365602,VIBRATION,-1.978714,OK
18366852,VIBRATION,-2.034547,OK
18368102,VIBRATION,-2.07931,OK
18369352,VIBRATION,-2.128412,OK
18370000,PRESSURE,101.2357,OK
18370000,TEMPERATURE,21.72978,OK
18370602,VIBRATION,-2.250484,OK
18371852,VIBRATION,-2.445688,OK
18373102,VIBRATION,-2.116106,OK
18374352,VIBRATION,-2.241492,OK
18375623,VIBRATION,-2.410896,OK
18376852,VIBRATION,-2.413568,OK
18378102,VIBRATION,-2.53596,OK
18379352,VIBRATION,-2.604206,OK
18380000,PRESSURE,101.1026,OK
18380000,TEMPERATURE,21.78784,OK
18380602,VIBRATION,-2.720294,OK
18381852,VIBRATION,-2.70013,OK
18383102,VIBRATION,-2.015606,OK
18384352,VIBRATION,-1.834879,OK
18385602,VIBRATION,-1.182893,OK
18386852,VIBRATION,-1.285812,OK
18388102,VIBRATION,-0.6982474,OK
18389352,VIBRATION,-0.8269947,OK
18390000,PRESSURE,101.1812,OK
18390000,TEMPERATURE,21.79678,OK
18390602,VIBRATION,-0.8121805,OK
18391852,VIBRATION,-0.6152195,OK
18393102,VIBRATION,-1.162843,OK
18394352,VIBRATION,-0.8625877,OK
18395602,VIBRATION,-0.5487631,OK
18396852,VIBRATION,-0.5914288,OK
18398102,VIBRATION,-1.179114,OK
18399352,VIBRATION,-0.9245607,OK
18400000,PRESSURE,101.2847,OK
18400000,TEMPERATURE,21.80236,OK
18400602,VIBRATION,-0.8380979,OK
18401852,VIBRATION,-0.3899375,OK
18403102,VIBRATION,0.008081062,OK
18404352,VIBRATION,0.07697328,OK
18405602,VIBRATION,-0.212599,OK
18406852,VIBRATION,-0.0596994,OK
18408102,VIBRATION,0.05471158,OK
18409352,VIBRATION,0.4470623,OK
18410000,PRESSURE,101.2453,OK
18410000,TEMPERATURE,21.7123,OK
18410602,VIBRATION,0.1333126,OK
18411852,VIBRATION,0.2621641,OK
18413248,VIBRATION,0.824473,OK
18414352,VIBRATION,0.7751034,OK
18415602,VIBRATION,0.5973848,OK
18416852,VIBRATION,0.8207789,OK
18418102,VIBRATION,0.2176384,OK
18419352,VIBRATION,0.281467,OK
18420000,PRESSURE,101.3167,OK
18420000,TEMPERATURE,21.70917,OK
18420602,VIBRATION,-0.180722,OK
18421852,VIBRATION,0.3023947,OK
18423102,VIBRATION,0.5896333,OK
18424352,VIBRATION,0.02449662,OK
18425602,VIBRATION,0.1459197,OK
18426852,VIBRATION,-0.1389732,OK
18428102,VIBRATION,0.07610466,OK
18429352,VIBRATION,-0.3144955,OK
18430000,PRESSURE,101.2957,OK
18430000,TEMPERATURE,21.83627,OK
18430602,VIBRATION,-0.3025871,OK
18431852,VIBRATION,-0.2871729,OK
18433102,VIBRATION,-0.1232511,OK
18434352,VIBRATION,-0.2870418,OK
18435602,VIBRATION,-0.9065548,OK
18436852,VIBRATION,-0.7122995,OK
18438102,VIBRATION,-0.4000407,OK
18439352,VIBRATION,-0.4342297,OK
18440000,PRESSURE,101.2539,OK
18440000,TEMPERATURE,21.92841,OK
18440602,VIBRATION,-0.8235156,OK
18441852,VIBRATION,-0.9113821,OK
18443102,VIBRATION,-1.032862,OK
18444352,VIBRATION,-1.249883,OK
18445602,VIBRATION,-1.641248,OK
18446852,VIBRATION,-1.915612,OK
18448102,VIBRATION,-2.090749,OK
18449352,VIBRATION,-1.779597,OK
18450000,PRESSURE,101.2601,OK
18450000,TEMPERATURE,22.00446,OK
18450602,VIBRATION,-1.686071,OK
18451852,VIBRATION,-1.649961,OK
18453102,VIBRATION,-1.6363,OK
18454352,VIBRATION,-1.526936,OK
18455602,VIBRATION,-1.544798,OK
18456852,VIBRATION,-1.391238,OK
18458102,VIBRATION,-1.484228,OK
18459352,VIBRATION,-1.048005,OK
18460000,PRESSURE,101.285,OK
18460000,TEMPERATURE,22.01238,OK
18460602,VIBRATION,-1.06045,OK
18461852,VIBRATION,-0.8723589,OK
18463102,VIBRATION,-1.125515,OK
18464352,VIBRATION,-0.7178927,OK
18465602,VIBRATION,-0.7282382,OK
18466852,VIBRATION,-0.2724573,OK
18468102,VIBRATION,-0.6807005,OK
18469352,VIBRATION,-0.402934,OK
18470000,PRESSURE,101.2855,OK
18470000,TEMPERATURE,21.86566,OK
18470602,VIBRATION,-0.4041355,OK
18471852,VIBRATION,-0.6108763,OK
18473102,VIBRATION,-0.6820467,OK
18474352,VIBRATION,-1.124754,OK
18475602,VIBRATION,-0.7154571,OK
18476852,VIBRATION,-0.353247,OK
18478102,VIBRATION,-0.1372667,OK
18479352,VIBRATION,0.3550468,OK
18480000,PRESSURE,101.3084,OK
18480000,TEMPERATURE,21.83463,OK
18480602,VIBRATION,-0.3840103,OK
18481852,VIBRATION,-0.6102259,OK
18483102,VIBRATION,-0.6112504,OK
18484352,VIBRATION,-1.196863,OK
18485602,VIBRATION,-1.12004,OK
18486852,VIBRATION,-0.8634672,OK
18488102,VIBRATION,-0.9803076,OK
18489352,VIBRATION,-0.8260364,OK
18490000,PRESSURE,101.3314,OK
18490000,TEMPERATURE,21.77601,OK
18490602,VIBRATION,-0.7990806,OK
18491852,VIBRATION,-1.354792,OK
18493102,VIBRATION,-1.455864,OK
18494352,VIBRATION,-0.9128722,OK
18495602,VIBRATION,-0.4407198,OK
18496852,VIBRATION,-0.3743379,OK
18498102,VIBRATION,-0.5023409,OK
18499352,VIBRATION,-0.2889063,OK
18500000,PRESSURE,101.3291,OK
18500000,TEMPERATURE,21.93334,OK
18500602,VIBRATION,-0.4430075,OK
18501852,VIBRATION,-0.4515654,OK
18503102,VIBRATION,-0.9856775,OK
18504352,VIBRATION,-0.6485652,OK
18505602,VIBRATION,-0.7284687,OK
18506852,VIBRATION,-0.5232643,OK
18508102,VIBRATION,-0.7687909,OK
18509352,VIBRATION,-0.8652739,OK
18510000,PRESSURE,101.3709,OK
18510000,TEMPERATURE,21.95871,OK
18510602,VIBRATION,-1.115188,OK
18511852,VIBRATION,-0.8774839,OK
18513102,VIBRATION,-1.018377,OK
18514352,VIBRATION,-0.9072258,OK
18515602,VIBRATION,-0.8479654,OK
18516852,VIBRATION,-0.8834335,OK
18518102,VIBRATION,-0.6295142,OK
18519352,VIBRATION,-0.7734586,OK
18520000,PRESSURE,101.408,OK
18520000,TEMPERATURE,21.86459,OK
18520602,VIBRATION,-0.9600182,OK
18521852,VIBRATION,-0.4036485,OK
18523102,VIBRATION,-0.5938527,OK
18524352,VIBRATION,-0.6735626,OK
18525602,VIBRATION,-0.8993874,OK
18526852,VIBRATION,-0.8799295,OK
18528102,VIBRATION,-1.079411,OK
18529352,VIBRATION,-0.9641059,OK
18530000,PRESSURE,101.38,OK
18530000,TEMPERATURE,21.94961,OK
18530602,VIBRATION,-1.039406,OK
18531852,VIBRATION,-0.6107498,OK
18533102,VIBRATION,-0.1232705,OK
18534352,VIBRATION,-0.6592014,OK
18535602,VIBRATION,-0.5805732,OK
18536852,VIBRATION,-0.5652697,OK
18538102,VIBRATION,-0.8418071,OK
18539352,VIBRATION,-0.6204323,OK
18540000,PRESSURE,101.4944,OK
18540000,TEMPERATURE,21.9076,OK
18540602,VIBRATION,-0.3006001,OK
18541852,VIBRATION,0.4264447,OK
18543102,VIBRATION,0.2070551,OK
18544352,VIBRATION,0.1355326,OK
18545602,VIBRATION,0.238132,OK
18546852,VIBRATION,-0.2772794,OK
18548102,VIBRATION,0.2697969,OK
18549352,VIBRATION,0.3929907,OK
18550000,PRESSURE,101.4405,OK
18550000,TEMPERATURE,22.1512,OK
18550602,VIBRATION,0.09134741,OK
18551852,VIBRATION,-0.09974865,OK
18553102,VIBRATION,-0.3571212,OK
18554352,VIBRATION,-0.1974313,OK
18555602,VIBRATION,0.01798855,OK
18556852,VIBRATION,-0.6609393,OK
18558102,VIBRATION,-1.42353,OK
18559352,VIBRATION,-1.347772,OK
18560000,PRESSURE,101.5571,OK
18560000,TEMPERATURE,22.08635,OK
18560602,VIBRATION,-1.223056,OK
18561852,VIBRATION,-1.30193,OK
18563102,VIBRATION,-1.752496,OK
18564352,VIBRATION,-2.054196,OK
18565602,VIBRATION,-2.227542,OK
18566852,VIBRATION,-1.78882,OK
18568102,VIBRATION,-2.019454,OK
18569352,VIBRATION,-1.800784,OK
18570000,PRESSURE,101.6103,OK
18570000,TEMPERATURE,22.00323,OK
18570602,VIBRATION,-1.219532,OK
18571852,VIBRATION,-1.494911,OK
18573102,VIBRATION,-1.58752,OK
18574352,VIBRATION,-1.037329,OK
18575602,VIBRATION,-0.660153,OK
18576852,VIBRATION,-0.666722,OK
18578102,VIBRATION,-0.5516871,OK
18579352,VIBRATION,-0.5339531,OK
18580000,PRESSURE,101.5625,OK
18580000,TEMPERATURE,22.09618,OK
18580602,VIBRATION,-0.3748783,OK
18581852,VIBRATION,-0.7733274,OK
18583102,VIBRATION,-1.033408,OK
18584352,VIBRATION,-0.8663676,OK
18585602,VIBRATION,-0.6870629,OK
18586852,VIBRATION,-0.4799578,OK
18588102,VIBRATION,-0.7880842,OK
18589352,VIBRATION,-0.7376379,OK
18590000,PRESSURE,101.5199,OK
18590000,TEMPERATURE,22.07618,OK
18590602,VIBRATION,-0.4352886,OK
18591852,VIBRATION,-0.6745369,OK
18593102,VIBRATION,-0.1754537,OK
18594352,VIBRATION,-0.8292718,OK
18595602,VIBRATION,-1.17305,OK
18596852,VIBRATION,-0.7601014,OK
18598102,VIBRATION,-0.1786988,OK
18599352,VIBRATION,0.183317,OK
18600000,PRESSURE,101.5,OK
18600000,TEMPERATURE,22.12392,OK
18600602,VIBRATION,0.01748534,OK
18601852,VIBRATION,0.1444548,OK
18603102,VIBRATION,0.1965406,OK
18604352,VIBRATION,0.1252563,OK
18605602,VIBRATION,0.2809215,OK
18606852,VIBRATION,-0.01098057,OK
18608102,VIBRATION,-0.3573241,OK
18609352,VIBRATION,-0.2944968,OK
18610000,PRESSURE,101.451,OK
18610000,TEMPERATURE,21.94477,OK
18610602,VIBRATION,-0.2338379,OK
18611852,VIBRATION,-0.1226491,OK
18613102,VIBRATION,-0.08618836,OK
18614352,VIBRATION,0.2300561,OK
18615602,VIBRATION,0.6564225,OK
18616852,VIBRATION,0.227776,OK
18618102,VIBRATION,-0.1158617,OK
18619352,VIBRATION,-0.2918984,OK
18620000,PRESSURE,101.4702,OK
18620000,TEMPERATURE,21.61525,OK
18620602,VIBRATION,0.10488,OK
18621852,VIBRATION,0.04364176,OK
18623102,VIBRATION,0.2897462,OK
18624352,VIBRATION,0.04787693,OK
18625602,VIBRATION,-0.1302822,OK
18626852,VIBRATION,0.3105188,OK
18628102,VIBRATION,0.03916814,OK
18629352,VIBRATION,0.1854058,OK
18630000,PRESSURE,101.5216,OK
18630000,TEMPERATURE,21.77222,OK
18630602,VIBRATION,-0.2692897,OK
18631852,VIBRATION,-0.9077782,OK
18633102,VIBRATION,-1.074394,OK
18634352,VIBRATION,-0.9200435,OK
18635602,VIBRATION,-0.6998675,OK
18636852,VIBRATION,-0.8657732,OK
18638102,VIBRATION,-0.8906524,OK
18639352,VIBRATION,-0.8660814,OK
18640000,PRESSURE,101.441,OK
18640000,TEMPERATURE,21.81733,OK
18640602,VIBRATION,-0.5611914,OK
18641852,VIBRATION,-0.646561,OK
18643102,VIBRATION,-0.8615681,OK
18644352,VIBRATION,-0.578819,OK
18645602,VIBRATION,-0.4130708,OK
18646852,VIBRATION,-0.1213125,OK
18648102,VIBRATION,0.06296993,OK
18649352,VIBRATION,0.01839346,OK
18650000,PRESSURE,101.4663,OK
18650000,TEMPERATURE,21.85138,OK
18650602,VIBRATION,0.1749982,OK
18651852,VIBRATION,-0.1763216,OK
18653102,VIBRATION,-0.03695368,OK
18654352,VIBRATION,0.1779903,OK
18655602,VIBRATION,0.0653513,OK
18656852,VIBRATION,0.04603747,OK
18658102,VIBRATION,-0.2259975,OK
18659352,VIBRATION,-0.2193275,OK
18660000,PRESSURE,101.4461,OK
18660000,TEMPERATURE,21.82594,OK
18660602,VIBRATION,-0.2044871,OK
18661852,VIBRATION,-0.6717392,OK
18663102,VIBRATION,-0.9491497,OK
18664352,VIBRATION,-0.597161,OK
18665602,VIBRATION,-0.3971751,OK
18666852,VIBRATION,0.2283996,OK
18668102,VIBRATION,0.2957348,OK
18669352,VIBRATION,0.2795069,OK
18670000,PRESSURE,101.48,OK
18670000,TEMPERATURE,22.07106,OK
18670602,VIBRATION,0.5212408,OK
18671852,VIBRATION,0.6113215,OK
18673102,VIBRATION,0.5756146,OK
18674352,VIBRATION,1.156258,OK
18675602,VIBRATION,0.9276111,OK
18676852,VIBRATION,0.6403593,OK
18678103,VIBRATION,0.2376076,OK
18679352,VIBRATION,-0.2477464,OK
18680000,PRESSURE,101.4443,OK
18680000,TEMPERATURE,21.90561,OK
18680602,VIBRATION,-0.03057945,OK
18681852,VIBRATION,0.2556155,OK
18683102,VIBRATION,0.02104122,OK
18684352,VIBRATION,-0.1003183,OK
18685602,VIBRATION,-0.4587187,OK
18686852,VIBRATION,-0.921412,OK
18688102,VIBRATION,-0.9982844,OK
18689352,VIBRATION,-0.7293322,OK
18690000,PRESSURE,101.3915,OK
18690000,TEMPERATURE,21.98503,OK
18690602,VIBRATION,-0.9539268,OK
18691852,VIBRATION,-0.8682722,OK
18693102,VIBRATION,-0.8421979,OK
18694352,VIBRATION,-1.149413,OK
18695602,VIBRATION,-0.4574071,OK
18696852,VIBRATION,-0.2779574,OK
18698102,VIBRATION,-0.1399028,OK
18699352,VIBRATION,0.01352432,OK
18700000,PRESSURE,101.371,OK
18700000,TEMPERATURE,21.86169,OK
18700602,VIBRATION,-0.4123668,OK
18701852,VIBRATION,-0.7013037,OK
18703102,VIBRATION,-0.5406072,OK
18704352,VIBRATION,-0.1288204,OK
18705602,VIBRATION,-0.4669135,OK
18706852,VIBRATION,-0.5572674,OK
18708114,VIBRATION,-0.4902543,OK
18709352,VIBRATION,-0.3146732,OK
18710000,PRESSURE,101.3145,OK
18710000,TEMPERATURE,22.07356,OK
18710602,VIBRATION,-0.8104269,OK
18711852,VIBRATION,-0.8605529,OK
18713102,VIBRATION,-0.7026231,OK
18714352,VIBRATION,-0.7309219,OK
18715602,VIBRATION,-0.3918177,OK
18716852,VIBRATION,-0.4077938,OK
18718102,VIBRATION,-0.6225812,OK
18719352,VIBRATION,-0.7612205,OK
18720000,PRESSURE,101.3626,OK
18720000,TEMPERATURE,22.041,OK
18720602,VIBRATION,-0.4874249,OK
18721852,VIBRATION,-0.3742378,OK
18723102,VIBRATION,0.03669969,OK
18724352,VIBRATION,0.05767085,OK
18725602,VIBRATION,0.1465488,OK
18726852,VIBRATION,-0.03310558,OK
18728102,VIBRATION,0.07424281,OK
18729358,VIBRATION,0.8985395,OK
18730000,PRESSURE,101.3933,OK
18730000,TEMPERATURE,21.85104,OK
18730602,VIBRATION,1.399783,OK
18731852,VIBRATION,1.93645,OK
18733102,VIBRATION,1.546849,OK
18734352,VIBRATION,1.635931,OK
18735602,VIBRATION,1.096815,OK
18736852,VIBRATION,1.64441,OK
18738102,VIBRATION,1.755328,OK
18739352,VIBRATION,1.661079,OK
18740000,PRESSURE,101.3967,OK
18740000,TEMPERATURE,21.93435,OK
18740602,VIBRATION,2.010297,OK
18741852,VIBRATION,1.521914,OK
18743102,VIBRATION,1.675657,OK
18744352,VIBRATION,1.769282,OK
18745602,VIBRATION,2.09895,OK
18746852,VIBRATION,1.893709,OK
18748102,VIBRATION,1.452184,OK
18749352,VIBRATION,1.162505,OK
18750000,PRESSURE,101.5032,OK
18750000,TEMPERATURE,21.82613,OK
18750602,VIBRATION,0.8703466,OK
18751852,VIBRATION,0.384935,OK
18753102,VIBRATION,0.5340533,OK
18754352,VIBRATION,0.5535196,OK
18755602,VIBRATION,0.7084643,OK
18756852,VIBRATION,0.7976348,OK
18758102,VIBRATION,0.6889301,OK
18759352,VIBRATION,0.6547996,OK
18760000,PRESSURE,101.4781,OK
18760000,TEMPERATURE,21.7453,OK
18760602,VIBRATION,0.6706592,OK
18761852,VIBRATION,0.257591,OK
18763102,VIBRATION,-0.05198596,OK
18764352,VIBRATION,-0.2463293,OK
18765602,VIBRATION,-0.1097093,OK
18766852,VIBRATION,-0.655938,OK
18768102,VIBRATION,-0.6433034,OK
18769352,VIBRATION,-0.464597,OK
18770000,PRESSURE,101.4739,OK
18770000,TEMPERATURE,21.74475,OK
18770602,VIBRATION,-0.1792963,OK
18771852,VIBRATION,0.06973812,OK
18773102,VIBRATION,-0.5398195,OK
18774352,VIBRATION,-0.9375078,OK
18775602,VIBRATION,-0.6053267,OK
18776852,VIBRATION,-0.1629392,OK
18778102,VIBRATION,-0.7130493,OK
18779352,VIBRATION,-0.5544005,OK
18780000,PRESSURE,101.4921,OK
18780000,TEMPERATURE,21.71935,OK
18780602,VIBRATION,-0.7362016,OK
18781852,VIBRATION,-0.5031608,OK
18783102,VIBRATION,-0.137382,OK
18784352,VIBRATION,-0.2087419,OK
18785602,VIBRATION,-0.1505035,OK
18786852,VIBRATION,0.01192189,OK
18788102,VIBRATION,-0.3925672,OK
18789352,VIBRATION,-0.4234333,OK
18790000,PRESSURE,101.4671,OK
18790000,TEMPERATURE,21.83833,OK
18790602,VIBRATION,-0.2519802,OK
18791852,VIBRATION,-0.8830439,OK
18793102,VIBRATION,-0.448092,OK
18794352,VIBRATION,-0.1643304,OK
18795602,VIBRATION,0.2513486,OK
18796852,VIBRATION,0.432526,OK
18798102,VIBRATION,0.5562545,OK
18799352,VIBRATION,0.4375636,OK
18800000,PRESSURE,101.497,OK
18800000,TEMPERATURE,21.87283,OK
18800602,VIBRATION,0.5458356,OK
18801852,VIBRATION,0.3767658,OK
18803102,VIBRATION,-0.1268384,OK
18804352,VIBRATION,-0.2402868,OK
18805602,VIBRATION,-0.4532984,OK
18806852,VIBRATION,-0.175058,OK
18808102,VIBRATION,0.2575859,OK
18809352,VIBRATION,0.3688542,OK
18810000,PRESSURE,101.4598,OK
18810000,TEMPERATURE,21.96949,OK
18810602,VIBRATION,-0.094415,OK
18811852,VIBRATION,0.3631717,OK
18813102,VIBRATION,0.4680239,OK
18814352,VIBRATION,0.5028449,OK
18815602,VIBRATION,0.4118546,OK
18816852,VIBRATION,0.04687076,OK
18818102,VIBRATION,0.3364489,OK
18819352,VIBRATION,0.09494937,OK
18820000,PRESSURE,101.4675,OK
18820000,TEMPERATURE,22.05797,OK
18820602,VIBRATION,0.2970392,OK
18821852,VIBRATION,0.1331632,OK
18823102,VIBRATION,0.07912464,OK
18824352,VIBRATION,-0.4703022,OK
18825602,VIBRATION,-0.9557149,OK
18826852,VIBRATION,-0.7595713,OK
18828102,VIBRATION,-0.2602375,OK
18829352,VIBRATION,0.1994793,OK
18830000,PRESSURE,101.4497,OK
18830000,TEMPERATURE,22.05738,OK
18830602,VIBRATION,0.4450949,OK
18831852,VIBRATION,1.174395,OK
18833102,VIBRATION,0.758263,OK
18834352,VIBRATION,0.8196391,OK
18835602,VIBRATION,1.014826,OK
18836852,VIBRATION,0.8083699,OK
18838102,VIBRATION,0.7562967,OK
18839352,VIBRATION,0.6655349,OK
18840000,PRESSURE,101.4196,OK
18840000,TEMPERATURE,22.05161,OK
18840602,VIBRATION,0.7816805,OK
18841852,VIBRATION,0.7621049,OK
18843102,VIBRATION,0.9100036,OK
18844352,VIBRATION,1.067438,OK
18845602,VIBRATION,1.204378,OK
18846852,VIBRATION,1.055873,OK
18848102,VIBRATION,1.1342,OK
18849352,VIBRATION,1.445747,OK
18850000,PRESSURE,101.3664,OK
18850000,TEMPERATURE,22.01267,OK
18850602,VIBRATION,1.159288,OK
18851852,VIBRATION,0.7891514,OK
18853102,VIBRATION,0.7459199,OK
18854352,VIBRATION,1.000913,OK
18855602,VIBRATION,0.7996841,OK
18856852,VIBRATION,0.5731347,OK
18858102,VIBRATION,1.105346,OK
18859352,VIBRATION,1.063844,OK
18860000,PRESSURE,101.325,OK
18860000,TEMPERATURE,21.9256,OK
18860602,VIBRATION,1.026703,OK
18861853,VIBRATION,0.6775699,OK
18863102,VIBRATION,0.3859421,OK
18864352,VIBRATION,0.2597125,OK
18865602,VIBRATION,-0.1475628,OK
18866852,VIBRATION,-0.5279878,OK
18868102,VIBRATION,-0.7536123,OK
18869352,VIBRATION,-1.072398,OK
18870000,PRESSURE,101.2589,OK
18870000,TEMPERATURE,21.88089,OK
18870602,VIBRATION,-1.703398,OK
18871852,VIBRATION,-1.645495,OK
18873102,VIBRATION,-1.663166,OK
18874352,VIBRATION,-1.4036,OK
18875602,VIBRATION,-1.597534,OK
18876852,VIBRATION,-1.708204,OK
18878102,VIBRATION,-1.653216,OK
18879352,VIBRATION,-1.560401,OK
18880000,PRESSURE,101.2575,OK
18880000,TEMPERATURE,21.88563,OK
18880602,VIBRATION,-1.341122,OK
18881852,VIBRATION,-0.7908685,OK
18883102,VIBRATION,-0.4344133,OK
18884352,VIBRATION,-0.2276898,OK
18885602,VIBRATION,-0.2017606,OK
18886852,VIBRATION,-0.2719329,OK
18888102,VIBRATION,-0.7501048,OK
18889352,VIBRATION,-0.4004548,OK
18890000,PRESSURE,101.2787,OK
18890000,TEMPERATURE,21.82995,OK
18890602,VIBRATION,0.03598031,OK
18891852,VIBRATION,-0.3187795,OK
18893129,VIBRATION,-0.5295756,OK
18894352,VIBRATION,-0.04279059,OK
18895602,VIBRATION,-0.1408212,OK
18896852,VIBRATION,0.1744195,OK
18898102,VIBRATION,0.4898344,OK
18899352,VIBRATION,-0.01728259,OK
18900000,PRESSURE,101.3534,OK
18900000,TEMPERATURE,21.8696,OK
18900602,VIBRATION,0.1202805,OK
18901852,VIBRATION,0.747563,OK
18903102,VIBRATION,0.4319842,OK
18904352,VIBRATION,0.8138371,OK
18905602,VIBRATION,0.7214982,OK
18906852,VIBRATION,0.4028907,OK
18908102,VIBRATION,-0.03935843,OK
18909352,VIBRATION,0.2576414,OK
18910013,PRESSURE,101.4379,OK
18910013,TEMPERATURE,21.94608,OK
18910608,VIBRATION,0.244739,OK
18911852,VIBRATION,0.4346427,OK
18913102,VIBRATION,0.353137,OK
18914352,VIBRATION,-0.06246593,OK
18915602,VIBRATION,-0.5107455,OK
18916852,VIBRATION,-0.794944,OK
18918102,VIBRATION,-1.141689,OK
18919352,VIBRATION,-0.9534736,OK
18920000,PRESSURE,101.4324,OK
18920000,TEMPERATURE,21.91604,OK
18920602,VIBRATION,-1.271773,OK
18921852,VIBRATION,-1.372641,OK
18923102,VIBRATION,-1.529919,OK
18924352,VIBRATION,-1.58217,OK
18925602,VIBRATION,-1.699639,OK
18926852,VIBRATION,-1.199847,OK
18928102,VIBRATION,-1.295618,OK
18929352,VIBRATION,-1.554593,OK
18930000,PRESSURE,101.4309,OK
18930000,TEMPERATURE,21.82361,OK
18930602,VIBRATION,-1.520052,OK
18931852,VIBRATION,-1.927756,OK
18933102,VIBRATION,-1.70465,OK
18934352,VIBRATION,-1.885465,OK
18935602,VIBRATION,-1.903024,OK
18936852,VIBRATION,-1.803338,OK
18938102,VIBRATION,-2.017487,OK
18939352,VIBRATION,-2.12022,OK
18940000,PRESSURE,101.3646,OK
18940000,TEMPERATURE,21.78126,OK
18940602,VIBRATION,-2.321574,OK
18941852,VIBRATION,-2.365259,OK
18943102,VIBRATION,-2.007844,OK
18944352,VIBRATION,-1.512212,OK
18945602,VIBRATION,-1.406672,OK
18946852,VIBRATION,-1.052965,OK
18948102,VIBRATION,-0.5992848,OK
18949352,VIBRATION,-0.6988024,OK
18950000,PRESSURE,101.3221,OK
18950000,TEMPERATURE,21.83108,OK
18950602,VIBRATION,-0.4460376,OK
18951852,VIBRATION,-0.7116233,OK
18953102,VIBRATION,-0.9776023,OK
18954352,VIBRATION,-1.004678,OK
18955602,VIBRATION,-0.8366191,OK
18956852,VIBRATION,-1.152653,OK
18958102,VIBRATION,-1.407423,OK
18959352,VIBRATION,-2.041645,OK
18960000,PRESSURE,101.3382,OK
18960000,TEMPERATURE,21.78527,OK
18960602,VIBRATION,-1.973716,OK
18961852,VIBRATION,-1.733883,OK
18963102,VIBRATION,-1.785731,OK
18964352,VIBRATION,-1.82407,OK
18965602,VIBRATION,-1.629934,OK
18966852,VIBRATION,-1.174477,OK
18968102,VIBRATION,-1.13118,OK
18969352,VIBRATION,-0.8671478,OK
18970000,PRESSURE,101.4558,OK
18970000,TEMPERATURE,21.92005,OK
18970602,VIBRATION,-0.9235074,OK
18971852,VIBRATION,-1.052551,OK
18973102,VIBRATION,-1.347354,OK
18974352,VIBRATION,-2.223315,OK
18975602,VIBRATION,-2.303396,OK
18976852,VIBRATION,-2.084724,OK
18978102,VIBRATION,-1.987051,OK
18979352,VIBRATION,-2.312993,OK
18980000,PRESSURE,101.4862,OK
18980000,TEMPERATURE,21.87944,OK
18980602,VIBRATION,-2.203227,OK
18981852,VIBRATION,-1.878977,OK
18983102,VIBRATION,-1.804705,OK
18984352,VIBRATION,-1.764932,OK
18985602,VIBRATION,-1.974585,OK
18986852,VIBRATION,-2.24555,OK
18988102,VIBRATION,-2.092412,OK
18989352,VIBRATION,-1.542631,OK
18990000,PRESSURE,101.4325,OK
18990000,TEMPERATURE,21.89882,OK
18990602,VIBRATION,-1.72237,OK
18991852,VIBRATION,-1.683582,OK
18993103,VIBRATION,-1.616028,OK
18994352,VIBRATION,-1.627919,OK
18995602,VIBRATION,-2.309557,OK
18996852,VIBRATION,-2.602891,OK
18998102,VIBRATION,-2.608384,OK
18999352,VIBRATION,-2.624298,OK
19000000,PRESSURE,101.3764,OK
19000000,TEMPERATURE,21.9432,OK
19000000,HUMIDITY,44.20944,OK
19000602,VIBRATION,-2.345708,OK
19001852,VIBRATION,-1.880201,OK
19003102,VIBRATION,-2.102592,OK
19004352,VIBRATION,-1.887979,OK
19005602,VIBRATION,-1.400004,OK
19006852,VIBRATION,-1.268351,OK
19008102,VIBRATION,-1.499375,OK
19009377,VIBRATION,-1.167961,OK
19010000,PRESSURE,101.1658,OK
19010000,TEMPERATURE,21.87555,OK
19010602,VIBRATION,-0.8651403,OK
19011852,VIBRATION,-0.6203076,OK
19013102,VIBRATION,-0.07698085,OK
19014352,VIBRATION,0.4091203,OK
19015602,VIBRATION,0.6698574,OK
19016852,VIBRATION,0.4966668,OK
19018102,VIBRATION,0.905148,OK
19019352,VIBRATION,1.45407,OK
19020000,PRESSURE,101.101,OK
19020000,TEMPERATURE,21.9209,OK
19020602,VIBRATION,1.267133,OK
19021852,VIBRATION,1.682848,OK
19023102,VIBRATION,1.495616,OK
19024352,VIBRATION,1.227417,OK
19025602,VIBRATION,1.652959,OK
19026852,VIBRATION,1.216912,OK
19028102,VIBRATION,1.273538,OK
19029352,VIBRATION,1.136795,OK
19030000,PRESSURE,101.1011,OK
19030000,TEMPERATURE,21.79717,OK
19030602,VIBRATION,1.134735,OK
19031852,VIBRATION,1.396359,OK
19033102,VIBRATION,1.197311,OK
19034352,VIBRATION,1.154629,OK
19035602,VIBRATION,1.403797,OK
19036852,VIBRATION,0.9518839,OK
19038102,VIBRATION,0.3180823,OK
19039352,VIBRATION,0.5604014,OK
19040000,PRESSURE,101.09,OK
19040000,TEMPERATURE,21.77285,OK
19040602,VIBRATION,0.3389035,OK
19041852,VIBRATION,0.2271699,OK
19043102,VIBRATION,0.5625112,OK
19044352,VIBRATION,0.3475978,OK
19045602,VIBRATION,-0.2168154,OK
19046852,VIBRATION,-0.4280339,OK
19048102,VIBRATION,-0.0437405,OK
19049352,VIBRATION,-0.1486408,OK
19050000,PRESSURE,101.051,OK
19050000,TEMPERATURE,21.74869,OK
19050602,VIBRATION,0.2395025,OK
19051852,VIBRATION,0.2863533,OK
19053102,VIBRATION,0.7068286,OK
19054352,VIBRATION,0.6862226,OK
19055602,VIBRATION,0.5062355,OK
19056852,VIBRATION,0.5521613,OK
19058102,VIBRATION,0.4502437,OK
19059352,VIBRATION,0.07606703,OK
19060000,PRESSURE,101.1278,OK
19060000,TEMPERATURE,21.81479,OK
19060602,VIBRATION,-0.1346679,OK
19061852,VIBRATION,0.1680075,OK
19063102,VIBRATION,0.004596317,OK
19064352,VIBRATION,-0.01936317,OK
19065602,VIBRATION,-0.2574099,OK
19066852,VIBRATION,-0.448888,OK
19068102,VIBRATION,-0.7344007,OK
19069352,VIBRATION,-0.4970403,OK
19070000,PRESSURE,101.0322,OK
19070000,TEMPERATURE,21.83233,OK
19070602,VIBRATION,-0.3310599,OK
19071852,VIBRATION,-0.4233332,OK
19073102,VIBRATION,-0.2079861,OK
19074352,VIBRATION,-0.5731067,OK
19075602,VIBRATION,-0.4153502,OK
19076852,VIBRATION,-0.228012,OK
19078102,VIBRATION,-0.350301,OK
19079352,VIBRATION,-0.6155016,OK
19080000,PRESSURE,101.0424,OK
19080000,TEMPERATURE,21.90966,OK
19080602,VIBRATION,-0.6253046,OK
19081864,VIBRATION,-0.2935388,OK
19083102,VIBRATION,-0.1753495,OK
19084352,VIBRATION,-0.3437443,OK
19085602,VIBRATION,-0.1809778,OK
19086852,VIBRATION,-0.1824458,OK
19088102,VIBRATION,-0.1674886,OK
19089352,VIBRATION,-0.1873071,OK
19090000,PRESSURE,101.0712,OK
19090000,TEMPERATURE,21.62257,OK
19090602,VIBRATION,-0.4950201,OK
19091852,VIBRATION,-0.4524523,OK
19093102,VIBRATION,-0.3581884,OK
19094352,VIBRATION,-0.06868802,OK
19095602,VIBRATION,-0.2644348,OK
19096852,VIBRATION,-0.04306593,OK
19098102,VIBRATION,-0.05482575,OK
19099352,VIBRATION,0.3503825,OK
19100000,PRESSURE,101.0627,OK
19100000,TEMPERATURE,21.55281,OK
19100602,VIBRATION,0.1792509,OK
19101852,VIBRATION,0.156752,OK
19103102,VIBRATION,0.002698392,OK
19104352,VIBRATION,-0.4621166,OK
19105602,VIBRATION,-0.3389837,OK
19106852,VIBRATION,0.006527811,OK
19108102,VIBRATION,-0.2350198,OK
19109352,VIBRATION,-0.1759404,OK
19110000,PRESSURE,101.0693,OK
19110000,TEMPERATURE,21.42713,OK
19110602,VIBRATION,-0.5953314,OK
19111852,VIBRATION,-0.9469291,OK
19113102,VIBRATION,-0.7024711,OK
19114352,VIBRATION,-0.5446821,OK
19115602,VIBRATION,-0.5392783,OK
19116852,VIBRATION,-0.7475166,OK
19118102,VIBRATION,-0.7328405,OK
19119352,VIBRATION,-0.8595229,OK
19120000,PRESSURE,101.0181,OK
19120000,TEMPERATURE,21.55305,OK
19120602,VIBRATION,-0.6206525,OK
19121852,VIBRATION,-1.069487,OK
19123102,VIBRATION,-0.9130109,OK
19124352,VIBRATION,-0.5539079,OK
19125602,VIBRATION,-0.7247472,OK
19126852,VIBRATION,-0.966955,OK
19128102,VIBRATION,-1.135844,OK
19129352,VIBRATION,-1.331679,OK
19130000,PRESSURE,101.0703,OK
19130000,TEMPERATURE,21.72324,OK
19130602,VIBRATION,-1.086742,OK
19131852,VIBRATION,-0.6653986,OK
19133102,VIBRATION,-1.186381,OK
19134352,VIBRATION,-0.9080525,OK
19135602,VIBRATION,-0.7747687,OK
19136852,VIBRATION,-0.7690096,OK
19138102,VIBRATION,-0.5493712,OK
19139352,VIBRATION,-0.5623261,OK
19140000,PRESSURE,101.1239,OK
19140000,TEMPERATURE,21.75063,OK
19140602,VIBRATION,-0.5859136,OK
19141852,VIBRATION,-0.8184914,OK
19143102,VIBRATION,-1.348666,OK
19144352,VIBRATION,-0.8666896,OK
19145602,VIBRATION,-0.4145981,OK
19146857,VIBRATION,-0.8160486,OK
19148102,VIBRATION,-0.4856725,OK
19149352,VIBRATION,-0.4736346,OK
19150000,PRESSURE,101.1984,OK
19150000,TEMPERATURE,21.79676,OK
19150602,VIBRATION,-0.4112856,OK
19151852,VIBRATION,-0.3139408,OK
19153102,VIBRATION,-0.005524421,OK
19154352,VIBRATION,-0.2248624,OK
19155602,VIBRATION,0.04260628,OK
19156852,VIBRATION,0.5965078,OK
19158102,VIBRATION,0.1324041,OK
19159352,VIBRATION,0.6594018,OK
19160000,PRESSURE,101.1355,OK
19160000,TEMPERATURE,21.77943,OK
19160602,VIBRATION,0.6416396,OK
19161852,VIBRATION,0.8909449,OK
19163102,VIBRATION,0.5014873,OK
19164352,VIBRATION,0.2612664,OK
19165602,VIBRATION,0.2646416,OK
19166852,VIBRATION,0.621966,OK
19168102,VIBRATION,0.4926544,OK
19169352,VIBRATION,0.6031974,OK
19170000,PRESSURE,101.0973,OK
19170000,TEMPERATURE,21.71604,OK
19170602,VIBRATION,0.4978539,OK
19171852,VIBRATION,0.08896209,OK
19173102,VIBRATION,0.1966405,OK
19174352,VIBRATION,0.06305893,OK
19175602,VIBRATION,-0.2570395,OK
19176852,VIBRATION,0.05236951,OK
19178102,VIBRATION,0.2248732,OK
19179371,VIBRATION,0.2009345,OK
19180000,PRESSURE,101.1621,OK
19180000,TEMPERATURE,21.78217,OK
19180602,VIBRATION,-0.111132,OK
19181852,VIBRATION,-0.3909334,OK
19183102,VIBRATION,-0.8574834,OK
19184352,VIBRATION,-0.8866033,OK
19185602,VIBRATION,-1.193583,OK
19186852,VIBRATION,-0.9619338,OK
19188102,VIBRATION,-1.247503,OK
19189352,VIBRATION,-1.185266,OK
19190000,PRESSURE,101.0973,OK
19190000,TEMPERATURE,21.86108,OK
19190602,VIBRATION,-1.32607,OK
19191852,VIBRATION,-0.9408815,OK
19193102,VIBRATION,-0.6596157,OK
19194352,VIBRATION,-1.002594,OK
19195602,VIBRATION,-1.381519,OK
19196852,VIBRATION,-1.830967,OK
19198102,VIBRATION,-1.788737,OK
19199352,VIBRATION,-1.423013,OK
19200000,PRESSURE,101.1594,OK
19200000,TEMPERATURE,21.97583,OK
19200602,VIBRATION,-1.62148,OK
19201852,VIBRATION,-1.235228,OK
19203102,VIBRATION,-0.9453793,OK
19204352,VIBRATION,-0.3918479,OK
19205602,VIBRATION,-0.1079752,OK
19206852,VIBRATION,0.855122,OK
19208102,VIBRATION,1.067893,OK
19209352,VIBRATION,1.32139,OK
19210000,PRESSURE,101.164,OK
19210000,TEMPERATURE,22.0207,OK
19210602,VIBRATION,0.8627763,OK
19211852,VIBRATION,0.650874,OK
19213102,VIBRATION,0.3811138,OK
19214352,VIBRATION,1.163536,OK
19215602,VIBRATION,0.6862013,OK
19216852,VIBRATION,0.885038,OK
19218102,VIBRATION,0.8601308,OK
19219352,VIBRATION,0.6722703,OK
19220000,PRESSURE,101.1437,OK
19220000,TEMPERATURE,22.0217,OK
19220602,VIBRATION,0.8916922,OK
19221852,VIBRATION,0.9900552,OK
19223102,VIBRATION,0.8084873,OK
19224352,VIBRATION,0.9344273,OK
19225602,VIBRATION,1.006432,OK
19226852,VIBRATION,1.321532,OK
19228102,VIBRATION,1.729924,OK
19229352,VIBRATION,1.375871,OK
19230000,PRESSURE,101.0461,OK
19230000,TEMPERATURE,22.24899,OK
19230602,VIBRATION,1.122316,OK
19231852,VIBRATION,1.185366,OK
19233102,VIBRATION,1.027384,OK
19234352,VIBRATION,1.170389,OK
19235602,VIBRATION,0.8722433,OK
19236852,VIBRATION,0.3905386,OK
19238102,VIBRATION,0.6777643,OK
19239352,VIBRATION,0.7349358,OK
19240000,PRESSURE,101.0071,OK
19240000,TEMPERATURE,22.41392,OK
19240602,VIBRATION,0.4475167,OK
19241852,VIBRATION,0.6346365,OK
19243102,VIBRATION,0.9376533,OK
19244352,VIBRATION,1.027833,OK
19245602,VIBRATION,0.8462279,OK
19246880,VIBRATION,1.048914,OK
19248102,VIBRATION,1.340108,OK
19249352,VIBRATION,1.729987,OK
19250000,PRESSURE,101.0165,OK
19250000,TEMPERATURE,22.31646,OK
19250602,VIBRATION,1.753676,OK
19251852,VIBRATION,2.025209,OK
19253102,VIBRATION,1.901712,OK
19254352,VIBRATION,2.05589,OK
19255602,VIBRATION,1.92757,OK
19256852,VIBRATION,1.544344,OK
19258102,VIBRATION,1.605072,OK
19259352,VIBRATION,0.8584433,OK
19260000,PRESSURE,100.9675,OK
19260000,TEMPERATURE,22.3454,OK
19260602,VIBRATION,1.328553,OK
19261852,VIBRATION,1.605554,OK
19263102,VIBRATION,1.7251,OK
19264352,VIBRATION,1.354972,OK
19265602,VIBRATION,1.428908,OK
19266852,VIBRATION,1.7118,OK
19268102,VIBRATION,1.630614,OK
19269352,VIBRATION,1.855565,OK
19270000,PRESSURE,100.9541,OK
19270000,TEMPERATURE,22.31644,OK
19270602,VIBRATION,1.676797,OK
19271852,VIBRATION,1.271166,OK
19273102,VIBRATION,1.348654,OK
19274352,VIBRATION,1.696424,OK
19275602,VIBRATION,1.66169,OK
19276852,VIBRATION,1.180556,OK
19278102,VIBRATION,1.135753,OK
19279352,VIBRATION,1.055662,OK
19280000,PRESSURE,100.9686,OK
19280000,TEMPERATURE,22.34398,OK
19280602,VIBRATION,1.254209,OK
19281852,VIBRATION,1.209197,OK
19283102,VIBRATION,1.306452,OK
19284352,VIBRATION,1.323934,OK
19285602,VIBRATION,2.079339,OK
19286852,VIBRATION,2.223409,OK
19288102,VIBRATION,2.604706,OK
19289352,VIBRATION,2.604012,OK
19290000,PRESSURE,101.0184,OK
19290000,TEMPERATURE,22.21084,OK
19290602,VIBRATION,2.196344,OK
19291852,VIBRATION,1.834347,OK
19293102,VIBRATION,1.499054,OK
19294352,VIBRATION,1.543313,OK
19295602,VIBRATION,1.277977,OK
19296852,VIBRATION,1.233905,OK
19298102,VIBRATION,1.073272,OK
19299352,VIBRATION,0.8078465,OK
19300000,PRESSURE,101.0145,OK
19300000,TEMPERATURE,22.08109,OK
19300602,VIBRATION,0.9105855,OK
19301852,VIBRATION,0.9053095,OK
19303102,VIBRATION,0.8866283,OK
19304352,VIBRATION,1.331319,OK
19305602,VIBRATION,1.150159,OK
19306852,VIBRATION,0.9564409,OK
19308102,VIBRATION,1.033057,OK
19309352,VIBRATION,0.9013489,OK
19310000,PRESSURE,100.9683,OK
19310000,TEMPERATURE,22.24169,OK
19310602,VIBRATION,1.041849,OK
19311852,VIBRATION,1.217221,OK
19313102,VIBRATION,0.8182495,OK
19314352,VIBRATION,0.7174736,OK
19315602,VIBRATION,1.35938,OK
19316852,VIBRATION,1.683278,OK
19318102,VIBRATION,2.02892,OK
19319352,VIBRATION,1.722273,OK
19320000,PRESSURE,101.0188,OK
19320000,TEMPERATURE,22.39366,OK
19320602,VIBRATION,1.372366,OK
19321852,VIBRATION,1.106742,OK
19323102,VIBRATION,0.5066799,OK
19324352,VIBRATION,0.5885831,OK
19325602,VIBRATION,0.1727012,OK
19326852,VIBRATION,0.02571777,OK
19328102,VIBRATION,-0.08369708,OK
19329352,VIBRATION,-0.3242273,OK
19330000,PRESSURE,101.0871,OK
19330000,TEMPERATURE,22.23664,OK
19330602,VIBRATION,-0.3608911,OK
19331852,VIBRATION,0.1216335,OK
19333102,VIBRATION,-0.1123825,OK
19334352,VIBRATION,-0.361074,OK
19335602,VIBRATION,-0.6926583,OK
19336852,VIBRATION,-0.491638,OK
19338102,VIBRATION,-0.7575885,OK
19339352,VIBRATION,-0.418703,OK
19340000,PRESSURE,101.1128,OK
19340000,TEMPERATURE,22.26659,OK
19340602,VIBRATION,-0.6894796,OK
19341852,VIBRATION,-0.5496158,OK
19343102,VIBRATION,-0.6179214,OK
19344352,VIBRATION,-0.5907401,OK
19345602,VIBRATION,-0.7409229,OK
19346852,VIBRATION,-0.723566,OK
19348102,VIBRATION,-0.4000431,OK
19349352,VIBRATION,-0.513836,OK
19350000,PRESSURE,101.1792,OK
19350000,TEMPERATURE,22.24968,OK
19350602,VIBRATION,-0.587995,OK
19351852,VIBRATION,-0.6955691,OK
19353102,VIBRATION,-0.6307213,OK
19354352,VIBRATION,0.0155181,OK
19355602,VIBRATION,0.5626224,OK
19356852,VIBRATION,-0.1029524,OK
19358102,VIBRATION,-0.1200456,OK
19359352,VIBRATION,0.3706531,OK
19360000,PRESSURE,101.242,OK
19360000,TEMPERATURE,22.2919,OK
19360602,VIBRATION,0.4090046,OK
19361852,VIBRATION,0.3414121,OK
19363105,VIBRATION,0.4385542,OK
19364352,VIBRATION,0.260448,OK
19365603,VIBRATION,0.2486427,OK
19366852,VIBRATION,0.3341977,OK
19368102,VIBRATION,0.3303325,OK
19369352,VIBRATION,0.4351161,OK
19370000,PRESSURE,101.2744,OK
19370000,TEMPERATURE,22.23246,OK
19370603,VIBRATION,-0.008585582,OK
19372140,VIBRATION,0.07169932,OK
19373674,VIBRATION,-0.0637969,OK
19374491,VIBRATION,0.1486742,OK
19375875,VIBRATION,0.6924887,OK
19377318,VIBRATION,0.6578316,OK
19378102,VIBRATION,0.6518738,OK
19379642,VIBRATION,1.008459,OK
19380385,PRESSURE,101.2344,OK
19380385,TEMPERATURE,22.33284,OK
19380602,VIBRATION,0.8846329,OK
19381947,VIBRATION,0.7386665,OK
19383247,VIBRATION,0.5381184,OK
19384594,VIBRATION,0.7774192,OK
19386492,VIBRATION,0.9162574,OK
19386852,VIBRATION,1.027784,OK
19388102,VIBRATION,1.106204,OK
19389352,VIBRATION,1.011237,OK
19390000,PRESSURE,101.3059,OK
19390000,TEMPERATURE,22.54234,OK
19390602,VIBRATION,0.3871425,OK
19391852,VIBRATION,0.8041328,OK
19393102,VIBRATION,0.8372533,OK
19394352,VIBRATION,0.4924,OK
19395602,VIBRATION,0.9221283,OK
19396852,VIBRATION,0.6647966,OK
19398102,VIBRATION,1.109337,OK
19399352,VIBRATION,1.005939,OK
19400000,PRESSURE,101.1935,OK
19400000,TEMPERATURE,22.55748,OK
19400602,VIBRATION,0.8851189,OK
19401852,VIBRATION,0.3302673,OK
19403102,VIBRATION,0.227624,OK
19404352,VIBRATION,0.3941941,OK
19405628,VIBRATION,0.3735518,OK
19406852,VIBRATION,1.053673,OK
19408102,VIBRATION,0.6366224,OK
19409352,VIBRATION,0.7211687,OK
19410000,PRESSURE,101.151,OK
19410000,TEMPERATURE,22.52104,OK
19410602,VIBRATION,0.4792398,OK
19411852,VIBRATION,0.7135173,OK
19413102,VIBRATION,0.788265,OK
19414352,VIBRATION,0.7214759,OK
19415602,VIBRATION,0.4467235,OK
19416852,VIBRATION,0.8358849,OK
19418102,VIBRATION,0.7573239,OK
19419352,VIBRATION,1.177846,OK
19420000,PRESSURE,101.1552,OK
19420000,TEMPERATURE,22.52997,OK
19420602,VIBRATION,0.8412671,OK
19421852,VIBRATION,0.6164044,OK
19423102,VIBRATION,0.1055533,OK
19424352,VIBRATION,0.3994055,OK
19425602,VIBRATION,0.02247338,OK
19426852,VIBRATION,-0.2301003,OK
19428102,VIBRATION,-0.2853612,OK
19429352,VIBRATION,0.1027732,OK
19430000,PRESSURE,101.1196,OK
19430000,TEMPERATURE,22.43097,OK
19430602,VIBRATION,-0.1690217,OK
19431852,VIBRATION,-0.1402731,OK
19433102,VIBRATION,-0.1969453,OK
19434352,VIBRATION,-0.2208788,OK
19435602,VIBRATION,-0.361944,OK
19436852,VIBRATION,-0.3992242,OK
19438102,VIBRATION,-0.8263867,OK
19439352,VIBRATION,-0.4795704,OK
19440000,PRESSURE,101.175,OK
19440000,TEMPERATURE,22.54161,OK
19440602,VIBRATION,-0.04033099,OK
19441852,VIBRATION,0.3689561,OK
19443102,VIBRATION,0.4353048,OK
19444352,VIBRATION,0.5434463,OK
19445602,VIBRATION,0.5798683,OK
19446852,VIBRATION,0.5076072,OK
19448102,VIBRATION,0.4301883,OK
19449352,VIBRATION,-0.190228,OK
19450000,PRESSURE,101.1714,OK
19450000,TEMPERATURE,22.57983,OK
19450602,VIBRATION,-0.5756157,OK
19451852,VIBRATION,-0.2085971,OK
19453102,VIBRATION,0.3529311,OK
19454352,VIBRATION,-0.1261404,OK
19455602,VIBRATION,-0.2675517,OK
19456852,VIBRATION,0.06658896,OK
19458102,VIBRATION,0.2953793,OK
19459352,VIBRATION,0.2713129,OK
19460000,PRESSURE,101.2189,OK
19460000,TEMPERATURE,22.36019,OK
19460602,VIBRATION,0.3282401,OK
19461894,VIBRATION,0.3494696,OK
19463102,VIBRATION,0.3987881,OK
19464352,VIBRATION,0.8444519,OK
19465602,VIBRATION,0.3255498,OK
19466852,VIBRATION,0.988163,OK
19468102,VIBRATION,0.625322,OK
19469352,VIBRATION,0.1953762,OK
19470000,PRESSURE,101.1825,OK
19470000,TEMPERATURE,22.41766,OK
19470602,VIBRATION,-0.1809266,OK
19471852,VIBRATION,-0.4685079,OK
19473102,VIBRATION,0.06795171,OK
19474352,VIBRATION,-0.08660246,OK
19475602,VIBRATION,-0.623812,OK
19476853,VIBRATION,-1.223886,OK
19478102,VIBRATION,-1.423508,OK
19479352,VIBRATION,-2.303131,OK
19480000,PRESSURE,101.1185,OK
19480000,TEMPERATURE,22.42448,OK
19480602,VIBRATION,-2.564344,OK
19481852,VIBRATION,-2.452695,OK
19483102,VIBRATION,-2.060837,OK
19484352,VIBRATION,-1.847325,OK
19485602,VIBRATION,-1.619392,OK
19486852,VIBRATION,-1.274718,OK
19488102,VIBRATION,-0.7660091,OK
19489352,VIBRATION,-0.07925171,OK
19490000,PRESSURE,101.1718,OK
19490000,TEMPERATURE,22.33298,OK
19490602,VIBRATION,-0.5280999,OK
19491852,VIBRATION,-0.1935814,OK
19493102,VIBRATION,0.1168358,OK
19494352,VIBRATION,0.307279,OK
19495602,VIBRATION,0.4388763,OK
19496852,VIBRATION,0.2828011,OK
19498102,VIBRATION,0.7676614,OK
19499352,VIBRATION,0.07638445,OK
19500000,PRESSURE,101.2075,OK
19500000,TEMPERATURE,22.37861,OK
19500602,VIBRATION,0.2890192,OK
19501852,VIBRATION,-0.03832909,OK
19503102,VIBRATION,-0.0435121,OK
19504352,VIBRATION,-0.08235711,OK
19505602,VIBRATION,0.5806207,OK
19506852,VIBRATION,0.7292652,OK
19508102,VIBRATION,0.4895222,OK
19509352,VIBRATION,0.9478802,OK
19510000,PRESSURE,101.2946,OK
19510000,TEMPERATURE,22.20666,OK
19510602,VIBRATION,1.455017,OK
19511852,VIBRATION,0.7695999,OK
19513102,VIBRATION,0.8849682,OK
19514352,VIBRATION,0.4176997,OK
19515602,VIBRATION,0.3938481,OK
19516852,VIBRATION,0.1176185,OK
19518102,VIBRATION,-0.4848257,OK
19519352,VIBRATION,-0.3261755,OK
19520000,PRESSURE,101.3192,OK
19520000,TEMPERATURE,22.15436,OK
19520602,VIBRATION,0.02953411,OK
19521852,VIBRATION,0.3751535,OK
19523102,VIBRATION,0.1886385,OK
19524352,VIBRATION,-0.06446121,OK
19525602,VIBRATION,-0.4704397,OK
19526852,VIBRATION,-0.4718809,OK
19528102,VIBRATION,-0.1367925,OK
19529352,VIBRATION,0.01580474,OK
19530000,PRESSURE,101.2921,OK
19530000,TEMPERATURE,22.01162,OK
19530602,VIBRATION,-0.6230831,OK
19531852,VIBRATION,-0.7852711,OK
19533102,VIBRATION,-0.08798237,OK
19534352,VIBRATION,-0.1730142,OK
19535602,VIBRATION,-0.03252356,OK
19536852,VIBRATION,-0.4401928,OK
19538102,VIBRATION,0,COMM_ERROR
19539352,VIBRATION,-0.5078904,OK
19540000,PRESSURE,101.3235,OK
19540000,TEMPERATURE,22.03618,OK
19540602,VIBRATION,-0.5789616,OK
19541852,VIBRATION,-0.7396657,OK
19543102,VIBRATION,-0.4102305,OK
19544352,VIBRATION,-0.309899,OK
19545602,VIBRATION,-0.7527318,OK
19546852,VIBRATION,-0.9928634,OK
19548102,VIBRATION,-0.6868609,OK
19549352,VIBRATION,-0.7530478,OK
19550001,PRESSURE,101.3151,OK
19550001,TEMPERATURE,22.16663,OK
19550602,VIBRATION,-0.5309268,OK
19551852,VIBRATION,-0.06948839,OK
19553102,VIBRATION,-0.02153842,OK
19554352,VIBRATION,0.03417172,OK
19555602,VIBRATION,0.1023576,OK
19556852,VIBRATION,0.4823985,OK
19558102,VIBRATION,0.8072451,OK
19559352,VIBRATION,0.7835386,OK
19560000,PRESSURE,101.3985,OK
19560000,TEMPERATURE,22.22102,OK
19560604,VIBRATION,0.3163551,OK
19561852,VIBRATION,0.08189627,OK
19563102,VIBRATION,0.1440758,OK
19564352,VIBRATION,0.2156896,OK
19565602,VIBRATION,-0.2794811,OK
19566852,VIBRATION,0.4128841,OK
19568102,VIBRATION,0.1993345,OK
19569352,VIBRATION,0.2373465,OK
19570000,PRESSURE,101.4555,OK
19570000,TEMPERATURE,22.14951,OK
19570602,VIBRATION,0.3881301,OK
19571852,VIBRATION,0.7690109,OK
19573102,VIBRATION,0.6342419,OK
19574352,VIBRATION,0.1586712,OK
19575602,VIBRATION,-0.08017458,OK
19576852,VIBRATION,-0.1439335,OK
19578102,VIBRATION,0.07343864,OK
19579352,VIBRATION,-0.5092372,OK
19580000,PRESSURE,101.5315,OK
19580000,TEMPERATURE,22.05811,OK
19580602,VIBRATION,-0.1846021,OK
19581852,VIBRATION,0.2749984,OK
19583102,VIBRATION,0.03832186,OK
19584352,VIBRATION,-0.1105269,OK
19585602,VIBRATION,0.2748456,OK
19586852,VIBRATION,0.4426129,OK
19588102,VIBRATION,-0.09440829,OK
19589352,VIBRATION,-0.3675956,OK
19590000,PRESSURE,101.5214,OK
19590000,TEMPERATURE,22.07098,OK
19590602,VIBRATION,-0.5917989,OK
19591852,VIBRATION,-0.5723198,OK
19593102,VIBRATION,-0.1054209,OK
19594352,VIBRATION,-0.0880659,OK
19595602,VIBRATION,-0.05570864,OK
19596852,VIBRATION,-0.05226182,OK
19598102,VIBRATION,0.1317552,OK
19599352,VIBRATION,-0.1767368,OK
19600000,PRESSURE,101.5393,OK
19600000,TEMPERATURE,22.09324,OK
19600602,VIBRATION,-0.1054903,OK
19601852,VIBRATION,-0.03252325,OK
19603102,VIBRATION,-0.1475992,OK
19604352,VIBRATION,-0.4467013,OK
19605602,VIBRATION,-0.02527538,OK
19606852,VIBRATION,0.6290521,OK
19608102,VIBRATION,0.7656749,OK
19609352,VIBRATION,0.6790764,OK
19610000,PRESSURE,101.6036,OK
19610000,TEMPERATURE,22.14737,OK
19610602,VIBRATION,0.6948474,OK
19611852,VIBRATION,0.7943587,OK
19613102,VIBRATION,0.2648406,OK
19614352,VIBRATION,0.1581965,OK
19615602,VIBRATION,0.7023596,OK
19616852,VIBRATION,0.9300248,OK
19618102,VIBRATION,0.4413911,OK
19619352,VIBRATION,0.6196561,OK
19620000,PRESSURE,101.5897,OK
19620000,TEMPERATURE,22.1486,OK
19620602,VIBRATION,0.8195916,OK
19621852,VIBRATION,0.5308247,OK
19623102,VIBRATION,0.1211076,OK
19624352,VIBRATION,-0.1517691,OK
19625602,VIBRATION,-0.3558783,OK
19626852,VIBRATION,-0.1960402,OK
19628102,VIBRATION,0.05395005,OK
19629352,VIBRATION,0.5462903,OK
19630000,PRESSURE,101.5246,OK
19630000,TEMPERATURE,21.97291,OK
19630602,VIBRATION,0.06351983,OK
19631852,VIBRATION,0.9458965,OK
19633102,VIBRATION,1.410988,OK
19634352,VIBRATION,1.315475,OK
19635602,VIBRATION,1.448625,OK
19636852,VIBRATION,1.803434,OK
19638102,VIBRATION,2.062598,OK
19639352,VIBRATION,2.181424,OK
19640000,PRESSURE,101.5014,OK
19640000,TEMPERATURE,21.9112,OK
19640602,VIBRATION,2.204807,OK
19641852,VIBRATION,2.274987,OK
19643110,VIBRATION,2.329564,OK
19644352,VIBRATION,2.681088,OK
19645602,VIBRATION,2.802044,OK
19646852,VIBRATION,2.919899,OK
19648102,VIBRATION,2.931809,OK
19649352,VIBRATION,2.66717,OK
19650000,PRESSURE,101.4993,OK
19650000,TEMPERATURE,21.87395,OK
19650602,VIBRATION,2.417699,OK
19651852,VIBRATION,1.881117,OK
19653102,VIBRATION,1.887096,OK
19654352,VIBRATION,1.815739,OK
19655602,VIBRATION,1.147234,OK
19656852,VIBRATION,0.9119096,OK
19658102,VIBRATION,0.413425,OK
19659352,VIBRATION,1.149481,OK
19660000,PRESSURE,101.4523,OK
19660000,TEMPERATURE,21.68858,OK
19660602,VIBRATION,1.0842,OK
19661852,VIBRATION,0.9874022,OK
19663102,VIBRATION,1.05124,OK
19664352,VIBRATION,0.9085234,OK
19665602,VIBRATION,1.330595,OK
19666852,VIBRATION,1.017086,OK
19668102,VIBRATION,1.387004,OK
19669352,VIBRATION,1.273603,OK
19670000,PRESSURE,101.4569,OK
19670000,TEMPERATURE,21.68725,OK
19670602,VIBRATION,0.9949682,OK
19671852,VIBRATION,0.7683105,OK
19673102,VIBRATION,0.3750259,OK
19674352,VIBRATION,0.8995869,OK
19675602,VIBRATION,0.9423279,OK
19676852,VIBRATION,1.149702,OK
19678102,VIBRATION,0.8924376,OK
19679352,VIBRATION,0.5576701,OK
19680000,PRESSURE,101.3545,OK
19680000,TEMPERATURE,21.6208,OK
19680602,VIBRATION,0.7604598,OK
19681852,VIBRATION,0.4790647,OK
19683102,VIBRATION,0.9708044,OK
19684352,VIBRATION,0.9699146,OK
19685602,VIBRATION,0.8656896,OK
19686852,VIBRATION,0.6982288,OK
19688102,VIBRATION,0.8324167,OK
19689352,VIBRATION,0.7820857,OK
19690000,PRESSURE,101.4181,OK
19690000,TEMPERATURE,21.70726,OK
19690602,VIBRATION,0.2621838,OK
19691852,VIBRATION,-0.28123,OK
19693102,VIBRATION,0.1398887,OK
19694352,VIBRATION,0.2514132,OK
19695602,VIBRATION,0.2134624,OK
19696852,VIBRATION,0.1763517,OK
19698102,VIBRATION,0.3867846,OK
19699352,VIBRATION,0.4850975,OK
19700025,PRESSURE,101.4357,OK
19700025,TEMPERATURE,21.67432,OK
19700602,VIBRATION,0.1368415,OK
19701852,VIBRATION,0.1922563,OK
19703102,VIBRATION,0.6740287,OK
19704352,VIBRATION,0.8674226,OK
19705602,VIBRATION,0.5054599,OK
19706852,VIBRATION,0.5268391,OK
19708102,VIBRATION,0.09319935,OK
19709352,VIBRATION,0.1923712,OK
19710000,PRESSURE,101.3939,OK
19710000,TEMPERATURE,21.73703,OK
19710602,VIBRATION,0.1927494,OK
19711852,VIBRATION,-0.1497616,OK
19713102,VIBRATION,0.4221571,OK
19714352,VIBRATION,0.4477156,OK
19715602,VIBRATION,0.3419823,OK
19716852,VIBRATION,0.2263707,OK
19718102,VIBRATION,0.2609795,OK
19719352,VIBRATION,0.3021575,OK
19720000,PRESSURE,101.4372,OK
19720000,TEMPERATURE,21.85115,OK
19720602,VIBRATION,0.2370406,OK
19721852,VIBRATION,-0.02539043,OK
19723102,VIBRATION,-0.03776256,OK
19724352,VIBRATION,0.06741527,OK
19725602,VIBRATION,0.1338764,OK
19726852,VIBRATION,0.4829081,OK
19728102,VIBRATION,0.7779734,OK
19729352,VIBRATION,0.6499436,OK
19730000,PRESSURE,101.3846,OK
19730000,TEMPERATURE,21.97959,OK
19730602,VIBRATION,0.3639124,OK
19731852,VIBRATION,-0.00183113,OK
19733102,VIBRATION,0.07813766,OK
19734352,VIBRATION,0.1546148,OK
19735602,VIBRATION,-0.2012778,OK
19736852,VIBRATION,-0.5102606,OK
19738102,VIBRATION,-0.2962501,OK
19739352,VIBRATION,-0.9116912,OK
19740000,PRESSURE,101.4213,OK
19740000,TEMPERATURE,21.93297,OK
19740602,VIBRATION,-0.9930492,OK
19741852,VIBRATION,-0.7741425,OK
19743102,VIBRATION,-0.8326592,OK
19744352,VIBRATION,-0.7432227,OK
19745602,VIBRATION,-0.5173653,OK
19746852,VIBRATION,-0.6100419,OK
19748102,VIBRATION,-0.9942065,OK
19749352,VIBRATION,-0.5157641,OK
19750000,PRESSURE,101.3916,OK
19750000,TEMPERATURE,21.97275,OK
19750602,VIBRATION,0.04130694,OK
19751852,VIBRATION,-0.2197105,OK
19753102,VIBRATION,0.2931214,OK
19754352,VIBRATION,0.6668625,OK
19755602,VIBRATION,1.016388,OK
19756882,VIBRATION,0.7399876,OK
19758102,VIBRATION,0.8465316,OK
19759352,VIBRATION,0.4813393,OK
19760001,PRESSURE,101.4034,OK
19760001,TEMPERATURE,21.97606,OK
19760611,VIBRATION,-0.0775779,OK
19761852,VIBRATION,0.06948478,OK
19763103,VIBRATION,-0.9942004,OK
19764352,VIBRATION,-0.5924813,OK
19765603,VIBRATION,-0.5284337,OK
19766852,VIBRATION,-0.1444725,OK
19768102,VIBRATION,-0.1083636,OK
19769352,VIBRATION,0.0775354,OK
19770000,PRESSURE,101.4769,OK
19770000,TEMPERATURE,22.00482,OK
19770602,VIBRATION,0.446549,OK
19771852,VIBRATION,0.3322098,OK
19773117,VIBRATION,0.9616536,OK
19774352,VIBRATION,0.8696329,OK
19775602,VIBRATION,1.18103,OK
19776852,VIBRATION,1.151852,OK
19778102,VIBRATION,0.2506611,OK
19779352,VIBRATION,-0.1525382,OK
19780000,PRESSURE,101.5013,OK
19780000,TEMPERATURE,22.02785,OK
19780602,VIBRATION,-0.1563485,OK
19781852,VIBRATION,-0.1022673,OK
19783102,VIBRATION,-0.3024305,OK
19784352,VIBRATION,-0.2430855,OK
19785602,VIBRATION,-0.2026226,OK
19786852,VIBRATION,0.09118902,OK
19788102,VIBRATION,-0.1168342,OK
19789352,VIBRATION,-0.2505607,OK
19790000,PRESSURE,101.5054,OK
19790000,TEMPERATURE,21.957,OK
19790602,VIBRATION,0.1865224,OK
19791852,VIBRATION,-0.1051288,OK
19793116,VIBRATION,-0.1003371,OK
19794352,VIBRATION,0.5059498,OK
19795602,VIBRATION,0.7401785,OK
19796852,VIBRATION,0.9019432,OK
19798102,VIBRATION,1.11772,OK
19799352,VIBRATION,1.266113,OK
19800000,PRESSURE,101.5072,OK
19800000,TEMPERATURE,21.90601,OK
19800602,VIBRATION,0.943018,OK
19801852,VIBRATION,1.036874,OK
19803102,VIBRATION,1.162444,OK
19804352,VIBRATION,1.22548,OK
19805602,VIBRATION,1.662414,OK
19806852,VIBRATION,1.920909,OK
19808102,VIBRATION,1.428253,OK
19809352,VIBRATION,1.361206,OK
19810000,PRESSURE,101.5055,OK
19810000,TEMPERATURE,21.79404,OK
19810602,VIBRATION,1.56482,OK
19811852,VIBRATION,1.758026,OK
19813102,VIBRATION,1.00249,OK
19814352,VIBRATION,-0.04353032,OK
19815602,VIBRATION,0.399147,OK
19816863,VIBRATION,0.8757446,OK
19818102,VIBRATION,1.185254,OK
19819352,VIBRATION,1.186209,OK
19820000,PRESSURE,101.561,OK
19820000,TEMPERATURE,21.72163,OK
19820602,VIBRATION,1.295166,OK
19821852,VIBRATION,0.9061584,OK
19823102,VIBRATION,1.074197,OK
19824352,VIBRATION,1.330514,OK
19825602,VIBRATION,1.715313,OK
19826852,VIBRATION,1.484627,OK
19828102,VIBRATION,0.6998273,OK
19829352,VIBRATION,0.6579708,OK
19830000,PRESSURE,101.4557,OK
19830000,TEMPERATURE,21.66453,OK
19830602,VIBRATION,0.9940374,OK
19831852,VIBRATION,1.163062,OK
19833102,VIBRATION,1.563592,OK
19834352,VIBRATION,1.329471,OK
19835602,VIBRATION,1.744553,OK
19836852,VIBRATION,0.9816852,OK
19838102,VIBRATION,1.197099,OK
19839352,VIBRATION,1.522968,OK
19840000,PRESSURE,101.453,OK
19840000,TEMPERATURE,21.70652,OK
19840602,VIBRATION,1.141198,OK
19841852,VIBRATION,1.010868,OK
19843102,VIBRATION,0.6774684,OK
19844352,VIBRATION,0.8260652,OK
19845602,VIBRATION,0.9093065,OK
19846852,VIBRATION,0.5931747,OK
19848102,VIBRATION,0.7008132,OK
19849352,VIBRATION,0.7398096,OK
19850000,PRESSURE,101.4379,OK
19850000,TEMPERATURE,21.68176,OK
19850602,VIBRATION,0.5026972,OK
19851852,VIBRATION,0.6899867,OK
19853102,VIBRATION,1.096768,OK
19854352,VIBRATION,1.328426,OK
19855602,VIBRATION,0.9630288,OK
19856852,VIBRATION,0.6959179,OK
19858102,VIBRATION,0.9785137,OK
19859352,VIBRATION,0.6515755,OK
19860000,PRESSURE,101.4496,OK
19860000,TEMPERATURE,21.66152,OK
19860602,VIBRATION,0.714241,OK
19861852,VIBRATION,0.4539645,OK
19863102,VIBRATION,0.1414124,OK
19864352,VIBRATION,0.5200005,OK
19865602,VIBRATION,0.2193523,OK
19866852,VIBRATION,0.633282,OK
19868102,VIBRATION,0.2994302,OK
19869352,VIBRATION,0.4072081,OK
19870000,PRESSURE,101.4638,OK
19870000,TEMPERATURE,21.69174,OK
19870602,VIBRATION,0.2395397,OK
19871852,VIBRATION,-0.1203622,OK
19873102,VIBRATION,0.2020384,OK
19874352,VIBRATION,0.2032312,OK
19875602,VIBRATION,0.01314409,OK
19876852,VIBRATION,0.1965991,OK
19878102,VIBRATION,-0.0251167,OK
19879352,VIBRATION,-0.0602668,OK
19880000,PRESSURE,101.5189,OK
19880000,TEMPERATURE,21.91531,OK
19880602,VIBRATION,-0.2184608,OK
19881852,VIBRATION,-0.03513273,OK
19883102,VIBRATION,-0.6315204,OK
19884352,VIBRATION,-1.139255,OK
19885602,VIBRATION,-1.084856,OK
19886852,VIBRATION,-1.179081,OK
19888102,VIBRATION,-1.40164,OK
19889352,VIBRATION,-1.135286,OK
19890000,PRESSURE,101.6086,OK
19890000,TEMPERATURE,21.79393,OK
19890602,VIBRATION,-1.686856,OK
19891852,VIBRATION,-1.583466,OK
19893102,VIBRATION,-1.953246,OK
19894352,VIBRATION,-1.871809,OK
19895602,VIBRATION,-1.650209,OK
19896852,VIBRATION,-1.514061,OK
19898102,VIBRATION,-1.361852,OK
19899352,VIBRATION,-1.294103,OK
19900000,PRESSURE,101.5813,OK
19900000,TEMPERATURE,22.02723,OK
19900602,VIBRATION,-0.8877763,OK
19901852,VIBRATION,-0.8344436,OK
19903102,VIBRATION,-1.166807,OK
19904356,VIBRATION,-1.455264,OK
19905608,VIBRATION,-1.360787,OK
19906852,VIBRATION,-0.9067849,OK
19908102,VIBRATION,-1.341003,OK
19909352,VIBRATION,-1.040061,OK
19910000,PRESSURE,101.605,OK
19910000,TEMPERATURE,21.84253,OK
19910602,VIBRATION,-0.9945648,OK
19911852,VIBRATION,-1.126971,OK
19913102,VIBRATION,-1.286929,OK
19914352,VIBRATION,-1.170745,OK
19915602,VIBRATION,-1.28293,OK
19916852,VIBRATION,-1.072004,OK
19918102,VIBRATION,-1.204539,OK
19919352,VIBRATION,-1.146239,OK
19920000,PRESSURE,101.5912,OK
19920000,TEMPERATURE,21.78917,OK
19920602,VIBRATION,-1.071838,OK
19921852,VIBRATION,-0.8868173,OK
19923102,VIBRATION,-1.291109,OK
19924352,VIBRATION,-1.552837,OK
19925602,VIBRATION,-1.338317,OK
19926857,VIBRATION,-1.25063,OK
19928102,VIBRATION,-1.077007,OK
19929352,VIBRATION,-0.8700348,OK
19930000,PRESSURE,101.6099,OK
19930000,TEMPERATURE,21.8228,OK
19930602,VIBRATION,-0.8511517,OK
19931852,VIBRATION,-0.9489914,OK
19933102,VIBRATION,-1.512577,OK
19934352,VIBRATION,-1.245906,OK
19935602,VIBRATION,-1.689034,OK
19936852,VIBRATION,-1.572977,OK
19938102,VIBRATION,-1.189016,OK
19939352,VIBRATION,-1.030128,OK
19940000,PRESSURE,101.6148,OK
19940000,TEMPERATURE,21.76272,OK
19940602,VIBRATION,-0.1212158,OK
19941852,VIBRATION,0.1800186,OK
19943102,VIBRATION,-0.1950061,OK
19944352,VIBRATION,-0.005698633,OK
19945602,VIBRATION,0.146353,OK
19946852,VIBRATION,0.4240362,OK
19948102,VIBRATION,0.4048479,OK
19949352,VIBRATION,0.6397281,OK
19950000,PRESSURE,101.6001,OK
19950000,TEMPERATURE,21.79679,OK
19950602,VIBRATION,0.6485837,OK
19951852,VIBRATION,0.4002066,OK
19953102,VIBRATION,0.6090168,OK
19954352,VIBRATION,1.02021,OK
19955602,VIBRATION,0.9646847,OK
19956852,VIBRATION,1.173086,OK
19958102,VIBRATION,1.010102,OK
19959352,VIBRATION,1.772227,OK
19960013,PRESSURE,101.5951,OK
19960013,TEMPERATURE,21.81605,OK
19960602,VIBRATION,1.565322,OK
19961852,VIBRATION,1.202035,OK
19963102,VIBRATION,1.330561,OK
19964352,VIBRATION,1.342971,OK
19965602,VIBRATION,1.257139,OK
19966852,VIBRATION,1.032094,OK
19968102,VIBRATION,1.233786,OK
19969352,VIBRATION,1.278677,OK
19970000,PRESSURE,101.6579,OK
19970000,TEMPERATURE,21.94228,OK
19970602,VIBRATION,1.502686,OK
19971852,VIBRATION,1.631937,OK
19973102,VIBRATION,1.276303,OK
19974352,VIBRATION,1.392037,OK
19975602,VIBRATION,1.561061,OK
19976852,VIBRATION,1.435606,OK
19978102,VIBRATION,0.8757976,OK
19979352,VIBRATION,0.6358924,OK
19980000,PRESSURE,101.6489,OK
19980000,TEMPERATURE,21.9039,OK
19980602,VIBRATION,0.5450907,OK
19981852,VIBRATION,0.3521575,OK
19983102,VIBRATION,0.2862658,OK
19984352,VIBRATION,0.4252062,OK
19985602,VIBRATION,0.05015547,OK
19986852,VIBRATION,-0.0422208,OK
19988102,VIBRATION,-0.5617595,OK
19989352,VIBRATION,-0.9610142,OK
19990000,PRESSURE,101.6775,OK
19990000,TEMPERATURE,21.90537,OK
19990602,VIBRATION,-0.3274124,OK
19991852,VIBRATION,-0.8288493,OK
19993102,VIBRATION,-0.6255989,OK
19994352,VIBRATION,-0.4463514,OK
19995602,VIBRATION,-0.1721946,OK
19996852,VIBRATION,-0.5046421,OK
19998102,VIBRATION,-0.6732399,OK
19999352,VIBRATION,-0.7121278,OK
20000000,PRESSURE,101.6384,OK
20000000,TEMPERATURE,21.94017,OK
20000000,HUMIDITY,44.38667,OK
20000602,VIBRATION,0.1482306,OK
20001852,VIBRATION,-0.1060572,OK
20003102,VIBRATION,-0.07989655,OK
20004352,VIBRATION,-0.04439355,OK
20005602,VIBRATION,-0.1109375,OK
20006852,VIBRATION,0.05763669,OK
20008102,VIBRATION,-0.1632409,OK
20009352,VIBRATION,0.03914023,OK
20010000,PRESSURE,101.6375,OK
20010000,TEMPERATURE,21.99059,OK
20010602,VIBRATION,0.08716192,OK
20011852,VIBRATION,-0.2437881,OK
20013102,VIBRATION,0.3518516,OK
20014352,VIBRATION,0.4550978,OK
20015602,VIBRATION,0.3847129,OK
20016852,VIBRATION,0.1448708,OK
20018102,VIBRATION,0.19668,OK
20019352,VIBRATION,0.2994326,OK
20020000,PRESSURE,101.6106,OK
20020000,TEMPERATURE,22.10314,OK
20020602,VIBRATION,0.2280192,OK
20021853,VIBRATION,-0.2906071,OK
20023102,VIBRATION,0.1125122,OK
20024352,VIBRATION,-0.04517114,OK
20025602,VIBRATION,-0.1282306,OK
20026852,VIBRATION,-0.1162199,OK
20028102,VIBRATION,-0.4288344,OK
20029352,VIBRATION,-0.4463799,OK
20030000,PRESSURE,101.58,OK
20030000,TEMPERATURE,22.0827,OK
20030602,VIBRATION,-0.2780939,OK
20031852,VIBRATION,-0.2936681,OK
20033107,VIBRATION,-0.5813166,OK
20034352,VIBRATION,-0.3583441,OK
20035602,VIBRATION,-0.502616,OK
20036852,VIBRATION,-0.8274749,OK
20038102,VIBRATION,-0.6703698,OK
20039352,VIBRATION,-0.5223272,OK
20040000,PRESSURE,101.598,OK
20040000,TEMPERATURE,22.17108,OK
20040602,VIBRATION,-0.6955756,OK
20041852,VIBRATION,-0.9973479,OK
20043102,VIBRATION,-1.363413,OK
20044352,VIBRATION,-1.033625,OK
20045602,VIBRATION,-0.5835073,OK
20046852,VIBRATION,-0.6468011,OK
20048102,VIBRATION,-1.234403,OK
20049352,VIBRATION,-1.332512,OK
20050000,PRESSURE,101.6209,OK
20050000,TEMPERATURE,22.06331,OK
20050602,VIBRATION,-1.094726,OK
20051852,VIBRATION,-0.5684253,OK
20053102,VIBRATION,0.01218114,OK
20054352,VIBRATION,0.3522465,OK
20055602,VIBRATION,0.3888211,OK
20056852,VIBRATION,0.2730577,OK
20058102,VIBRATION,-0.2346287,OK
20059352,VIBRATION,-0.6397009,OK
20060000,PRESSURE,101.5817,OK
20060000,TEMPERATURE,22.10033,OK
20060602,VIBRATION,-0.2589338,OK
20061852,VIBRATION,-0.3013052,OK
20063102,VIBRATION,-0.5333439,OK
20064352,VIBRATION,-0.7028348,OK
20065602,VIBRATION,-0.4538162,OK
20066852,VIBRATION,-0.05591021,OK
20068102,VIBRATION,0.09636269,OK
20069352,VIBRATION,0.4371319,OK
20070001,PRESSURE,101.5481,OK
20070001,TEMPERATURE,22.07406,OK
20070602,VIBRATION,0.6447609,OK
20071852,VIBRATION,0.7174415,OK
20073102,VIBRATION,1.26841,OK
20074352,VIBRATION,0.7823604,OK
20075602,VIBRATION,0.2880532,OK
20076852,VIBRATION,-0.2006127,OK
20078102,VIBRATION,-0.04454896,OK
20079352,VIBRATION,0.06738321,OK
20080000,PRESSURE,101.5306,OK
20080000,TEMPERATURE,22.03066,OK
20080602,VIBRATION,0.3670266,OK
20081852,VIBRATION,0.3159889,OK
20083102,VIBRATION,0.4329615,OK
20084352,VIBRATION,0.7290621,OK
20085602,VIBRATION,0.5079421,OK
20086852,VIBRATION,0.549762,OK
20088102,VIBRATION,0.7431906,OK
20089352,VIBRATION,0.6886624,OK
20090000,PRESSURE,101.4812,OK
20090000,TEMPERATURE,21.9787,OK
20090602,VIBRATION,-0.08118101,OK
20091852,VIBRATION,-0.2007739,OK
20093102,VIBRATION,-0.7327928,OK
20094354,VIBRATION,-0.6772,OK
20095602,VIBRATION,-0.030011,OK
20096852,VIBRATION,-0.05076603,OK
20098102,VIBRATION,-0.5895079,OK
20099352,VIBRATION,-0.3258549,OK
20100000,PRESSURE,101.5086,OK
20100000,TEMPERATURE,21.95495,OK
20100602,VIBRATION,-0.4681331,OK
20101852,VIBRATION,-0.2301753,OK
20103102,VIBRATION,0.1375713,OK
20104352,VIBRATION,0.4608557,OK
20105602,VIBRATION,0.2630872,OK
20106852,VIBRATION,-0.006641052,OK
20108102,VIBRATION,0.1978357,OK
20109352,VIBRATION,0.8242824,OK
20110000,PRESSURE,101.4995,OK
20110000,TEMPERATURE,21.87689,OK
20110602,VIBRATION,1.270336,OK
20111852,VIBRATION,0.9960082,OK
20113102,VIBRATION,0.740833,OK
20114352,VIBRATION,0.5020312,OK
20115602,VIBRATION,0.3811605,OK
20116852,VIBRATION,0.0420525,OK
20118102,VIBRATION,0.7463247,OK
20119352,VIBRATION,0.7575683,OK
20120000,PRESSURE,101.3868,OK
20120000,TEMPERATURE,21.82985,OK
20120602,VIBRATION,0.4783053,OK
20121852,VIBRATION,0.7421021,OK
20123102,VIBRATION,0.3047542,OK
20124352,VIBRATION,-0.07338711,OK
20125602,VIBRATION,-0.07707274,OK
20126852,VIBRATION,-0.1072492,OK
20128102,VIBRATION,0.0546085,OK
20129352,VIBRATION,-0.1456568,OK
20130000,PRESSURE,101.3968,OK
20130000,TEMPERATURE,21.8919,OK
20130602,VIBRATION,0.3276256,OK
20131852,VIBRATION,0.3253214,OK
20133102,VIBRATION,0.0402927,OK
20134352,VIBRATION,-0.1109033,OK
20135602,VIBRATION,0.1662866,OK
20136852,VIBRATION,-0.05626813,OK
20138102,VIBRATION,-0.04490097,OK
20139352,VIBRATION,0.03358263,OK
20140000,PRESSURE,101.4696,OK
20140000,TEMPERATURE,21.91056,OK
20140602,VIBRATION,0.03402295,OK
20141852,VIBRATION,-0.0961264,OK
20143102,VIBRATION,-0.314594,OK
20144352,VIBRATION,0.001320374,OK
20145602,VIBRATION,-0.08490507,OK
20146852,VIBRATION,-0.09713463,OK
20148102,VIBRATION,-0.9405846,OK
20149352,VIBRATION,-0.4989164,OK
20150000,PRESSURE,101.4427,OK
20150000,TEMPERATURE,21.93056,OK
20150602,VIBRATION,-0.8490539,OK
20151852,VIBRATION,-0.8130002,OK
20153102,VIBRATION,-0.8024616,OK
20154352,VIBRATION,-0.966392,OK
20155602,VIBRATION,-0.3852304,OK
20156852,VIBRATION,-0.4978827,OK
20158102,VIBRATION,-0.8062408,OK
20159352,VIBRATION,-0.5610052,OK
20160000,PRESSURE,101.4117,OK
20160000,TEMPERATURE,21.95336,OK
20160602,VIBRATION,-0.5941004,OK
20161852,VIBRATION,-0.2205927,OK
20163102,VIBRATION,0.4757911,OK
20164352,VIBRATION,0.1958583,OK
20165602,VIBRATION,0.2094542,OK
20166852,VIBRATION,0.971008,OK
20168102,VIBRATION,0.6389134,OK
20169352,VIBRATION,0.4936478,OK
20170000,PRESSURE,101.4682,OK
20170000,TEMPERATURE,21.85563,OK
20170602,VIBRATION,0.6842006,OK
20171852,VIBRATION,1.064043,OK
20173102,VIBRATION,1.32346,OK
20174352,VIBRATION,1.009478,OK
20175602,VIBRATION,0.5089618,OK
20176852,VIBRATION,0.8077573,OK
20178102,VIBRATION,0.927594,OK
20179352,VIBRATION,0.7173687,OK
20180000,PRESSURE,101.4637,OK
20180000,TEMPERATURE,21.78505,OK
20180602,VIBRATION,0.1333648,OK
20181852,VIBRATION,0.2113664,OK
20183102,VIBRATION,0.2217249,OK
20184352,VIBRATION,0.419334,OK
20185602,VIBRATION,0.4667308,OK
20186852,VIBRATION,0.4270417,OK
20188102,VIBRATION,0.6053894,OK
20189352,VIBRATION,0.6702245,OK
20190000,PRESSURE,101.4349,OK
20190000,TEMPERATURE,21.76401,OK
20190602,VIBRATION,0.7620103,OK
20191852,VIBRATION,1.062245,OK
20193102,VIBRATION,1.2447,OK
20194352,VIBRATION,1.113332,OK
20195602,VIBRATION,0.8509672,OK
20196852,VIBRATION,0.7854041,OK
20198102,VIBRATION,0.9272441,OK
20199352,VIBRATION,0.8805477,OK
20200000,PRESSURE,101.3963,OK
20200000,TEMPERATURE,21.71052,OK
20200602,VIBRATION,0.6796488,OK
20201852,VIBRATION,0.630519,OK
20203102,VIBRATION,0.5393885,OK
20204352,VIBRATION,0.7602785,OK
20205602,VIBRATION,0.6434034,OK
20206852,VIBRATION,1.150516,OK
20208102,VIBRATION,1.163802,OK
20209352,VIBRATION,1.153711,OK
20210004,PRESSURE,101.3572,OK
20210004,TEMPERATURE,21.68816,OK
20210602,VIBRATION,1.583816,OK
20211852,VIBRATION,1.555889,OK
20213102,VIBRATION,1.014612,OK
20214352,VIBRATION,1.410148,OK
20215602,VIBRATION,1.640376,OK
20216852,VIBRATION,1.656624,OK
20218102,VIBRATION,1.931643,OK
20219352,VIBRATION,1.851837,OK
20220000,PRESSURE,101.3849,OK
20220000,TEMPERATURE,21.64662,OK
20220602,VIBRATION,1.923682,OK
20221852,VIBRATION,1.760165,OK
20223102,VIBRATION,1.94517,OK
20224372,VIBRATION,1.674671,OK
20225602,VIBRATION,1.895101,OK
20226909,VIBRATION,1.697232,OK
20228102,VIBRATION,1.531814,OK
20229352,VIBRATION,1.371078,OK
20230000,PRESSURE,101.3735,OK
20230000,TEMPERATURE,21.59552,OK
20230602,VIBRATION,1.427775,OK
20231852,VIBRATION,1.812431,OK
20233102,VIBRATION,1.885771,OK
20234352,VIBRATION,1.939537,OK
20235602,VIBRATION,2.262272,OK
20236852,VIBRATION,1.769268,OK
20238102,VIBRATION,1.558495,OK
20239352,VIBRATION,1.491671,OK
20240000,PRESSURE,101.3594,OK
20240000,TEMPERATURE,21.71281,OK
20240602,VIBRATION,1.682094,OK
20241852,VIBRATION,1.872803,OK
20243102,VIBRATION,2.350474,OK
20244352,VIBRATION,1.701352,OK
20245602,VIBRATION,1.689828,OK
20246852,VIBRATION,1.336002,OK
20248102,VIBRATION,1.246322,OK
20249352,VIBRATION,1.586268,OK
20250000,PRESSURE,101.3337,OK
20250000,TEMPERATURE,21.80535,OK
20250602,VIBRATION,1.859461,OK
20251852,VIBRATION,1.435602,OK
20253102,VIBRATION,1.479563,OK
20254352,VIBRATION,0.8477866,OK
20255602,VIBRATION,1.302386,OK
20256852,VIBRATION,0.6358646,OK
20258102,VIBRATION,1.141943,OK
20259352,VIBRATION,0.9877805,OK
20260000,PRESSURE,101.3705,OK
20260000,TEMPERATURE,21.84031,OK
20260602,VIBRATION,1.431965,OK
20261852,VIBRATION,1.351678,OK
20263102,VIBRATION,1.264689,OK
20264352,VIBRATION,1.161764,OK
20265602,VIBRATION,1.246037,OK
20266852,VIBRATION,1.298071,OK
20268102,VIBRATION,1.007501,OK
20269352,VIBRATION,0.7805733,OK
20270000,PRESSURE,101.4476,OK
20270000,TEMPERATURE,21.83055,OK
20270602,VIBRATION,0.8858444,OK
20271852,VIBRATION,0.6673098,OK
20273102,VIBRATION,0.8439079,OK
20274352,VIBRATION,1.111506,OK
20275602,VIBRATION,0.3991153,OK
20276852,VIBRATION,0.2554715,OK
20278102,VIBRATION,0.4782954,OK
20279352,VIBRATION,0.6744385,OK
20280000,PRESSURE,101.4777,OK
20280000,TEMPERATURE,21.87741,OK
20280602,VIBRATION,0.6342517,OK
20281852,VIBRATION,0.3121683,OK
20283102,VIBRATION,0.5261196,OK
20284352,VIBRATION,0.4233682,OK
20285602,VIBRATION,0.1619518,OK
20286852,VIBRATION,0.02036081,OK
20288102,VIBRATION,0.09645863,OK
20289352,VIBRATION,-0.01819648,OK
20290000,PRESSURE,101.4966,OK
20290000,TEMPERATURE,22.0009,OK
20290602,VIBRATION,0.07625601,OK
20291852,VIBRATION,0.1840494,OK
20293102,VIBRATION,0.2063264,OK
20294352,VIBRATION,0.6767151,OK
20295602,VIBRATION,0.7170494,OK
20296852,VIBRATION,0.595708,OK
20298102,VIBRATION,0.1288566,OK
20299352,VIBRATION,-0.07533952,OK
20300000,PRESSURE,101.5329,OK
20300000,TEMPERATURE,21.98303,OK
20300602,VIBRATION,0.2530124,OK
20301852,VIBRATION,0.4198546,OK
20303102,VIBRATION,0.3388095,OK
20304352,VIBRATION,0.01281653,OK
20305602,VIBRATION,0.1308068,OK
20306852,VIBRATION,0.731494,OK
20308102,VIBRATION,0.4952721,OK
20309352,VIBRATION,-0.02118829,OK
20310000,PRESSURE,101.5155,OK
20310000,TEMPERATURE,21.93356,OK
20310602,VIBRATION,-0.3352744,OK
20311852,VIBRATION,-0.3956509,OK
20313102,VIBRATION,-0.2103956,OK
20314352,VIBRATION,-0.6285519,OK
20315602,VIBRATION,-0.2772696,OK
20316852,VIBRATION,-0.6049204,OK
20318102,VIBRATION,-0.5994835,OK
20319352,VIBRATION,-0.7048638,OK
20320000,PRESSURE,101.5163,OK
20320000,TEMPERATURE,22.03249,OK
20320602,VIBRATION,-0.4143363,OK
20321852,VIBRATION,-0.411791,OK
20323102,VIBRATION,-0.2831185,OK
20324352,VIBRATION,0.1162615,OK
20325602,VIBRATION,0.3215674,OK
20326852,VIBRATION,0.1392125,OK
20328102,VIBRATION,0.4224082,OK
20329352,VIBRATION,0.5956398,OK
20330000,PRESSURE,101.4789,OK
20330000,TEMPERATURE,22.02466,OK
20330602,VIBRATION,0.6849809,OK
20331852,VIBRATION,0.51041,OK
20333102,VIBRATION,0.8878442,OK
20334352,VIBRATION,0.6750855,OK
20335602,VIBRATION,0.7322757,OK
20336852,VIBRATION,0.7832723,OK
20338102,VIBRATION,1.178214,OK
20339352,VIBRATION,0.9520886,OK
20340000,PRESSURE,101.4845,OK
20340000,TEMPERATURE,21.97806,OK
20340602,VIBRATION,0.9041194,OK
20341852,VIBRATION,0.7131292,OK
20343102,VIBRATION,0.5793041,OK
20344352,VIBRATION,0.6469453,OK
20345602,VIBRATION,0.7357276,OK
20346852,VIBRATION,0.6006386,OK
20348102,VIBRATION,0.5606956,OK
20349352,VIBRATION,0.8186877,OK
20350000,PRESSURE,101.4627,OK
20350000,TEMPERATURE,22.05277,OK
20350602,VIBRATION,1.032367,OK
20351852,VIBRATION,1.017898,OK
20353102,VIBRATION,0.7359831,OK
20354352,VIBRATION,0.5464259,OK
20355602,VIBRATION,0.3887341,OK
20356852,VIBRATION,0.8586722,OK
20358102,VIBRATION,0.5070436,OK
20359352,VIBRATION,0.5356243,OK
20360000,PRESSURE,101.3967,OK
20360000,TEMPERATURE,22.10116,OK
20360602,VIBRATION,0.3754314,OK
20361852,VIBRATION,0.4738136,OK
20363102,VIBRATION,0.5723084,OK
20364352,VIBRATION,0.510296,OK
20365611,VIBRATION,0.2385872,OK
20366852,VIBRATION,0.07983493,OK
20368102,VIBRATION,0.06015296,OK
20369352,VIBRATION,-0.6990477,OK
20370000,PRESSURE,101.2958,OK
20370000,TEMPERATURE,22.0856,OK
20370602,VIBRATION,-1.260976,OK
20371852,VIBRATION,-1.021706,OK
20373102,VIBRATION,-0.7573522,OK
20374352,VIBRATION,-0.5838345,OK
20375602,VIBRATION,-0.4549655,OK
20376852,VIBRATION,-0.5582048,OK
20378102,VIBRATION,-0.6113759,OK
20379352,VIBRATION,-0.6257631,OK
20380000,PRESSURE,101.2531,OK
20380000,TEMPERATURE,22.05623,OK
20380602,VIBRATION,-0.7147623,OK
20381852,VIBRATION,-0.9033354,OK
20383102,VIBRATION,-0.7266575,OK
20384352,VIBRATION,-0.9709254,OK
20385602,VIBRATION,-1.340705,OK
20386852,VIBRATION,-0.7544066,OK
20388102,VIBRATION,-1.150907,OK
20389352,VIBRATION,-1.367486,OK
20390000,PRESSURE,101.164,OK
20390000,TEMPERATURE,22.10299,OK
20390602,VIBRATION,-1.580813,OK
20391852,VIBRATION,-1.801374,OK
20393563,VIBRATION,-2.199107,OK
20394352,VIBRATION,-1.973039,OK
20395602,VIBRATION,-1.950737,OK
20396852,VIBRATION,-1.79254,OK
20398102,VIBRATION,-1.203485,OK
20399433,VIBRATION,-1.240067,OK
20400000,PRESSURE,101.2024,OK
20400000,TEMPERATURE,22.10808,OK
20400938,VIBRATION,-1.243926,OK
20401852,VIBRATION,-1.286798,OK
20403102,VIBRATION,-1.306165,OK
20404618,VIBRATION,-0.9993921,OK
20405913,VIBRATION,-0.310707,OK
20407186,VIBRATION,-0.4489096,OK
20408990,VIBRATION,0.0370009,OK
20409352,VIBRATION,-0.1120353,OK
20410000,PRESSURE,101.2462,OK
20410000,TEMPERATURE,22.06631,OK
20410602,VIBRATION,-0.1820015,OK
20411852,VIBRATION,0.03950738,OK
20413102,VIBRATION,0.3868723,OK
20414352,VIBRATION,0.2774279,OK
20415602,VIBRATION,0.7112488,OK
20416852,VIBRATION,0.8511129,OK
20418102,VIBRATION,0.682643,OK
20419352,VIBRATION,0.4378266,OK
20420000,PRESSURE,101.2069,OK
20420000,TEMPERATURE,22.05721,OK
20420602,VIBRATION,0.5211486,OK
20421852,VIBRATION,-0.02145078,OK
20423102,VIBRATION,0.1232782,OK
20424352,VIBRATION,0.1547314,OK
20425602,VIBRATION,-0.1046361,OK
20426852,VIBRATION,0.113944,OK
20428102,VIBRATION,-0.08194887,OK
20429352,VIBRATION,-0.4684884,OK
20430000,PRESSURE,101.2013,OK
20430000,TEMPERATURE,21.9437,OK
20430602,VIBRATION,-0.8288522,OK
20431852,VIBRATION,-1.535086,OK
20433102,VIBRATION,-1.752519,OK
20434352,VIBRATION,-1.441183,OK
20435602,VIBRATION,-0.7102338,OK
20436852,VIBRATION,-0.1146407,OK
20438102,VIBRATION,-0.1356156,OK
20439352,VIBRATION,0.4076352,OK
20440000,PRESSURE,101.2523,OK
20440000,TEMPERATURE,21.92858,OK
20440602,VIBRATION,0.2745092,OK
20441852,VIBRATION,0.3689168,OK
20443102,VIBRATION,0.1392348,OK
20444352,VIBRATION,0.2229702,OK
20445602,VIBRATION,-0.141203,OK
20446852,VIBRATION,-0.5456953,OK
20448102,VIBRATION,-0.9859336,OK
20449352,VIBRATION,-0.5011969,OK
20450000,PRESSURE,101.2592,OK
20450000,TEMPERATURE,22.02475,OK
20450602,VIBRATION,-0.5872226,OK
20451852,VIBRATION,-0.7768808,OK
20453102,VIBRATION,-0.6501558,OK
20454352,VIBRATION,-0.3448324,OK
20455602,VIBRATION,-0.3506872,OK
20456852,VIBRATION,-0.1624838,OK
20458102,VIBRATION,0.4854126,OK
20459352,VIBRATION,0.08930763,OK
20460000,PRESSURE,101.2585,OK
20460000,TEMPERATURE,21.88616,OK
20460602,VIBRATION,-0.2122587,OK
20461852,VIBRATION,-0.07589232,OK
20463102,VIBRATION,-0.1782352,OK
20464352,VIBRATION,0.1338928,OK
20465602,VIBRATION,-0.267936,OK
20466852,VIBRATION,-0.1369551,OK
20468102,VIBRATION,0.1058036,OK
20469352,VIBRATION,-0.1772301,OK
20470000,PRESSURE,101.2409,OK
20470000,TEMPERATURE,21.96387,OK
20470602,VIBRATION,0.3608296,OK
20471852,VIBRATION,0.4605262,OK
20473102,VIBRATION,0.4971997,OK
20474352,VIBRATION,-0.003828366,OK
20475602,VIBRATION,0.2467115,OK
20476852,VIBRATION,0.2621079,OK
20478102,VIBRATION,0.2384509,OK
20479352,VIBRATION,-0.1659005,OK
20480000,PRESSURE,101.2704,OK
20480000,TEMPERATURE,22.04141,OK
20480602,VIBRATION,0.08850951,OK
20481852,VIBRATION,0.4462829,OK
20483102,VIBRATION,0.4127139,OK
20484352,VIBRATION,-0.06104867,OK
20485602,VIBRATION,0.1822463,OK
20486852,VIBRATION,0.3791956,OK
20488102,VIBRATION,0.3711881,OK
20489352,VIBRATION,0.578225,OK
20490000,PRESSURE,101.3055,OK
20490000,TEMPERATURE,22.10358,OK
20490602,VIBRATION,0.698237,OK
20491852,VIBRATION,0.8285966,OK
20493102,VIBRATION,0.6741919,OK
20494352,VIBRATION,0.9950771,OK
20495602,VIBRATION,1.02042,OK
20496852,VIBRATION,1.728238,OK
20498102,VIBRATION,1.255262,OK
20499352,VIBRATION,1.000154,OK
20500000,PRESSURE,101.2885,OK
20500000,TEMPERATURE,22.21179,OK
20500602,VIBRATION,0.4729463,OK
20501852,VIBRATION,0.9820083,OK
20503102,VIBRATION,0.7856143,OK
20504352,VIBRATION,0.5369877,OK
20505602,VIBRATION,0.3021593,OK
20506852,VIBRATION,0.7086292,OK
20508102,VIBRATION,0.7368936,OK
20509352,VIBRATION,1.139439,OK
20510000,PRESSURE,101.2314,OK
20510000,TEMPERATURE,22.24447,OK
20510602,VIBRATION,1.404775,OK
20511852,VIBRATION,1.162245,OK
20513102,VIBRATION,0.8280512,OK
20514352,VIBRATION,1.104617,OK
20515602,VIBRATION,1.16371,OK
20516852,VIBRATION,1.074219,OK
20518102,VIBRATION,0.6282039,OK
20519352,VIBRATION,0.5240535,OK
20520000,PRESSURE,101.242,OK
20520000,TEMPERATURE,22.0798,OK
20520603,VIBRATION,0.4576929,OK
20521852,VIBRATION,0.7989441,OK
20523102,VIBRATION,1.119331,OK
20524352,VIBRATION,1.124304,OK
20525602,VIBRATION,0.7836626,OK
20526852,VIBRATION,0.7038515,OK
20528102,VIBRATION,1.170912,OK
20529352,VIBRATION,0.8915573,OK
20530000,PRESSURE,101.274,OK
20530000,TEMPERATURE,22.06528,OK
20530602,VIBRATION,1.14086,OK
20531852,VIBRATION,0.9393556,OK
20533102,VIBRATION,0.7915,OK
20534352,VIBRATION,0.9978465,OK
20535602,VIBRATION,0.8029938,OK
20536852,VIBRATION,0.7244915,OK
20538103,VIBRATION,0.672417,OK
20539352,VIBRATION,0.3589579,OK
20540000,PRESSURE,101.2758,OK
20540000,TEMPERATURE,22.02475,OK
20540602,VIBRATION,0.2820116,OK
20541852,VIBRATION,0.06619509,OK
20543102,VIBRATION,0.2433219,OK
20544352,VIBRATION,0.1925685,OK
20545602,VIBRATION,0.1319327,OK
20546852,VIBRATION,0.3088446,OK
20548102,VIBRATION,0.1782215,OK
20549352,VIBRATION,0.1793607,OK
20550000,PRESSURE,101.2557,OK
20550000,TEMPERATURE,21.92112,OK
20550602,VIBRATION,-0.1205978,OK
20551852,VIBRATION,0.7743516,OK
20553102,VIBRATION,0.8861847,OK
20554352,VIBRATION,0.9342538,OK
20555602,VIBRATION,0.9696715,OK
20556852,VIBRATION,0.4902138,OK
20558102,VIBRATION,0.8123364,OK
20559352,VIBRATION,0.6090754,OK
20560000,PRESSURE,101.2242,OK
20560000,TEMPERATURE,22.0472,OK
20560602,VIBRATION,0.2337327,OK
20561852,VIBRATION,0.01321932,OK
20563102,VIBRATION,0.03158484,OK
20564352,VIBRATION,-0.06915584,OK
20565602,VIBRATION,-0.2220056,OK
20566852,VIBRATION,0.08132362,OK
20568102,VIBRATION,0.06463051,OK
20569352,VIBRATION,-0.2538792,OK
20570000,PRESSURE,101.2874,OK
20570000,TEMPERATURE,22.07668,OK
20570602,VIBRATION,-0.1968664,OK
20571852,VIBRATION,-0.4674928,OK
20573102,VIBRATION,-0.5873609,OK
20574352,VIBRATION,-0.6014406,OK
20575602,VIBRATION,-1.095414,OK
20576852,VIBRATION,-1.148796,OK
20578102,VIBRATION,-0.5753759,OK
20579352,VIBRATION,-0.5249506,OK
20580000,PRESSURE,101.279,OK
20580000,TEMPERATURE,21.94303,OK
20580602,VIBRATION,-0.6150635,OK
20581852,VIBRATION,-0.7894994,OK
20583102,VIBRATION,-0.4637442,OK
20584352,VIBRATION,-0.8761844,OK
20585602,VIBRATION,-0.6461979,OK
20586853,VIBRATION,-0.877361,OK
20588102,VIBRATION,-0.9643214,OK
20589352,VIBRATION,-0.6721302,OK
20590000,PRESSURE,101.1482,OK
20590000,TEMPERATURE,21.84298,OK
20590602,VIBRATION,-0.6748703,OK
20591852,VIBRATION,-0.7008694,OK
20593102,VIBRATION,-0.970788,OK
20594352,VIBRATION,-0.753766,OK
20595602,VIBRATION,-0.200005,OK
20596852,VIBRATION,-0.3469793,OK
20598102,VIBRATION,-0.5989005,OK
20599352,VIBRATION,-0.8924003,OK
20600000,PRESSURE,101.2262,OK
20600000,TEMPERATURE,21.73847,OK
20600602,VIBRATION,-0.9906445,OK
20601852,VIBRATION,-1.051654,OK
20603102,VIBRATION,-1.163435,OK
20604352,VIBRATION,-1.111377,OK
20605602,VIBRATION,-1.307637,OK
20606852,VIBRATION,-1.204807,OK
20608102,VIBRATION,-1.022406,OK
20609352,VIBRATION,-1.016818,OK
20610000,PRESSURE,101.2267,OK
20610000,TEMPERATURE,21.77807,OK
20610631,VIBRATION,-1.258886,OK
20611852,VIBRATION,-1.03761,OK
20613102,VIBRATION,-1.657868,OK
20614352,VIBRATION,-1.540985,OK
20615602,VIBRATION,-1.581255,OK
20616852,VIBRATION,-1.258174,OK
20618102,VIBRATION,-1.235237,OK
20619352,VIBRATION,-0.6735323,OK
20620000,PRESSURE,101.2697,OK
20620000,TEMPERATURE,21.83018,OK
20620602,VIBRATION,-0.8429056,OK
20621852,VIBRATION,-0.8096313,OK
20623102,VIBRATION,-0.5566483,OK
20624352,VIBRATION,0.03034257,OK
20625602,VIBRATION,0.263713,OK
20626852,VIBRATION,-0.07527476,OK
20628102,VIBRATION,-0.1897532,OK
20629352,VIBRATION,-0.3768956,OK
20630000,PRESSURE,101.2952,OK
20630000,TEMPERATURE,21.8216,OK
20630602,VIBRATION,-0.5138645,OK
20631852,VIBRATION,-0.3185579,OK
20633102,VIBRATION,-0.6670872,OK
20634352,VIBRATION,-0.6522475,OK
20635602,VIBRATION,-0.2612811,OK
20636852,VIBRATION,-0.6102406,OK
20638102,VIBRATION,-0.5601558,OK
20639352,VIBRATION,-0.5449432,OK
20640000,PRESSURE,101.2952,OK
20640000,TEMPERATURE,21.8316,OK
20640602,VIBRATION,-0.1911046,OK
20641852,VIBRATION,-0.2225975,OK
20643102,VIBRATION,-0.2796136,OK
20644352,VIBRATION,-0.4444524,OK
20645602,VIBRATION,-0.1429044,OK
20646852,VIBRATION,-0.1000513,OK
20648102,VIBRATION,0.2855075,OK
20649352,VIBRATION,0.3510821,OK
20650000,PRESSURE,101.3496,OK
20650000,TEMPERATURE,21.73788,OK
20650602,VIBRATION,0.2373448,OK
20651852,VIBRATION,-0.2788719,OK
20653102,VIBRATION,-0.2987912,OK
20654352,VIBRATION,-0.03920979,OK
20655602,VIBRATION,-0.3556549,OK
20656852,VIBRATION,-0.04810092,OK
20658102,VIBRATION,-0.2272054,OK
20659352,VIBRATION,-0.4231543,OK
20660000,PRESSURE,101.3584,OK
20660000,TEMPERATURE,21.66594,OK
20660602,VIBRATION,-0.5533412,OK
20661910,VIBRATION,-0.1972403,OK
20663111,VIBRATION,-0.01027222,OK
20664352,VIBRATION,-0.02690277,OK
20665799,VIBRATION,0.1527273,OK
20667184,VIBRATION,-0.2498413,OK
20668102,VIBRATION,-0.5089893,OK
20669352,VIBRATION,-0.6010402,OK
20670000,PRESSURE,101.3658,OK
20670000,TEMPERATURE,21.82004,OK
20670602,VIBRATION,-0.9446633,OK
20671852,VIBRATION,-1.345263,OK
20673102,VIBRATION,-1.71922,OK
20674352,VIBRATION,-1.13246,OK
20675602,VIBRATION,-0.4039392,OK
20676852,VIBRATION,-0.4365526,OK
20678102,VIBRATION,-0.1384708,OK
20679361,VIBRATION,-0.1976715,OK
20680000,PRESSURE,101.3464,OK
20680000,TEMPERATURE,21.72069,OK
20680602,VIBRATION,0.2035287,OK
20681852,VIBRATION,-0.6168852,OK
20683102,VIBRATION,-0.7313618,OK
20684352,VIBRATION,-0.4721475,OK
20685602,VIBRATION,-0.9161169,OK
20686852,VIBRATION,-0.6363541,OK
20688102,VIBRATION,-1.120377,OK
20689352,VIBRATION,-1.068796,OK
20690000,PRESSURE,101.321,OK
20690000,TEMPERATURE,21.90437,OK
20690602,VIBRATION,-0.5490092,OK
20691852,VIBRATION,-0.2038552,OK
20693102,VIBRATION,-0.3711369,OK
20694352,VIBRATION,0.2152783,OK
20695602,VIBRATION,0.5309674,OK
20696852,VIBRATION,0.7123022,OK
20698102,VIBRATION,0.3808893,OK
20699352,VIBRATION,0.5758763,OK
20700000,PRESSURE,101.2327,OK
20700000,TEMPERATURE,21.86126,OK
20700602,VIBRATION,0.3613307,OK
20701852,VIBRATION,0.7712522,OK
20703110,VIBRATION,0.8413937,OK
20704352,VIBRATION,1.13529,OK
20705602,VIBRATION,1.10592,OK
20706852,VIBRATION,1.093419,OK
20708102,VIBRATION,0.8359136,OK
20709352,VIBRATION,0.9065463,OK
20710000,PRESSURE,101.2149,OK
20710000,TEMPERATURE,21.73133,OK
20710602,VIBRATION,0.3257208,OK
20711852,VIBRATION,0.03341109,OK
20713102,VIBRATION,0.4167367,OK
20714352,VIBRATION,0.3115272,OK
20715602,VIBRATION,-0.1760659,OK
20716852,VIBRATION,-0.2614967,OK
20718102,VIBRATION,-0.4416345,OK
20719352,VIBRATION,-0.4524285,OK
20720000,PRESSURE,101.2031,OK
20720000,TEMPERATURE,21.65333,OK
20720602,VIBRATION,-0.6289197,OK
20721852,VIBRATION,-1.294628,OK
20723102,VIBRATION,-0.7408176,OK
20724352,VIBRATION,-0.604701,OK
20725602,VIBRATION,-0.5287839,OK
20726852,VIBRATION,-0.6672771,OK
20728102,VIBRATION,-0.3688133,OK
20729352,VIBRATION,-0.1288226,OK
20730000,PRESSURE,101.2269,OK
20730000,TEMPERATURE,21.57709,OK
20730602,VIBRATION,0.3309578,OK
20731852,VIBRATION,0.4056578,OK
20733102,VIBRATION,0.4334252,OK
20734352,VIBRATION,1.006719,OK
20735602,VIBRATION,0.8423322,OK
20736852,VIBRATION,0.200625,OK
20738102,VIBRATION,0.4547593,OK
20739352,VIBRATION,0.3969829,OK
20740000,PRESSURE,101.2389,OK
20740000,TEMPERATURE,21.53487,OK
20740602,VIBRATION,0.05890461,OK
20741852,VIBRATION,0.2993641,OK
20743102,VIBRATION,0.2127046,OK
20744352,VIBRATION,0.2053154,OK
20745602,VIBRATION,0.09949817,OK
20746852,VIBRATION,0.6634038,OK
20748102,VIBRATION,0.6874655,OK
20749352,VIBRATION,1.467795,OK
20750000,PRESSURE,101.1567,OK
20750000,TEMPERATURE,21.63446,OK
20750602,VIBRATION,2.029751,OK
20751852,VIBRATION,1.914749,OK
20753102,VIBRATION,1.50493,OK
20754352,VIBRATION,1.15384,OK
20755602,VIBRATION,1.102794,OK
20756852,VIBRATION,0.7266114,OK
20758102,VIBRATION,0.8124046,OK
20759352,VIBRATION,1.220952,OK
20760000,PRESSURE,101.1481,OK
20760000,TEMPERATURE,21.70266,OK
20760602,VIBRATION,1.286097,OK
20761852,VIBRATION,1.220375,OK
20763102,VIBRATION,1.389988,OK
20764352,VIBRATION,1.392439,OK
20765602,VIBRATION,1.799473,OK
20766852,VIBRATION,2.354635,OK
20768102,VIBRATION,2.450713,OK
20769352,VIBRATION,2.175086,OK
20770000,PRESSURE,101.2301,OK
20770000,TEMPERATURE,21.69489,OK
20770602,VIBRATION,2.216532,OK
20771852,VIBRATION,2.395705,OK
20773102,VIBRATION,2.30515,OK
20774352,VIBRATION,2.532878,OK
20775602,VIBRATION,2.122204,OK
20776852,VIBRATION,2.124005,OK
20778102,VIBRATION,2.443709,OK
20779352,VIBRATION,2.821918,OK
20780000,PRESSURE,101.2389,OK
20780000,TEMPERATURE,21.82352,OK
20780602,VIBRATION,2.620635,OK
20781852,VIBRATION,2.744819,OK
20783102,VIBRATION,2.547812,OK
20784352,VIBRATION,2.023859,OK
20785602,VIBRATION,1.618444,OK
20786852,VIBRATION,1.619862,OK
20788102,VIBRATION,1.903106,OK
20789352,VIBRATION,1.963091,OK
20790000,PRESSURE,101.3023,OK
20790000,TEMPERATURE,21.68604,OK
20790602,VIBRATION,2.270246,OK
20791852,VIBRATION,2.523476,OK
20793102,VIBRATION,2.692264,OK
20794352,VIBRATION,2.935088,OK
20795602,VIBRATION,2.599838,OK
20796852,VIBRATION,2.161953,OK
20798102,VIBRATION,2.631862,OK
20799352,VIBRATION,2.868634,OK
20800000,PRESSURE,101.279,OK
20800000,TEMPERATURE,21.64972,OK
20800602,VIBRATION,2.844295,OK
20801875,VIBRATION,2.978625,OK
20803102,VIBRATION,2.916803,OK
20804352,VIBRATION,3.243694,OK
20805602,VIBRATION,3.331027,OK
20806852,VIBRATION,3.202676,OK
20808102,VIBRATION,3.452143,OK
20809352,VIBRATION,3.371082,OK
20810000,PRESSURE,101.2859,OK
20810000,TEMPERATURE,21.69924,OK
20810602,VIBRATION,3.775906,OK
20811852,VIBRATION,3.498426,OK
20813102,VIBRATION,3.127996,OK
20814352,VIBRATION,3.372233,OK
20815602,VIBRATION,2.71219,OK
20816852,VIBRATION,2.461799,OK
20818102,VIBRATION,2.22252,OK
20819352,VIBRATION,2.141535,OK
20820000,PRESSURE,101.3459,OK
20820000,TEMPERATURE,21.8025,OK
20820602,VIBRATION,2.065697,OK
20821852,VIBRATION,2.065703,OK
20823102,VIBRATION,1.684682,OK
20824352,VIBRATION,1.630101,OK
20825602,VIBRATION,1.401431,OK
20826852,VIBRATION,1.512049,OK
20828102,VIBRATION,1.292826,OK
20829352,VIBRATION,0.9954683,OK
20830000,PRESSURE,101.4043,OK
20830000,TEMPERATURE,21.69853,OK
20830602,VIBRATION,0.5853691,OK
20831852,VIBRATION,0.8085296,OK
20833102,VIBRATION,0.5851362,OK
20834352,VIBRATION,0.5819025,OK
20835602,VIBRATION,0.6107563,OK
20836852,VIBRATION,0.2312688,OK
20838102,VIBRATION,0.297788,OK
20839352,VIBRATION,0.5317712,OK
20840000,PRESSURE,101.5019,OK
20840000,TEMPERATURE,21.61317,OK
20840602,VIBRATION,0.6746835,OK
20841852,VIBRATION,0.9216075,OK
20843102,VIBRATION,0.8598933,OK
20844352,VIBRATION,0.06331655,OK
20845602,VIBRATION,0.3124468,OK
20846852,VIBRATION,0.3331043,OK
20848102,VIBRATION,-0.1972885,OK
20849352,VIBRATION,0.015314,OK
20850000,PRESSURE,101.4188,OK
20850000,TEMPERATURE,21.68287,OK
20850602,VIBRATION,-0.01042899,OK
20851852,VIBRATION,0.3704286,OK
20853102,VIBRATION,0.0899997,OK
20854352,VIBRATION,-0.2769521,OK
20855602,VIBRATION,0.1595629,OK
20856852,VIBRATION,0.4445457,OK
20858102,VIBRATION,0.4401878,OK
20859352,VIBRATION,0.9523598,OK
20860000,PRESSURE,101.4967,OK
20860000,TEMPERATURE,21.72909,OK
20860602,VIBRATION,1.039322,OK
20861852,VIBRATION,1.553076,OK
20863102,VIBRATION,1.504399,OK
20864352,VIBRATION,1.564493,OK
20865602,VIBRATION,1.539531,OK
20866852,VIBRATION,1.160364,OK
20868102,VIBRATION,1.474811,OK
20869352,VIBRATION,1.409896,OK
20870000,PRESSURE,101.4152,OK
20870000,TEMPERATURE,21.6674,OK
20870602,VIBRATION,1.168586,OK
20871852,VIBRATION,1.414876,OK
20873102,VIBRATION,0.7262817,OK
20874352,VIBRATION,0.9521212,OK
20875602,VIBRATION,1.071705,OK
20876852,VIBRATION,0.5117802,OK
20878102,VIBRATION,0.4066538,OK
20879352,VIBRATION,0.651978,OK
20880000,PRESSURE,101.4692,OK
20880000,TEMPERATURE,21.48574,OK
20880602,VIBRATION,0.08050443,OK
20881852,VIBRATION,0.004649203,OK
20883102,VIBRATION,-0.002919305,OK
20884352,VIBRATION,-0.4177173,OK
20885602,VIBRATION,-0.1261355,OK
20886852,VIBRATION,0.3685782,OK
20888102,VIBRATION,0.2884773,OK
20889352,VIBRATION,0.2979589,OK
20890000,PRESSURE,101.4204,OK
20890000,TEMPERATURE,21.67586,OK
20890602,VIBRATION,0.1457582,OK
20891852,VIBRATION,0.9844325,OK
20893102,VIBRATION,1.058692,OK
20894352,VIBRATION,1.120418,OK
20895602,VIBRATION,1.049748,OK
20896852,VIBRATION,0.8798944,OK
20898102,VIBRATION,0.4936912,OK
20899352,VIBRATION,0.3792775,OK
20900000,PRESSURE,101.3876,OK
20900000,TEMPERATURE,21.70737,OK
20900602,VIBRATION,-0.1289142,OK
20901852,VIBRATION,0.07185388,OK
20903102,VIBRATION,-0.01812129,OK
20904352,VIBRATION,0.006503426,OK
20905602,VIBRATION,-0.3833664,OK
20906852,VIBRATION,0.00359729,OK
20908102,VIBRATION,-0.3304936,OK
20909352,VIBRATION,-0.567977,OK
20910000,PRESSURE,101.4329,OK
20910000,TEMPERATURE,21.73183,OK
20910602,VIBRATION,-0.1105752,OK
20911852,VIBRATION,-0.03252573,OK
20913102,VIBRATION,-0.2846493,OK
20914352,VIBRATION,-0.7359517,OK
20915602,VIBRATION,-0.5905891,OK
20916852,VIBRATION,-0.7894769,OK
20918102,VIBRATION,-0.3884884,OK
20919352,VIBRATION,-0.4796832,OK
20920000,PRESSURE,101.4385,OK
20920000,TEMPERATURE,21.52119,OK
20920602,VIBRATION,-1.05287,OK
20921852,VIBRATION,-1.397226,OK
20923102,VIBRATION,-1.186313,OK
20924352,VIBRATION,-0.7905475,OK
20925602,VIBRATION,-0.6678622,OK
20926852,VIBRATION,-0.210991,OK
20928102,VIBRATION,-0.2898118,OK
20929352,VIBRATION,-0.8089448,OK
20930000,PRESSURE,101.3826,OK
20930000,TEMPERATURE,21.42565,OK
20930602,VIBRATION,-1.353255,OK
20931852,VIBRATION,-1.200893,OK
20933102,VIBRATION,-1.346861,OK
20934352,VIBRATION,-1.048544,OK
20935602,VIBRATION,-1.235631,OK
20936852,VIBRATION,-1.106811,OK
20938102,VIBRATION,-1.32155,OK
20939352,VIBRATION,-1.840313,OK
20940000,PRESSURE,101.3697,OK
20940000,TEMPERATURE,21.55063,OK
20940602,VIBRATION,-1.797916,OK
20941852,VIBRATION,-1.855502,OK
20943102,VIBRATION,-2.010027,OK
20944352,VIBRATION,-1.875085,OK
20945602,VIBRATION,-1.960524,OK
20946852,VIBRATION,-1.943296,OK
20948102,VIBRATION,-1.931534,OK
20949352,VIBRATION,-2.341406,OK
20950000,PRESSURE,101.3021,OK
20950000,TEMPERATURE,21.48671,OK
20950602,VIBRATION,-2.30214,OK
20951852,VIBRATION,-2.517623,OK
20953102,VIBRATION,-2.062135,OK
20954352,VIBRATION,-2.126532,OK
20955602,VIBRATION,-1.913062,OK
20956852,VIBRATION,-1.697875,OK
20958102,VIBRATION,-2.119477,OK
20959352,VIBRATION,-2.261239,OK
20960000,PRESSURE,101.2284,OK
20960000,TEMPERATURE,21.38517,OK
20960602,VIBRATION,-1.9139,OK
20961852,VIBRATION,-2.534582,OK
20963102,VIBRATION,-2.474405,OK
20964352,VIBRATION,-2.241453,OK
20965602,VIBRATION,-1.937254,OK
20966852,VIBRATION,-1.990523,OK
20968122,VIBRATION,-1.344277,OK
20969352,VIBRATION,-1.282239,OK
20970000,PRESSURE,101.1752,OK
20970000,TEMPERATURE,21.19363,OK
20970602,VIBRATION,-1.387192,OK
20971852,VIBRATION,-1.850773,OK
20973102,VIBRATION,-1.931287,OK
20974352,VIBRATION,-1.701396,OK
20975602,VIBRATION,-1.39472,OK
20976852,VIBRATION,-1.388192,OK
20978102,VIBRATION,-1.219556,OK
20979352,VIBRATION,-1.043723,OK
20980000,PRESSURE,101.2372,OK
20980000,TEMPERATURE,21.07834,OK
20980602,VIBRATION,-1.486176,OK
20981852,VIBRATION,-1.487778,OK
20983102,VIBRATION,-1.405688,OK
20984352,VIBRATION,-1.490435,OK
20985602,VIBRATION,-1.415949,OK
20986852,VIBRATION,-1.247619,OK
20988102,VIBRATION,-0.7466675,OK
20989352,VIBRATION,-0.9563897,OK
20990000,PRESSURE,101.2462,OK
20990000,TEMPERATURE,21.11734,OK
20990602,VIBRATION,-0.8884176,OK
20991852,VIBRATION,-1.487028,OK
20993102,VIBRATION,-1.843704,OK
20994352,VIBRATION,-1.751729,OK
20995602,VIBRATION,-1.013598,OK
20996852,VIBRATION,-1.082264,OK
20998102,VIBRATION,-0.9651452,OK
20999352,VIBRATION,-0.5854947,OK
21000000,PRESSURE,101.2226,OK
21000000,TEMPERATURE,21.36784,OK
21000000,HUMIDITY,44.30047,OK
21000602,VIBRATION,-0.1157101,OK
21001852,VIBRATION,-0.2972318,OK
21003102,VIBRATION,-0.08377431,OK
21004352,VIBRATION,-0.1275641,OK
21005602,VIBRATION,0.08512654,OK
21006852,VIBRATION,0.04304006,OK
21008102,VIBRATION,-0.1804487,OK
21009352,VIBRATION,-0.0310387,OK
21010000,PRESSURE,101.2087,OK
21010000,TEMPERATURE,21.40206,OK
21010602,VIBRATION,-0.7510253,OK
21011852,VIBRATION,-1.062869,OK
21013102,VIBRATION,-1.258285,OK
21014352,VIBRATION,-1.251242,OK
21015602,VIBRATION,-0.7690574,OK
21016852,VIBRATION,-0.4387414,OK
21018102,VIBRATION,-0.6353928,OK
21019352,VIBRATION,-0.4077717,OK
21020000,PRESSURE,101.1978,OK
21020000,TEMPERATURE,21.38865,OK
21020602,VIBRATION,-0.1848304,OK
21021852,VIBRATION,-0.3423077,OK
21023102,VIBRATION,-0.4389786,OK
21024352,VIBRATION,-0.1101209,OK
21025602,VIBRATION,0.3101893,OK
21026852,VIBRATION,0.8291721,OK
21028116,VIBRATION,0.9750944,OK
21029352,VIBRATION,1.356905,OK
21030000,PRESSURE,101.2491,OK
21030000,TEMPERATURE,21.3683,OK
21030602,VIBRATION,1.168458,OK
21031852,VIBRATION,1.153845,OK
21033102,VIBRATION,1.43014,OK
21034352,VIBRATION,1.499411,OK
21035602,VIBRATION,1.328432,OK
21036852,VIBRATION,1.3781,OK
21038102,VIBRATION,1.969459,OK
21039352,VIBRATION,1.787301,OK
21040000,PRESSURE,101.2977,OK
21040000,TEMPERATURE,21.46388,OK
21040602,VIBRATION,2.044294,OK
21041852,VIBRATION,1.975933,OK
21043102,VIBRATION,1.837149,OK
21044352,VIBRATION,1.803167,OK
21045602,VIBRATION,1.919173,OK
21046852,VIBRATION,1.89954,OK
21048109,VIBRATION,2.097258,OK
21049352,VIBRATION,2.334775,OK
21050000,PRESSURE,101.2527,OK
21050000,TEMPERATURE,21.40881,OK
21050608,VIBRATION,2.365486,OK
21051852,VIBRATION,2.235492,OK
21053102,VIBRATION,2.196342,OK
21054352,VIBRATION,2.181845,OK
21055602,VIBRATION,1.751786,OK
21056852,VIBRATION,1.937283,OK
21058102,VIBRATION,2.036823,OK
21059352,VIBRATION,1.780939,OK
21060000,PRESSURE,101.2885,OK
21060000,TEMPERATURE,21.55635,OK
21060602,VIBRATION,1.783969,OK
21061852,VIBRATION,1.71153,OK
21063102,VIBRATION,1.77426,OK
21064352,VIBRATION,2.119977,OK
21065602,VIBRATION,1.827101,OK
21066852,VIBRATION,1.938756,OK
21068102,VIBRATION,2.419709,OK
21069352,VIBRATION,2.496247,OK
21070000,PRESSURE,101.3116,OK
21070000,TEMPERATURE,21.4249,OK
21070602,VIBRATION,2.32815,OK
21071852,VIBRATION,2.430489,OK
21073102,VIBRATION,2.158638,OK
21074352,VIBRATION,2.581268,OK
21075602,VIBRATION,2.568511,OK
21076852,VIBRATION,2.221963,OK
21078102,VIBRATION,1.689726,OK
21079352,VIBRATION,1.663967,OK
21080000,PRESSURE,101.3181,OK
21080000,TEMPERATURE,21.5087,OK
21080602,VIBRATION,1.508928,OK
21081852,VIBRATION,1.83477,OK
21083102,VIBRATION,1.864308,OK
21084352,VIBRATION,1.669574,OK
21085602,VIBRATION,1.903321,OK
21086852,VIBRATION,1.791971,OK
21088102,VIBRATION,1.714994,OK
21089352,VIBRATION,1.797074,OK
21090000,PRESSURE,101.3094,OK
21090000,TEMPERATURE,21.38921,OK
21090602,VIBRATION,1.561047,OK
21091852,VIBRATION,1.960305,OK
21093102,VIBRATION,1.588591,OK
21094352,VIBRATION,1.676252,OK
21095602,VIBRATION,1.783481,OK
21096852,VIBRATION,1.634112,OK
21098102,VIBRATION,1.569212,OK
21099352,VIBRATION,1.965969,OK
21100000,PRESSURE,101.2722,OK
21100000,TEMPERATURE,21.27947,OK
21100602,VIBRATION,1.654135,OK
21101852,VIBRATION,1.044539,OK
21103102,VIBRATION,0.541878,OK
21104352,VIBRATION,0.8323238,OK
21105602,VIBRATION,1.506534,OK
21106852,VIBRATION,1.653351,OK
21108102,VIBRATION,2.106584,OK
21109352,VIBRATION,1.949401,OK
21110000,PRESSURE,101.3131,OK
21110000,TEMPERATURE,21.25796,OK
21110602,VIBRATION,1.772367,OK
21111852,VIBRATION,1.962043,OK
21113102,VIBRATION,2.140962,OK
21114352,VIBRATION,2.215646,OK
21115602,VIBRATION,2.690476,OK
21116852,VIBRATION,2.409111,OK
21118102,VIBRATION,2.401797,OK
21119352,VIBRATION,2.10982,OK
21120000,PRESSURE,101.3117,OK
21120000,TEMPERATURE,21.11498,OK
21120602,VIBRATION,1.641539,OK
21121852,VIBRATION,1.52187,OK
21123102,VIBRATION,1.248358,OK
21124352,VIBRATION,1.863725,OK
21125602,VIBRATION,1.979679,OK
21126852,VIBRATION,1.880042,OK
21128102,VIBRATION,1.594757,OK
21129352,VIBRATION,1.271927,OK
21130000,PRESSURE,101.2802,OK
21130000,TEMPERATURE,21.08891,OK
21130602,VIBRATION,1.518294,OK
21131852,VIBRATION,1.261268,OK
21133102,VIBRATION,1.252798,OK
21134352,VIBRATION,0.7357943,OK
21135602,VIBRATION,0.9759752,OK
21136852,VIBRATION,0.9500104,OK
21138102,VIBRATION,0.731409,OK
21139352,VIBRATION,1.25893,OK
21140000,PRESSURE,101.3106,OK
21140000,TEMPERATURE,21.11527,OK
21140602,VIBRATION,1.032251,OK
21141852,VIBRATION,1.114357,OK
21143102,VIBRATION,1.438309,OK
21144352,VIBRATION,1.769617,OK
21145602,VIBRATION,1.076535,OK
21146852,VIBRATION,0.9533681,OK
21148102,VIBRATION,0.5850224,OK
21149352,VIBRATION,0.1029389,OK
21150000,PRESSURE,101.3419,OK
21150000,TEMPERATURE,21.16818,OK
21150602,VIBRATION,0.3413894,OK
21151852,VIBRATION,-0.154786,OK
21153102,VIBRATION,-0.1986922,OK
21154352,VIBRATION,-0.02928895,OK
21155602,VIBRATION,0.3290802,OK
21156852,VIBRATION,-0.2727224,OK
21158102,VIBRATION,0.2118231,OK
21159389,VIBRATION,0.1933324,OK
21160000,PRESSURE,101.3214,OK
21160000,TEMPERATURE,21.20107,OK
21160602,VIBRATION,-0.3066176,OK
21161852,VIBRATION,-0.8891514,OK
21163102,VIBRATION,-0.5742412,OK
21164352,VIBRATION,-0.9807536,OK
21165602,VIBRATION,-1.132452,OK
21166852,VIBRATION,-1.134305,OK
21168102,VIBRATION,-1.099179,OK
21169352,VIBRATION,-1.222287,OK
21170000,PRESSURE,101.346,OK
21170000,TEMPERATURE,21.16799,OK
21170602,VIBRATION,-1.249721,OK
21171852,VIBRATION,-1.188158,OK
21173102,VIBRATION,-0.8510578,OK
21174352,VIBRATION,-0.9059955,OK
21175602,VIBRATION,-0.4315362,OK
21176852,VIBRATION,-0.6887979,OK
21178102,VIBRATION,-0.4466279,OK
21179353,VIBRATION,-0.2100155,OK
21180001,PRESSURE,101.3211,OK
21180001,TEMPERATURE,21.19231,OK
21180602,VIBRATION,-0.1164169,OK
21181852,VIBRATION,-0.2039716,OK
21183102,VIBRATION,-0.495302,OK
21184352,VIBRATION,-0.7032565,OK
21185602,VIBRATION,-0.3999834,OK
21186852,VIBRATION,-0.4534914,OK
21188102,VIBRATION,-0.7636035,OK
21189352,VIBRATION,-0.9133002,OK
21190000,PRESSURE,101.382,OK
21190000,TEMPERATURE,21.18147,OK
21190602,VIBRATION,-0.6380141,OK
21191852,VIBRATION,-0.6596435,OK
21193102,VIBRATION,-0.7177095,OK
21194352,VIBRATION,-0.5138931,OK
21195602,VIBRATION,-0.6318553,OK
21196852,VIBRATION,-1.241419,OK
21198102,VIBRATION,-1.023066,OK
21199352,VIBRATION,-1.050513,OK
21200047,PRESSURE,101.3024,OK
21200047,TEMPERATURE,21.10366,OK
21200602,VIBRATION,-0.2777683,OK
21201852,VIBRATION,-0.3099307,OK
21203102,VIBRATION,-0.7998532,OK
21204352,VIBRATION,-0.9371537,OK
21205602,VIBRATION,-1.052982,OK
21206852,VIBRATION,-0.7653388,OK
21208102,VIBRATION,-0.7148332,OK
21209352,VIBRATION,-0.5889025,OK
21210000,PRESSURE,101.2529,OK
21210000,TEMPERATURE,20.99407,OK
21210602,VIBRATION,-0.2097468,OK
21211852,VIBRATION,-0.5673967,OK
21213102,VIBRATION,-0.5554274,OK
21214352,VIBRATION,-0.1903419,OK
21215602,VIBRATION,-0.1302739,OK
21216852,VIBRATION,0.1458,OK
21218102,VIBRATION,-0.1572576,OK
21219352,VIBRATION,-0.411949,OK
21220000,PRESSURE,101.2943,OK
21220000,TEMPERATURE,21.03613,OK
21220602,VIBRATION,0.1985152,OK
21221852,VIBRATION,0.06178516,OK
21223102,VIBRATION,0.3217817,OK
21224352,VIBRATION,-0.194723,OK
21225602,VIBRATION,-0.1202762,OK
21226852,VIBRATION,-0.05062933,OK
21228102,VIBRATION,0.3948419,OK
21229352,VIBRATION,1.24566,OK
21230000,PRESSURE,101.3545,OK
21230000,TEMPERATURE,21.02993,OK
21230602,VIBRATION,1.247405,OK
21231852,VIBRATION,1.460209,OK
21233102,VIBRATION,1.295574,OK
21234352,VIBRATION,1.468015,OK
21235602,VIBRATION,2.089218,OK
21236852,VIBRATION,1.800059,OK
21238102,VIBRATION,1.685809,OK
21239352,VIBRATION,2.183789,OK
21240000,PRESSURE,101.3061,OK
21240000,TEMPERATURE,21.15993,OK
21240602,VIBRATION,2.314047,OK
21241852,VIBRATION,2.490465,OK
21243102,VIBRATION,1.769127,OK
21244352,VIBRATION,1.788895,OK
21245602,VIBRATION,1.865781,OK
21246852,VIBRATION,1.238225,OK
21248104,VIBRATION,1.046334,OK
21249352,VIBRATION,0.8277459,OK
21250000,PRESSURE,101.3477,OK
21250000,TEMPERATURE,21.29188,OK
21250634,VIBRATION,0.459793,OK
21251852,VIBRATION,1.225677,OK
21253102,VIBRATION,0.917062,OK
21254352,VIBRATION,0.8461361,OK
21255602,VIBRATION,0,COMM_ERROR
21256852,VIBRATION,0.9970066,OK
21258102,VIBRATION,0.7265002,OK
21259352,VIBRATION,0.4308182,OK
21260000,PRESSURE,101.2612,OK
21260000,TEMPERATURE,21.43011,OK
21260602,VIBRATION,0.9555404,OK
21261852,VIBRATION,0.8623267,OK
21263102,VIBRATION,0.7937253,OK
21264352,VIBRATION,0.8498983,OK
21265602,VIBRATION,1.041275,OK
21266852,VIBRATION,0.5551196,OK
21268104,VIBRATION,0.6059935,OK
21269352,VIBRATION,0.203442,OK
21270000,PRESSURE,101.3065,OK
21270000,TEMPERATURE,21.55834,OK
21270602,VIBRATION,0.5827315,OK
21271852,VIBRATION,0.6502621,OK
21273102,VIBRATION,0.4201321,OK
21274352,VIBRATION,0.4435025,OK
21275602,VIBRATION,0.6501529,OK
21276852,VIBRATION,0.7272294,OK
21278102,VIBRATION,0.5771873,OK
21279352,VIBRATION,0.6493393,OK
21280000,PRESSURE,101.2334,OK
21280000,TEMPERATURE,21.62294,OK
21280602,VIBRATION,0.5300338,OK
21281852,VIBRATION,-0.0181229,OK
21283102,VIBRATION,0.4181908,OK
21284352,VIBRATION,0.3478796,OK
21285602,VIBRATION,0.4185269,OK
21286852,VIBRATION,0.02518432,OK
21288102,VIBRATION,0.1463465,OK
21289352,VIBRATION,0.2115627,OK
21290000,PRESSURE,101.1972,OK
21290000,TEMPERATURE,21.73381,OK
21290602,VIBRATION,0.02077448,OK
21291852,VIBRATION,0.2880205,OK
21293102,VIBRATION,0.2459993,OK
21294376,VIBRATION,0.1875266,OK
21295602,VIBRATION,0.1693502,OK
21296852,VIBRATION,0.234243,OK
21298102,VIBRATION,0.01154198,OK
21299352,VIBRATION,0.124704,OK
21300000,PRESSURE,101.1191,OK
21300000,TEMPERATURE,21.76017,OK
21300602,VIBRATION,-0.1067478,OK
21301852,VIBRATION,-0.7374985,OK
21303102,VIBRATION,-0.4842613,OK
21304352,VIBRATION,-0.5009862,OK
21305602,VIBRATION,-0.210479,OK
21306852,VIBRATION,-0.5179228,OK
21308102,VIBRATION,-0.4193787,OK
21309352,VIBRATION,-0.2521779,OK
21310000,PRESSURE,101.155,OK
21310000,TEMPERATURE,21.79711,OK
21310602,VIBRATION,0.02726054,OK
21311852,VIBRATION,-0.5636331,OK
21313102,VIBRATION,-0.8219426,OK
21314352,VIBRATION,-1.156373,OK
21315602,VIBRATION,-0.9232272,OK
21316852,VIBRATION,-1.163158,OK
21318102,VIBRATION,-0.7886677,OK
21319352,VIBRATION,-0.1010025,OK
21320000,PRESSURE,101.1482,OK
21320000,TEMPERATURE,21.73332,OK
21320602,VIBRATION,0.169086,OK
21321852,VIBRATION,-0.09751306,OK
21323102,VIBRATION,-0.1011426,OK
21324352,VIBRATION,0.02006919,OK
21325602,VIBRATION,-0.2316697,OK
21326852,VIBRATION,-0.1262003,OK
21328102,VIBRATION,-0.4196827,OK
21329352,VIBRATION,-0.3502218,OK
21330000,PRESSURE,101.1202,OK
21330000,TEMPERATURE,21.9486,OK
21330602,VIBRATION,0.08601736,OK
21331852,VIBRATION,0.5465637,OK
21333102,VIBRATION,0.7531132,OK
21334353,VIBRATION,0.6323052,OK
21335602,VIBRATION,0.5228467,OK
21336852,VIBRATION,0.07971576,OK
21338102,VIBRATION,-0.7680465,OK
21339352,VIBRATION,-0.3126744,OK
21340000,PRESSURE,101.1395,OK
21340000,TEMPERATURE,21.96348,OK
21340602,VIBRATION,-0.4881256,OK
21341852,VIBRATION,-0.663442,OK
21343102,VIBRATION,-0.02084202,OK
21344352,VIBRATION,0.4115191,OK
21345602,VIBRATION,0.5552709,OK
21346852,VIBRATION,0.7011768,OK
21348102,VIBRATION,0.7548867,OK
21349352,VIBRATION,1.215491,OK
21350000,PRESSURE,101.0908,OK
21350000,TEMPERATURE,21.94815,OK
21350602,VIBRATION,1.17867,OK
21351852,VIBRATION,0.9177501,OK
21353102,VIBRATION,0.9931142,OK
21354352,VIBRATION,0.7119614,OK
21355602,VIBRATION,0.7388564,OK
21356852,VIBRATION,0.7277809,OK
21358102,VIBRATION,0.5736371,OK
21359352,VIBRATION,0.6870485,OK
21360000,PRESSURE,101.0697,OK
21360000,TEMPERATURE,21.93932,OK
21360602,VIBRATION,0.4684998,OK
21361852,VIBRATION,0.2573027,OK
21363102,VIBRATION,0.1566505,OK
21364352,VIBRATION,-0.5057729,OK
21365602,VIBRATION,-0.2274455,OK
21366852,VIBRATION,-0.09166061,OK
21368102,VIBRATION,-0.4246545,OK
21369352,VIBRATION,-0.5787583,OK
21370000,PRESSURE,101.1394,OK
21370000,TEMPERATURE,21.95471,OK
21370602,VIBRATION,-0.708867,OK
21371852,VIBRATION,-0.56376,OK
21373102,VIBRATION,-0.4106623,OK
21374352,VIBRATION,-0.2057562,OK
21375602,VIBRATION,-0.442838,OK
21376852,VIBRATION,-0.3705036,OK
21378102,VIBRATION,-0.3202122,OK
21379352,VIBRATION,-0.7862246,OK
21380000,PRESSURE,101.157,OK
21380000,TEMPERATURE,22.02622,OK
21380602,VIBRATION,-0.1045855,OK
21381852,VIBRATION,0.3331555,OK
21383102,VIBRATION,0.5056794,OK
21384352,VIBRATION,0.5701002,OK
21385602,VIBRATION,0.1145345,OK
21386852,VIBRATION,-0.2564143,OK
21388102,VIBRATION,-0.5877105,OK
21389352,VIBRATION,-0.7276338,OK
21390000,PRESSURE,101.2071,OK
21390000,TEMPERATURE,21.91702,OK
21390602,VIBRATION,-1.173103,OK
21391852,VIBRATION,-0.8328053,OK
21393102,VIBRATION,-0.00368988,OK
21394352,VIBRATION,0.213899,OK
21395602,VIBRATION,-0.1576565,OK
21396852,VIBRATION,-0.05606202,OK
21398102,VIBRATION,0.07083968,OK
21399352,VIBRATION,0.5316233,OK
21400000,PRESSURE,101.2822,OK
21400000,TEMPERATURE,21.8578,OK
21400602,VIBRATION,0.3760414,OK
21401852,VIBRATION,-0.2931551,OK
21403102,VIBRATION,-0.7359381,OK
21404352,VIBRATION,-0.9080602,OK
21405602,VIBRATION,-0.6357735,OK
21406852,VIBRATION,-0.4821843,OK
21408102,VIBRATION,-0.4354635,OK
21409352,VIBRATION,0.09329007,OK
21410000,PRESSURE,101.2262,OK
21410000,TEMPERATURE,21.99604,OK
21410602,VIBRATION,0.04078075,OK
21411852,VIBRATION,-0.7507532,OK
21413105,VIBRATION,-0.5480584,OK
21414353,VIBRATION,-0.1775467,OK
21415602,VIBRATION,-0.07611957,OK
21416852,VIBRATION,0.1690522,OK
21418107,VIBRATION,0.5694497,OK
21419352,VIBRATION,0.3821033,OK
21420006,PRESSURE,101.2402,OK
21420006,TEMPERATURE,22.0585,OK
21420602,VIBRATION,0.08100054,OK
21421855,VIBRATION,-0.4342262,OK
21423102,VIBRATION,-0.2940909,OK
21424353,VIBRATION,-0.5864107,OK
21425602,VIBRATION,-0.3840624,OK
21426853,VIBRATION,-0.3924948,OK
21428102,VIBRATION,-0.7285274,OK
21429362,VIBRATION,-0.3358072,OK
21430000,PRESSURE,101.1839,OK
21430000,TEMPERATURE,21.87993,OK
21430602,VIBRATION,-0.434588,OK
21431852,VIBRATION,-0.5022379,OK
21433102,VIBRATION,-0.06626191,OK
21434352,VIBRATION,0.5193426,OK
21435602,VIBRATION,0.3688958,OK
21436852,VIBRATION,0.6332413,OK
21438102,VIBRATION,0.153808,OK
21439352,VIBRATION,-0.05628328,OK
21440000,PRESSURE,101.1776,OK
21440000,TEMPERATURE,21.95579,OK
21440602,VIBRATION,0.14864,OK
21441852,VIBRATION,0.3295838,OK
21443102,VIBRATION,0.3396942,OK
21444352,VIBRATION,0.4190376,OK
21445602,VIBRATION,1.011957,OK
21446852,VIBRATION,0.9336993,OK
21448102,VIBRATION,1.115731,OK
21449352,VIBRATION,1.331141,OK
21450000,PRESSURE,101.1929,OK
21450000,TEMPERATURE,21.90997,OK
21450602,VIBRATION,1.117408,OK
21451852,VIBRATION,0.8686929,OK
21453102,VIBRATION,0.4521687,OK
21454352,VIBRATION,0.5063509,OK
21455602,VIBRATION,0.3419612,OK
21456852,VIBRATION,-0.4738212,OK
21458102,VIBRATION,-0.6134884,OK
21459352,VIBRATION,-0.6125118,OK
21460000,PRESSURE,101.2006,OK
21460000,TEMPERATURE,21.81927,OK
21460602,VIBRATION,-0.483574,OK
21461852,VIBRATION,-0.7579261,OK
21463102,VIBRATION,-0.9932327,OK
21464352,VIBRATION,-0.5872474,OK
21465602,VIBRATION,-0.1504273,OK
21466852,VIBRATION,0.04899948,OK
21468102,VIBRATION,-0.06386893,OK
21469352,VIBRATION,0.176852,OK
21470000,PRESSURE,101.0717,OK
21470000,TEMPERATURE,21.91628,OK
21470602,VIBRATION,0.4840891,OK
21471852,VIBRATION,0.8271749,OK
21473102,VIBRATION,1.313202,OK
21474352,VIBRATION,1.050661,OK
21475602,VIBRATION,1.098742,OK
21476852,VIBRATION,1.118653,OK
21478102,VIBRATION,0.940169,OK
21479352,VIBRATION,1.478297,OK
21480000,PRESSURE,101.0317,OK
21480000,TEMPERATURE,21.80328,OK
21480602,VIBRATION,1.624371,OK
21481852,VIBRATION,1.155759,OK
21483102,VIBRATION,1.356324,OK
21484352,VIBRATION,1.320225,OK
21485602,VIBRATION,1.642479,OK
21486852,VIBRATION,1.270872,OK
21488102,VIBRATION,1.215499,OK
21489352,VIBRATION,1.295134,OK
21490000,PRESSURE,101.0559,OK
21490000,TEMPERATURE,21.82191,OK
21490602,VIBRATION,1.343282,OK
21491852,VIBRATION,1.263415,OK
21493102,VIBRATION,1.4655,OK
21494352,VIBRATION,1.639922,OK
21495602,VIBRATION,1.783425,OK
21496852,VIBRATION,1.502913,OK
21498102,VIBRATION,2.085449,OK
21499352,VIBRATION,1.699433,OK
21500000,PRESSURE,101.0167,OK
21500000,TEMPERATURE,21.71002,OK
21500602,VIBRATION,2.122043,OK
21501852,VIBRATION,2.002939,OK
21503102,VIBRATION,1.741569,OK
21504352,VIBRATION,1.52615,OK
21505602,VIBRATION,1.694969,OK
21506852,VIBRATION,1.774964,OK
21508102,VIBRATION,1.907517,OK
21509352,VIBRATION,2.203372,OK
21510000,PRESSURE,100.974,OK
21510000,TEMPERATURE,21.64534,OK
21510602,VIBRATION,2.29963,OK
21511852,VIBRATION,2.419844,OK
21513102,VIBRATION,2.908114,OK
21514352,VIBRATION,2.588871,OK
21515602,VIBRATION,2.652102,OK
21516852,VIBRATION,2.48452,OK
21518102,VIBRATION,2.468921,OK
21519352,VIBRATION,2.010796,OK
21520000,PRESSURE,100.9475,OK
21520000,TEMPERATURE,21.49113,OK
21520602,VIBRATION,2.28066,OK
21521852,VIBRATION,2.41889,OK
21523102,VIBRATION,2.296749,OK
21524352,VIBRATION,1.986276,OK
21525602,VIBRATION,1.711748,OK
21526852,VIBRATION,2.175146,OK
21528102,VIBRATION,2.350713,OK
21529352,VIBRATION,2.653627,OK
21530000,PRESSURE,100.921,OK
21530000,TEMPERATURE,21.38515,OK
21530602,VIBRATION,2.162252,OK
21531853,VIBRATION,2.402102,OK
21533102,VIBRATION,2.669164,OK
21534352,VIBRATION,2.452715,OK
21535602,VIBRATION,2.081417,OK
21536852,VIBRATION,1.819776,OK
21538102,VIBRATION,1.582186,OK
21539352,VIBRATION,1.339693,OK
21540000,PRESSURE,100.9821,OK
21540000,TEMPERATURE,21.24229,OK
21540602,VIBRATION,1.474747,OK
21541852,VIBRATION,1.284112,OK
21543102,VIBRATION,0.8980316,OK
21544352,VIBRATION,0.7565369,OK
21545602,VIBRATION,0.8342853,OK
21546852,VIBRATION,0.7557719,OK
21548102,VIBRATION,0.06536472,OK
21549352,VIBRATION,0.1815469,OK
21550000,PRESSURE,101.0076,OK
21550000,TEMPERATURE,21.26239,OK
21550602,VIBRATION,-0.07137176,OK
21551852,VIBRATION,-0.4117139,OK
21553102,VIBRATION,-0.4580318,OK
21554352,VIBRATION,-0.394019,OK
21555602,VIBRATION,-0.06587111,OK
21556852,VIBRATION,0.001558434,OK
21558102,VIBRATION,0.279477,OK
21559352,VIBRATION,0.1379623,OK
21560000,PRESSURE,101.0873,OK
21560000,TEMPERATURE,21.20989,OK
21560602,VIBRATION,0.8590309,OK
21561852,VIBRATION,0.5083512,OK
21563102,VIBRATION,0.9567726,OK
21564352,VIBRATION,1.5202,OK
21565602,VIBRATION,1.268249,OK
21566852,VIBRATION,0.7257555,OK
21568102,VIBRATION,0.5767833,OK
21569352,VIBRATION,0.8457094,OK
21570000,PRESSURE,101.0682,OK
21570000,TEMPERATURE,21.26663,OK
21570602,VIBRATION,1.099658,OK
21571852,VIBRATION,0.8343805,OK
21573102,VIBRATION,1.003257,OK
21574352,VIBRATION,1.067306,OK
21575602,VIBRATION,1.318373,OK
21576852,VIBRATION,1.580028,OK
21578102,VIBRATION,1.490292,OK
21579352,VIBRATION,1.246039,OK
21580000,PRESSURE,101.1473,OK
21580000,TEMPERATURE,21.25103,OK
21580602,VIBRATION,0.7308066,OK
21581852,VIBRATION,0.630856,OK
21583102,VIBRATION,0.2973207,OK
21584352,VIBRATION,0.4711184,OK
21585602,VIBRATION,0.9268613,OK
21586852,VIBRATION,0.7039281,OK
21588102,VIBRATION,0.782555,OK
21589352,VIBRATION,0.7169619,OK
21590000,PRESSURE,101.1463,OK
21590000,TEMPERATURE,21.42993,OK
21590602,VIBRATION,0.2066003,OK
21591852,VIBRATION,0.4967506,OK
21593102,VIBRATION,0.7280682,OK
21594352,VIBRATION,1.034168,OK
21595602,VIBRATION,0.7049959,OK
21596852,VIBRATION,0.4252089,OK
21598102,VIBRATION,0.5106096,OK
21599352,VIBRATION,1.151433,OK
21600000,PRESSURE,101.1831,OK
21600000,TEMPERATURE,21.5099,OK
21600602,VIBRATION,1.130828,OK
21601852,VIBRATION,1.004819,OK
21603102,VIBRATION,0.7556969,OK
21604352,VIBRATION,0.9639073,OK
21605602,VIBRATION,0.9042625,OK
21606852,VIBRATION,0.9189317,OK
21608102,VIBRATION,0.5899074,OK
21609352,VIBRATION,0.6522475,OK
21610000,PRESSURE,101.2039,OK
21610000,TEMPERATURE,21.49945,OK
21610602,VIBRATION,0.8481924,OK
21611852,VIBRATION,1.122646,OK
21613102,VIBRATION,1.096112,OK
21614352,VIBRATION,1.150233,OK
21615602,VIBRATION,1.371703,OK
21616852,VIBRATION,0.6976431,OK
21618102,VIBRATION,0.3375209,OK
21619352,VIBRATION,0.6215872,OK
21620000,PRESSURE,101.2182,OK
21620000,TEMPERATURE,21.57414,OK
21620602,VIBRATION,0.07182964,OK
21621852,VIBRATION,0.6174882,OK
21623102,VIBRATION,0.812386,OK
21624352,VIBRATION,1.187591,OK
21625602,VIBRATION,1.122439,OK
21626852,VIBRATION,0.7960826,OK
21628102,VIBRATION,0.9168385,OK
21629352,VIBRATION,1.307464,OK
21630000,PRESSURE,101.1628,OK
21630000,TEMPERATURE,21.77752,OK
21630602,VIBRATION,0.5859111,OK
21631852,VIBRATION,0.8916869,OK
21633102,VIBRATION,1.088915,OK
21634352,VIBRATION,1.073843,OK
21635602,VIBRATION,0.9895113,OK
21636852,VIBRATION,1.140247,OK
21638102,VIBRATION,0.7085653,OK
21639353,VIBRATION,0.7851962,OK
21640000,PRESSURE,101.0989,OK
21640000,TEMPERATURE,21.89743,OK
21640602,VIBRATION,0.1935167,OK
21641853,VIBRATION,0.4682659,OK
21643102,VIBRATION,0.197459,OK
21644352,VIBRATION,0.01297188,OK
21645602,VIBRATION,0.5833713,OK
21646852,VIBRATION,0.3216428,OK
21648102,VIBRATION,0.5176686,OK
21649352,VIBRATION,0.6814965,OK
21650000,PRESSURE,101.1567,OK
21650000,TEMPERATURE,21.96803,OK
21650602,VIBRATION,0.8632643,OK
21651852,VIBRATION,0.43817,OK
21653102,VIBRATION,0.3762736,OK
21654352,VIBRATION,0.3480711,OK
21655602,VIBRATION,0.2445841,OK
21656852,VIBRATION,0.4169077,OK
21658102,VIBRATION,0.02268496,OK
21659352,VIBRATION,0.2622526,OK
21660000,PRESSURE,101.1899,OK
21660000,TEMPERATURE,22.07502,OK
21660602,VIBRATION,0.5199171,OK
21661852,VIBRATION,0.005316542,OK
21663102,VIBRATION,-0.01646971,OK
21664352,VIBRATION,-0.2792144,OK
21665602,VIBRATION,-0.246044,OK
21666852,VIBRATION,-0.1242525,OK
21668102,VIBRATION,-0.3400162,OK
21669352,VIBRATION,-0.4969504,OK
21670000,PRESSURE,101.2904,OK
21670000,TEMPERATURE,22.03413,OK
21670602,VIBRATION,-0.4523187,OK
21671852,VIBRATION,-0.3084498,OK
21673102,VIBRATION,-0.3507648,OK
21674352,VIBRATION,-0.419614,OK
21675602,VIBRATION,-0.2919034,OK
21676852,VIBRATION,-0.1384101,OK
21678102,VIBRATION,-0.0695297,OK
21679352,VIBRATION,-0.02816422,OK
21680016,PRESSURE,101.304,OK
21680016,TEMPERATURE,22.32626,OK
21680602,VIBRATION,0.3743006,OK
21681852,VIBRATION,0.5539386,OK
21683102,VIBRATION,1.085163,OK
21684352,VIBRATION,0.84811,OK
21685602,VIBRATION,0.771305,OK
21686852,VIBRATION,0.555869,OK
21688102,VIBRATION,0.7566058,OK
21689352,VIBRATION,-0.08910772,OK
21690000,PRESSURE,101.3604,OK
21690000,TEMPERATURE,22.24675,OK
21690602,VIBRATION,0.02845062,OK
21691852,VIBRATION,0.524843,OK
21693102,VIBRATION,0.5066423,OK
21694352,VIBRATION,0.8947929,OK
21695602,VIBRATION,1.12609,OK
21696852,VIBRATION,0.6415454,OK
21698102,VIBRATION,0.7990564,OK
21699352,VIBRATION,0.3903967,OK
21700000,PRESSURE,101.3488,OK
21700000,TEMPERATURE,22.2084,OK
21700602,VIBRATION,0.4129253,OK
21701852,VIBRATION,0.6436439,OK
21703102,VIBRATION,0.2908061,OK
21704352,VIBRATION,0.2576215,OK
21705602,VIBRATION,0.5564095,OK
21706852,VIBRATION,0.698726,OK
21708102,VIBRATION,0.5501079,OK
21709352,VIBRATION,0.2940089,OK
21710000,PRESSURE,101.2811,OK
21710000,TEMPERATURE,22.18805,OK
21710602,VIBRATION,0.716794,OK
21711852,VIBRATION,0.7110642,OK
21713102,VIBRATION,0.4618195,OK
21714352,VIBRATION,0.7284866,OK
21715602,VIBRATION,0.3945385,OK
21716852,VIBRATION,-0.1090917,OK
21718102,VIBRATION,-0.1100273,OK
21719352,VIBRATION,-0.7423076,OK
21720000,PRESSURE,101.3546,OK
21720000,TEMPERATURE,22.16575,OK
21720602,VIBRATION,-0.1276105,OK
21721852,VIBRATION,-0.8043113,OK
21723102,VIBRATION,-0.6872346,OK
21724352,VIBRATION,-0.3691162,OK
21725602,VIBRATION,-0.6423221,OK
21726852,VIBRATION,-0.9977236,OK
21728102,VIBRATION,-0.6264575,OK
21729352,VIBRATION,-0.7395637,OK
21730000,PRESSURE,101.3386,OK
21730000,TEMPERATURE,21.94293,OK
21730602,VIBRATION,-0.7075498,OK
21731852,VIBRATION,-0.3197681,OK
21733102,VIBRATION,0.2140569,OK
21734352,VIBRATION,0.2448698,OK
21735602,VIBRATION,-0.04402052,OK
21736852,VIBRATION,-0.2538548,OK
21738102,VIBRATION,-0.6213,OK
21739352,VIBRATION,-0.6755616,OK
21740000,PRESSURE,101.3183,OK
21740000,TEMPERATURE,21.92863,OK
21740602,VIBRATION,-0.418388,OK
21741852,VIBRATION,-0.6414571,OK
21743102,VIBRATION,-0.4581713,OK
21744352,VIBRATION,-0.7630242,OK
21745602,VIBRATION,-0.5728728,OK
21746852,VIBRATION,-0.5902577,OK
21748102,VIBRATION,-0.7820997,OK
21749352,VIBRATION,-1.148319,OK
21750000,PRESSURE,101.3375,OK
21750000,TEMPERATURE,21.83936,OK
21750602,VIBRATION,-1.035215,OK
21751852,VIBRATION,-0.8772957,OK
21753102,VIBRATION,-0.9313929,OK
21754352,VIBRATION,-0.7622415,OK
21755602,VIBRATION,-0.615817,OK
21756852,VIBRATION,-1.033553,OK
21758102,VIBRATION,-0.6642967,OK
21759352,VIBRATION,-0.7181115,OK
21760000,PRESSURE,101.3689,OK
21760000,TEMPERATURE,21.67282,OK
21760602,VIBRATION,-0.4973339,OK
21761852,VIBRATION,-0.3940176,OK
21763102,VIBRATION,0.01901676,OK
21764352,VIBRATION,0.01303688,OK
21765602,VIBRATION,-0.1826319,OK
21766852,VIBRATION,-0.1797634,OK
21768102,VIBRATION,-0.1353994,OK
21769352,VIBRATION,0.2044175,OK
21770000,PRESSURE,101.3245,OK
21770000,TEMPERATURE,21.62249,OK
21770602,VIBRATION,0.4404431,OK
21771852,VIBRATION,0.1958112,OK
21773102,VIBRATION,0.7836136,OK
21774352,VIBRATION,1.079765,OK
21775602,VIBRATION,0.6333576,OK
21776852,VIBRATION,0.7286643,OK
21778102,VIBRATION,0.5372923,OK
21779364,VIBRATION,0.4662555,OK
21780000,PRESSURE,101.3093,OK
21780000,TEMPERATURE,21.52065,OK
21780602,VIBRATION,0.271613,OK
21781852,VIBRATION,0.4805404,OK
21783102,VIBRATION,0.4878359,OK
21784352,VIBRATION,0.4369307,OK
21785602,VIBRATION,0.7543445,OK
21786852,VIBRATION,0.7037669,OK
21788102,VIBRATION,0.737186,OK
21789352,VIBRATION,0.6212052,OK
21790000,PRESSURE,101.3098,OK
21790000,TEMPERATURE,21.44377,OK
21790602,VIBRATION,0.4425577,OK
21791852,VIBRATION,0.4098544,OK
21793102,VIBRATION,-0.2766686,OK
21794352,VIBRATION,-0.3045746,OK
21795602,VIBRATION,-0.5300056,OK
21796852,VIBRATION,-0.4971273,OK
21798102,VIBRATION,-0.8271608,OK
21799352,VIBRATION,-0.3436043,OK
21800000,PRESSURE,101.3826,OK
21800000,TEMPERATURE,21.47066,OK
21800602,VIBRATION,-0.5746238,OK
21801852,VIBRATION,-0.4122004,OK
21803102,VIBRATION,-0.3286435,OK
21804352,VIBRATION,-0.6472417,OK
21805602,VIBRATION,-0.4448454,OK
21806852,VIBRATION,-0.5310571,OK
21808102,VIBRATION,-0.6170455,OK
21809352,VIBRATION,-0.2118507,OK
21810000,PRESSURE,101.3946,OK
21810000,TEMPERATURE,21.45616,OK
21810602,VIBRATION,-0.5492785,OK
21811915,VIBRATION,-0.3522254,OK
21813102,VIBRATION,-0.7095074,OK
21814352,VIBRATION,-1.355531,OK
21815602,VIBRATION,-0.8414195,OK
21816852,VIBRATION,-0.9795768,OK
21818102,VIBRATION,-1.224859,OK
21819352,VIBRATION,-1.557181,OK
21820000,PRESSURE,101.4034,OK
21820000,TEMPERATURE,21.47524,OK
21820602,VIBRATION,-1.696124,OK
21821852,VIBRATION,-1.460102,OK
21823102,VIBRATION,-1.382467,OK
21824352,VIBRATION,-1.575372,OK
21825602,VIBRATION,-1.385031,OK
21826852,VIBRATION,-1.077829,OK
21828107,VIBRATION,-0.5796893,OK
21829427,VIBRATION,-0.2905822,OK
21830000,PRESSURE,101.3518,OK
21830000,TEMPERATURE,21.65542,OK
21830602,VIBRATION,-0.3014338,OK
21831852,VIBRATION,-0.254105,OK
21833102,VIBRATION,0.02885103,OK
21834352,VIBRATION,-0.2460045,OK
21835602,VIBRATION,-0.2868712,OK
21836852,VIBRATION,-0.2287254,OK
21838102,VIBRATION,0.3078669,OK
21839352,VIBRATION,0.002526771,OK
21840000,PRESSURE,101.3918,OK
21840000,TEMPERATURE,21.60657,OK
21840602,VIBRATION,0.4604543,OK
21841852,VIBRATION,0.2115224,OK
21843102,VIBRATION,0.2709887,OK
21844352,VIBRATION,0.2726433,OK
21845602,VIBRATION,0.6983052,OK
21846853,VIBRATION,0.06644812,OK
21848102,VIBRATION,0.1849802,OK
21849352,VIBRATION,-0.1287306,OK
21850000,PRESSURE,101.2712,OK
21850000,TEMPERATURE,21.61877,OK
21850602,VIBRATION,-0.09883461,OK
21851852,VIBRATION,0.2010025,OK
21853102,VIBRATION,-0.06941266,OK
21854352,VIBRATION,-0.5391323,OK
21855602,VIBRATION,-0.1603356,OK
21856852,VIBRATION,0.03086517,OK
21858102,VIBRATION,0.1990832,OK
21859352,VIBRATION,0.2950118,OK
21860000,PRESSURE,101.2846,OK
21860000,TEMPERATURE,21.65738,OK
21860602,VIBRATION,0.4245811,OK
21861852,VIBRATION,0.2421074,OK
21863102,VIBRATION,0.2766003,OK
21864352,VIBRATION,0.6789789,OK
21865602,VIBRATION,0.7889118,OK
21866852,VIBRATION,0.7562507,OK
21868102,VIBRATION,1.178607,OK
21869352,VIBRATION,0.5716426,OK
21870000,PRESSURE,101.2315,OK
21870000,TEMPERATURE,21.85724,OK
21870602,VIBRATION,0.8540902,OK
21871852,VIBRATION,0.9812787,OK
21873102,VIBRATION,0.8060589,OK
21874352,VIBRATION,0.5106691,OK
21875602,VIBRATION,0.2291347,OK
21876852,VIBRATION,-0.3857221,OK
21878102,VIBRATION,-0.1127031,OK
21879352,VIBRATION,0.3610452,OK
21880000,PRESSURE,101.2517,OK
21880000,TEMPERATURE,21.82675,OK
21880602,VIBRATION,0.2916685,OK
21881852,VIBRATION,0.0732878,OK
21883102,VIBRATION,0.137423,OK
21884352,VIBRATION,0.2968214,OK
21885602,VIBRATION,-0.0529609,OK
21886852,VIBRATION,0.06085091,OK
21888102,VIBRATION,0.1016659,OK
21889352,VIBRATION,-0.1085451,OK
21890000,PRESSURE,101.2093,OK
21890000,TEMPERATURE,21.88794,OK
21890602,VIBRATION,0.02687437,OK
21891852,VIBRATION,-0.4106245,OK
21893102,VIBRATION,-0.1031064,OK
21894352,VIBRATION,0.3235655,OK
21895603,VIBRATION,0.4153807,OK
21896852,VIBRATION,0.00177278,OK
21898102,VIBRATION,0.1387576,OK
21899352,VIBRATION,0.1212426,OK
21900000,PRESSURE,101.2198,OK
21900000,TEMPERATURE,21.96109,OK
21900602,VIBRATION,-0.02894501,OK
21901852,VIBRATION,0.0267531,OK
21903102,VIBRATION,0.063464,OK
21904352,VIBRATION,0.1433237,OK
21905602,VIBRATION,-0.00287943,OK
21906852,VIBRATION,-0.4659898,OK
21908102,VIBRATION,-0.8303035,OK
21909352,VIBRATION,-0.5969958,OK
21910000,PRESSURE,101.1954,OK
21910000,TEMPERATURE,21.99129,OK
21910602,VIBRATION,-0.3067503,OK
21911852,VIBRATION,-0.2351382,OK
21913102,VIBRATION,0.06610355,OK
21914352,VIBRATION,0.191455,OK
21915602,VIBRATION,0.2232689,OK
21916852,VIBRATION,0.03354142,OK
21918102,VIBRATION,0.2477043,OK
21919352,VIBRATION,0.4944569,OK
21920000,PRESSURE,101.2745,OK
21920000,TEMPERATURE,22.05578,OK
21920605,VIBRATION,0.6448761,OK
21921852,VIBRATION,1.069511,OK
21923102,VIBRATION,1.262476,OK
21924352,VIBRATION,1.444363,OK
21925602,VIBRATION,1.694341,OK
21926852,VIBRATION,1.523927,OK
21928194,VIBRATION,1.787588,OK
21929352,VIBRATION,1.630217,OK
21930001,PRESSURE,101.212,OK
21930001,TEMPERATURE,22.10037,OK
21930603,VIBRATION,1.65278,OK
21931852,VIBRATION,2.17496,OK
21933102,VIBRATION,1.939478,OK
21934352,VIBRATION,2.050156,OK
21935602,VIBRATION,2.00496,OK
21936852,VIBRATION,1.51414,OK
21938102,VIBRATION,1.605744,OK
21939352,VIBRATION,1.288339,OK
21940000,PRESSURE,101.2156,OK
21940000,TEMPERATURE,22.06059,OK
21940602,VIBRATION,1.309843,OK
21941852,VIBRATION,1.293878,OK
21943102,VIBRATION,1.494367,OK
21944352,VIBRATION,1.536495,OK
21945602,VIBRATION,1.12451,OK
21946852,VIBRATION,1.127591,OK
21948102,VIBRATION,1.245175,OK
21949352,VIBRATION,1.3803,OK
21950000,PRESSURE,101.2886,OK
21950000,TEMPERATURE,21.89461,OK
21950602,VIBRATION,1.273983,OK
21951852,VIBRATION,1.237379,OK
21953102,VIBRATION,1.577601,OK
21954352,VIBRATION,1.762595,OK
21955602,VIBRATION,1.557946,OK
21956852,VIBRATION,1.17788,OK
21958102,VIBRATION,0.9522172,OK
21959352,VIBRATION,1.016787,OK
21960000,PRESSURE,101.2646,OK
21960000,TEMPERATURE,21.9209,OK
21960602,VIBRATION,1.233545,OK
21961852,VIBRATION,0.922189,OK
21963102,VIBRATION,0.4420476,OK
21964352,VIBRATION,-0.005459432,OK
21965602,VIBRATION,-0.1451488,OK
21966852,VIBRATION,-0.0168142,OK
21968102,VIBRATION,-0.3984973,OK
21969352,VIBRATION,-0.3407128,OK
21970000,PRESSURE,101.3275,OK
21970000,TEMPERATURE,21.99398,OK
21970602,VIBRATION,0.3882218,OK
21971852,VIBRATION,0.1124574,OK
21973102,VIBRATION,-0.3105477,OK
21974352,VIBRATION,-0.4043814,OK
21975602,VIBRATION,-0.4388875,OK
21976852,VIBRATION,-0.7784518,OK
21978102,VIBRATION,-0.608058,OK
21979352,VIBRATION,-0.5234122,OK
21980000,PRESSURE,101.361,OK
21980000,TEMPERATURE,22.05666,OK
21980602,VIBRATION,-0.8991275,OK
21981852,VIBRATION,-0.3918193,OK
21983102,VIBRATION,-0.5652816,OK
21984352,VIBRATION,-0.506355,OK
21985602,VIBRATION,-0.9112732,OK
21986852,VIBRATION,-0.5635483,OK
21988102,VIBRATION,-0.6697009,OK
21989352,VIBRATION,-0.8005928,OK
21990000,PRESSURE,101.302,OK
21990000,TEMPERATURE,22.04437,OK
21990602,VIBRATION,-0.436323,OK
21991852,VIBRATION,-0.3432029,OK
21993102,VIBRATION,-0.3343775,OK
21994352,VIBRATION,-0.899001,OK
21995602,VIBRATION,-0.5610479,OK
21996852,VIBRATION,-0.586085,OK
21998102,VIBRATION,-0.5682534,OK
21999352,VIBRATION,-0.8467547,OK
22000000,PRESSURE,101.2822,OK
22000000,TEMPERATURE,22.07364,OK
22000000,HUMIDITY,44.40193,OK
22000602,VIBRATION,-0.6161612,OK
22001852,VIBRATION,0.1492834,OK
22003102,VIBRATION,0.3939732,OK
22004357,VIBRATION,0.02655126,OK
22005602,VIBRATION,0.1788712,OK
22006852,VIBRATION,0.0384064,OK
22008102,VIBRATION,-0.2762695,OK
22009352,VIBRATION,-0.4131982,OK
22010000,PRESSURE,101.2407,OK
22010000,TEMPERATURE,22.06057,OK
22010602,VIBRATION,-0.8382884,OK
22011852,VIBRATION,-0.4315254,OK
22013102,VIBRATION,-0.2200297,OK
22014352,VIBRATION,0.2060809,OK
22015602,VIBRATION,-0.2905924,OK
22016852,VIBRATION,-0.6233215,OK
22018102,VIBRATION,-0.3172176,OK
22019352,VIBRATION,-0.6988939,OK
22020000,PRESSURE,101.1615,OK
22020000,TEMPERATURE,22.04196,OK
22020602,VIBRATION,-0.7892094,OK
22021852,VIBRATION,-0.8446662,OK
22023102,VIBRATION,-0.9985206,OK
22024352,VIBRATION,-1.491443,OK
22025602,VIBRATION,-1.053033,OK
22026852,VIBRATION,-0.9582954,OK
22028124,VIBRATION,-0.7600206,OK
22029352,VIBRATION,-1.204432,OK
22030000,PRESSURE,101.1546,OK
22030000,TEMPERATURE,21.88123,OK
22030602,VIBRATION,-1.268569,OK
22031852,VIBRATION,-0.9726895,OK
22033102,VIBRATION,-1.179528,OK
22034352,VIBRATION,-0.8647474,OK
22035602,VIBRATION,-0.5752167,OK
22036852,VIBRATION,-0.1006541,OK
22038102,VIBRATION,0.150433,OK
22039352,VIBRATION,0.4301983,OK
22040000,PRESSURE,101.1924,OK
22040000,TEMPERATURE,21.75349,OK
22040602,VIBRATION,1.095578,OK
22041852,VIBRATION,0.7847659,OK
22043102,VIBRATION,0.5580614,OK
22044352,VIBRATION,0.4918828,OK
22045602,VIBRATION,0.3602948,OK
22046852,VIBRATION,0.2437403,OK
22048103,VIBRATION,-0.1708744,OK
22049352,VIBRATION,0.1904078,OK
22050000,PRESSURE,101.1708,OK
22050000,TEMPERATURE,21.81274,OK
22050602,VIBRATION,0.5942399,OK
22051852,VIBRATION,0.02216316,OK
22053102,VIBRATION,-0.0594786,OK
22054352,VIBRATION,0.4015974,OK
22055602,VIBRATION,0.1963505,OK
22056852,VIBRATION,0.3054971,OK
22058102,VIBRATION,0.2961617,OK
22059352,VIBRATION,0.436331,OK
22060000,PRESSURE,101.1988,OK
22060000,TEMPERATURE,21.9387,OK
22060602,VIBRATION,0.264149,OK
22061854,VIBRATION,0.09254396,OK
22063102,VIBRATION,0.1558938,OK
22064352,VIBRATION,0.2739644,OK
22065616,VIBRATION,0.4290874,OK
22066852,VIBRATION,0.348285,OK
22068119,VIBRATION,0.4834115,OK
22069352,VIBRATION,0.1343096,OK
22070000,PRESSURE,101.1699,OK
22070000,TEMPERATURE,22.13452,OK
22070602,VIBRATION,0.2416199,OK
22071852,VIBRATION,0.5529295,OK
22073102,VIBRATION,0.6967588,OK
22074352,VIBRATION,0.7763825,OK
22075602,VIBRATION,0.9080598,OK
22076852,VIBRATION,0.9293078,OK
22078102,VIBRATION,0.7464305,OK
22079352,VIBRATION,0.2459684,OK
22080000,PRESSURE,101.1795,OK
22080000,TEMPERATURE,22.06379,OK
22080602,VIBRATION,0.07984678,OK
22081852,VIBRATION,-0.2735779,OK
22083102,VIBRATION,0.2473074,OK
22084352,VIBRATION,0.5427098,OK
22085602,VIBRATION,0.3091749,OK
22086852,VIBRATION,0.4221149,OK
22088102,VIBRATION,-0.005341187,OK
22089352,VIBRATION,-0.3038755,OK
22090000,PRESSURE,101.222,OK
22090000,TEMPERATURE,21.95998,OK
22090602,VIBRATION,-0.2008037,OK
22091852,VIBRATION,-0.369129,OK
22093102,VIBRATION,-0.4428658,OK
22094352,VIBRATION,-0.8018142,OK
22095602,VIBRATION,-0.8211619,OK
22096852,VIBRATION,-0.8577347,OK
22098102,VIBRATION,-0.9555503,OK
22099352,VIBRATION,-1.054338,OK
22100000,PRESSURE,101.2496,OK
22100000,TEMPERATURE,21.89484,OK
22100602,VIBRATION,-1.943891,OK
22101852,VIBRATION,-2.066301,OK
22103102,VIBRATION,-2.019619,OK
22104352,VIBRATION,-2.149742,OK
22105602,VIBRATION,-2.078332,OK
22106852,VIBRATION,-2.204299,OK
22108102,VIBRATION,-2.196593,OK
22109352,VIBRATION,-1.32388,OK
22110000,PRESSURE,101.2656,OK
22110000,TEMPERATURE,21.98696,OK
22110602,VIBRATION,-1.374096,OK
22111852,VIBRATION,-1.356347,OK
22113102,VIBRATION,-1.566811,OK
22114352,VIBRATION,-1.446428,OK
22115602,VIBRATION,-1.788551,OK
22116852,VIBRATION,-2.143619,OK
22118102,VIBRATION,-1.295726,OK
22119352,VIBRATION,-1.263319,OK
22120000,PRESSURE,101.2016,OK
22120000,TEMPERATURE,22.13762,OK
22120602,VIBRATION,-1.548804,OK
22121852,VIBRATION,-1.555812,OK
22123102,VIBRATION,-1.65279,OK
22124352,VIBRATION,-1.570767,OK
22125602,VIBRATION,-1.519992,OK
22126852,VIBRATION,-1.052066,OK
22128102,VIBRATION,-0.481751,OK
22129352,VIBRATION,-0.6970306,OK
22130000,PRESSURE,101.0693,OK
22130000,TEMPERATURE,22.02364,OK
22130602,VIBRATION,-0.6809788,OK
22131852,VIBRATION,-0.6442327,OK
22133102,VIBRATION,-0.7417145,OK
22134352,VIBRATION,-0.09628297,OK
22135602,VIBRATION,0.3835344,OK
22136852,VIBRATION,0.1557331,OK
22138102,VIBRATION,0.1043151,OK
22139352,VIBRATION,0.510702,OK
22140000,PRESSURE,101.072,OK
22140000,TEMPERATURE,22.17616,OK
22140602,VIBRATION,-0.1709383,OK
22141852,VIBRATION,-0.04258652,OK
22143102,VIBRATION,0.04751992,OK
22144352,VIBRATION,0.0335095,OK
22145602,VIBRATION,0.3357047,OK
22146852,VIBRATION,0.2164596,OK
22148102,VIBRATION,0.3260081,OK
22149352,VIBRATION,0.5902049,OK
22150000,PRESSURE,101.0912,OK
22150000,TEMPERATURE,22.25424,OK
22150602,VIBRATION,0.3628242,OK
22151852,VIBRATION,0.135451,OK
22153102,VIBRATION,0.04605185,OK
22154352,VIBRATION,0.1737801,OK
22155602,VIBRATION,0.05871599,OK
22156852,VIBRATION,0.2684716,OK
22158102,VIBRATION,0.0667063,OK
22159352,VIBRATION,0.579788,OK
22160000,PRESSURE,101.1358,OK
22160000,TEMPERATURE,22.18896,OK
22160602,VIBRATION,0.1499974,OK
22161852,VIBRATION,0.1113456,OK
22163102,VIBRATION,-0.383025,OK
22164352,VIBRATION,-0.7778796,OK
22165602,VIBRATION,-0.3902459,OK
22166852,VIBRATION,-0.3286904,OK
22168102,VIBRATION,-0.09827492,OK
22169352,VIBRATION,-0.2672724,OK
22170000,PRESSURE,101.2137,OK
22170000,TEMPERATURE,22.09954,OK
22170602,VIBRATION,-0.3553679,OK
22171852,VIBRATION,-0.4007372,OK
22173102,VIBRATION,-0.4698773,OK
22174352,VIBRATION,-0.2062484,OK
22175602,VIBRATION,-0.0616916,OK
22176852,VIBRATION,-0.02219561,OK
22178102,VIBRATION,-0.2236504,OK
22179352,VIBRATION,-0.2584924,OK
22180000,PRESSURE,101.3254,OK
22180000,TEMPERATURE,22.01613,OK
22180602,VIBRATION,-0.01355647,OK
22181852,VIBRATION,-0.4017036,OK
22183102,VIBRATION,0.1358181,OK
22184352,VIBRATION,-0.1529783,OK
22185602,VIBRATION,-1.106633,OK
22186852,VIBRATION,-1.656239,OK
22188102,VIBRATION,-2.315611,OK
22189352,VIBRATION,-1.955527,OK
22190000,PRESSURE,101.3395,OK
22190000,TEMPERATURE,21.94791,OK
22190602,VIBRATION,-1.318121,OK
22191852,VIBRATION,-1.305296,OK
22193102,VIBRATION,-1.13866,OK
22194352,VIBRATION,-0.9978187,OK
22195602,VIBRATION,-1.358054,OK
22196852,VIBRATION,-1.352034,OK
22198102,VIBRATION,-1.269906,OK
22199352,VIBRATION,-1.389704,OK
22200000,PRESSURE,101.3342,OK
22200000,TEMPERATURE,21.72306,OK
22200602,VIBRATION,-1.386999,OK
22201852,VIBRATION,-1.359558,OK
22203102,VIBRATION,-1.405907,OK
22204352,VIBRATION,-1.671929,OK
22205602,VIBRATION,-1.492505,OK
22206852,VIBRATION,-1.768079,OK
22208102,VIBRATION,-1.892493,OK
22209352,VIBRATION,-1.572657,OK
22210000,PRESSURE,101.2415,OK
22210000,TEMPERATURE,21.87581,OK
22210602,VIBRATION,-1.424736,OK
22211852,VIBRATION,-1.542411,OK
22213102,VIBRATION,-1.590899,OK
22214352,VIBRATION,-1.459616,OK
22215602,VIBRATION,-1.511949,OK
22216852,VIBRATION,-1.626714,OK
22218102,VIBRATION,-1.73025,OK
22219352,VIBRATION,-1.745523,OK
22220000,PRESSURE,101.3208,OK
22220000,TEMPERATURE,21.91663,OK
22220602,VIBRATION,-1.842249,OK
22221852,VIBRATION,-1.573171,OK
22223102,VIBRATION,-1.556051,OK
22224352,VIBRATION,-1.678463,OK
22225602,VIBRATION,-1.470342,OK
22226852,VIBRATION,-1.924484,OK
22228102,VIBRATION,-1.819163,OK
22229352,VIBRATION,-1.128248,OK
22230000,PRESSURE,101.2974,OK
22230000,TEMPERATURE,21.90017,OK
22230602,VIBRATION,-1.443218,OK
22231852,VIBRATION,-1.003605,OK
22233102,VIBRATION,-1.091619,OK
22234352,VIBRATION,-1.076123,OK
22235602,VIBRATION,-0.1309501,OK
22236852,VIBRATION,-0.2001086,OK
22238102,VIBRATION,0.00659209,OK
22239352,VIBRATION,-0.1797995,OK
22240000,PRESSURE,101.3079,OK
22240000,TEMPERATURE,22.02651,OK
22240602,VIBRATION,-0.6538852,OK
22241852,VIBRATION,-0.9198151,OK
22243102,VIBRATION,-0.7972796,OK
22244352,VIBRATION,-1.712978,OK
22245602,VIBRATION,-2.0192,OK
22246852,VIBRATION,-1.630882,OK
22248102,VIBRATION,-1.526155,OK
22249352,VIBRATION,-1.424174,OK
22250000,PRESSURE,101.3393,OK
22250000,TEMPERATURE,22.12234,OK
22250602,VIBRATION,-1.168442,OK
22251852,VIBRATION,-1.31514,OK
22253102,VIBRATION,-1.162615,OK
22254352,VIBRATION,-1.304399,OK
22255602,VIBRATION,-0.9501856,OK
22256852,VIBRATION,-0.2552972,OK
22258102,VIBRATION,-0.2535278,OK
22259352,VIBRATION,-0.1538962,OK
22260000,PRESSURE,101.3207,OK
22260000,TEMPERATURE,22.09911,OK
22260602,VIBRATION,-0.2308104,OK
22261852,VIBRATION,0.2498277,OK
22263102,VIBRATION,-0.1625409,OK
22264352,VIBRATION,-0.4251607,OK
22265602,VIBRATION,-0.2808967,OK
22266852,VIBRATION,-0.7460721,OK
22268102,VIBRATION,-0.9562128,OK
22269352,VIBRATION,-1.59223,OK
22270000,PRESSURE,101.3183,OK
22270000,TEMPERATURE,22.17434,OK
22270602,VIBRATION,-1.691376,OK
22271852,VIBRATION,-1.5599,OK
22273102,VIBRATION,-0.9921701,OK
22274352,VIBRATION,-0.1559167,OK
22275602,VIBRATION,-0.6630087,OK
22276852,VIBRATION,-0.4345656,OK
22278102,VIBRATION,-0.3146603,OK
22279352,VIBRATION,-0.2668128,OK
22280000,PRESSURE,101.292,OK
22280000,TEMPERATURE,22.3075,OK
22280602,VIBRATION,-0.1957935,OK
22281852,VIBRATION,-0.2309945,OK
22283102,VIBRATION,-0.4673924,OK
22284352,VIBRATION,-0.05564043,OK
22285602,VIBRATION,-1.523305,OK
22286852,VIBRATION,-1.370511,OK
22288102,VIBRATION,-1.224831,OK
22289352,VIBRATION,-0.7318899,OK
22290000,PRESSURE,101.3479,OK
22290000,TEMPERATURE,22.30217,OK
22290602,VIBRATION,-0.7202906,OK
22291852,VIBRATION,-0.8875425,OK
22293102,VIBRATION,-0.6794033,OK
22294352,VIBRATION,-0.06012956,OK
22295602,VIBRATION,-0.2585891,OK
22296852,VIBRATION,-0.2799617,OK
22298102,VIBRATION,-0.5277931,OK
22299352,VIBRATION,-0.623915,OK
22300000,PRESSURE,101.3471,OK
22300000,TEMPERATURE,22.15732,OK
22300671,VIBRATION,-0.2812855,OK
22301852,VIBRATION,0.04714555,OK
22303102,VIBRATION,0.3685964,OK
22304352,VIBRATION,0.5737164,OK
22305602,VIBRATION,0.4024753,OK
22306852,VIBRATION,0.5643366,OK
22308102,VIBRATION,0.6043171,OK
22309352,VIBRATION,0.614271,OK
22310000,PRESSURE,101.3237,OK
22310000,TEMPERATURE,22.05225,OK
22310602,VIBRATION,0.6081281,OK
22311852,VIBRATION,0.5789227,OK
22313102,VIBRATION,0.3530938,OK
22314352,VIBRATION,0.2787531,OK
22315602,VIBRATION,0.3429896,OK
22316852,VIBRATION,0.8844231,OK
22318102,VIBRATION,1.190253,OK
22319352,VIBRATION,0.6783921,OK
22320000,PRESSURE,101.2475,OK
22320000,TEMPERATURE,22.13581,OK
22320602,VIBRATION,1.032195,OK
22321852,VIBRATION,0.9754191,OK
22323102,VIBRATION,0.6136926,OK
22324352,VIBRATION,1.001209,OK
22325602,VIBRATION,0.9410068,OK
22326852,VIBRATION,1.420107,OK
22328102,VIBRATION,1.398605,OK
22329352,VIBRATION,1.246057,OK
22330000,PRESSURE,101.2331,OK
22330000,TEMPERATURE,22.02786,OK
22330602,VIBRATION,1.078107,OK
22331852,VIBRATION,1.250746,OK
22333102,VIBRATION,1.389941,OK
22334352,VIBRATION,1.154289,OK
22335602,VIBRATION,1.709196,OK
22336852,VIBRATION,1.178764,OK
22338102,VIBRATION,0.9133361,OK
22339352,VIBRATION,0.6371349,OK
22340000,PRESSURE,101.2501,OK
22340000,TEMPERATURE,22.06413,OK
22340602,VIBRATION,0.724732,OK
22341852,VIBRATION,0.6312694,OK
22343102,VIBRATION,0.7649874,OK
22344352,VIBRATION,1.151064,OK
22345602,VIBRATION,1.394401,OK
22346852,VIBRATION,1.052799,OK
22348102,VIBRATION,0.6653079,OK
22349352,VIBRATION,0.5380004,OK
22350000,PRESSURE,101.2414,OK
22350000,TEMPERATURE,21.97677,OK
22350602,VIBRATION,0.4466479,OK
22351852,VIBRATION,0.8563111,OK
22353102,VIBRATION,1.162363,OK
22354352,VIBRATION,1.503174,OK
22355602,VIBRATION,1.865195,OK
22356852,VIBRATION,1.640759,OK
22358102,VIBRATION,1.40674,OK
22359352,VIBRATION,1.049204,OK
22360000,PRESSURE,101.1843,OK
22360000,TEMPERATURE,21.97112,OK
22360602,VIBRATION,1.190507,OK
22361852,VIBRATION,1.308868,OK
22363102,VIBRATION,2.075424,OK
22364352,VIBRATION,1.306267,OK
22365602,VIBRATION,1.417518,OK
22366852,VIBRATION,1.486505,OK
22368116,VIBRATION,1.305186,OK
22369352,VIBRATION,1.338164,OK
22370000,PRESSURE,101.2984,OK
22370000,TEMPERATURE,21.83959,OK
22370602,VIBRATION,1.390902,OK
22371852,VIBRATION,0.8895943,OK
22373102,VIBRATION,0.1379876,OK
22374352,VIBRATION,0.09696564,OK
22375602,VIBRATION,-0.1055979,OK
22376852,VIBRATION,-0.294388,OK
22378102,VIBRATION,-0.1029675,OK
22379352,VIBRATION,-0.2888335,OK
22380000,PRESSURE,101.2497,OK
22380000,TEMPERATURE,21.63585,OK
22380602,VIBRATION,-0.3040595,OK
22381852,VIBRATION,-0.6468707,OK
22383102,VIBRATION,-0.3628305,OK
22384352,VIBRATION,-0.4100929,OK
22385602,VIBRATION,-0.1752839,OK
22386852,VIBRATION,0.2231604,OK
22388102,VIBRATION,0.3275211,OK
22389352,VIBRATION,-0.07088135,OK
22390000,PRESSURE,101.2266,OK
22390000,TEMPERATURE,21.47436,OK
22390602,VIBRATION,-0.2245565,OK
22391852,VIBRATION,-0.1249018,OK
22393102,VIBRATION,-0.6651112,OK
22394352,VIBRATION,0.05578057,OK
22395602,VIBRATION,0.02299725,OK
22396852,VIBRATION,-0.1875727,OK
22398102,VIBRATION,-0.9657636,OK
22399352,VIBRATION,-0.9446262,OK
22400000,PRESSURE,101.2482,OK
22400000,TEMPERATURE,21.51253,OK
22400602,VIBRATION,-0.9790016,OK
22401852,VIBRATION,-1.101149,OK
22403102,VIBRATION,-0.8785063,OK
22404352,VIBRATION,-0.7129066,OK
22405603,VIBRATION,-1.278722,OK
22406852,VIBRATION,-1.315918,OK
22408102,VIBRATION,-1.969899,OK
22409352,VIBRATION,-2.330455,OK
22410000,PRESSURE,101.1772,OK
22410000,TEMPERATURE,21.62101,OK
22410602,VIBRATION,-2.090777,OK
22411852,VIBRATION,-2.201408,OK
22413102,VIBRATION,-2.530285,OK
22414352,VIBRATION,-1.887206,OK
22415602,VIBRATION,-1.819707,OK
22416852,VIBRATION,-1.640557,OK
22418102,VIBRATION,-1.275781,OK
22419352,VIBRATION,-1.022068,OK
22420000,PRESSURE,101.186,OK
22420000,TEMPERATURE,21.57353,OK
22420602,VIBRATION,-1.392278,OK
22421852,VIBRATION,-0.8995018,OK
22423102,VIBRATION,-1.379485,OK
22424352,VIBRATION,-1.67479,OK
22425602,VIBRATION,-1.229732,OK
22426852,VIBRATION,-0.5889799,OK
22428102,VIBRATION,-0.6186457,OK
22429352,VIBRATION,-0.8983421,OK
22430000,PRESSURE,101.1628,OK
22430000,TEMPERATURE,21.62815,OK
22430602,VIBRATION,-0.6477609,OK
22431852,VIBRATION,-0.3502853,OK
22433102,VIBRATION,-0.3072268,OK
22434352,VIBRATION,-0.01590969,OK
22435602,VIBRATION,0.3104,OK
22436852,VIBRATION,0.2765024,OK
22438102,VIBRATION,0.2172879,OK
22439352,VIBRATION,-0.166482,OK
22440000,PRESSURE,101.1803,OK
22440000,TEMPERATURE,21.78168,OK
22440602,VIBRATION,0.9191624,OK
22441852,VIBRATION,1.056924,OK
22443102,VIBRATION,0.7203834,OK
22444352,VIBRATION,0.08653467,OK
22445602,VIBRATION,0.3943396,OK
22446852,VIBRATION,0.4230889,OK
22448102,VIBRATION,0.7657051,OK
22449352,VIBRATION,1.039535,OK
22450000,PRESSURE,101.087,OK
22450000,TEMPERATURE,21.62511,OK
22450602,VIBRATION,0.6204555,OK
22451852,VIBRATION,1.241632,OK
22453102,VIBRATION,1.314817,OK
22454352,VIBRATION,1.34504,OK
22455602,VIBRATION,1.501485,OK
22456852,VIBRATION,1.057333,OK
22458139,VIBRATION,1.431723,OK
22459513,VIBRATION,1.631393,OK
22460475,PRESSURE,101.175,OK
22460475,TEMPERATURE,21.69437,OK
22460604,VIBRATION,2.179236,OK
22462991,VIBRATION,1.995382,OK
22463102,VIBRATION,1.907483,OK
22464352,VIBRATION,2.134023,OK
22465602,VIBRATION,2.217734,OK
22466852,VIBRATION,2.081084,OK
22468102,VIBRATION,1.97564,OK
22469352,VIBRATION,1.764029,OK
22470000,PRESSURE,101.1098,OK
22470000,TEMPERATURE,21.93642,OK
22470602,VIBRATION,1.424641,OK
22471852,VIBRATION,1.161709,OK
22473105,VIBRATION,1.214826,OK
22474352,VIBRATION,1.232183,OK
22475602,VIBRATION,1.093031,OK
22476852,VIBRATION,1.171653,OK
22478102,VIBRATION,0.5404034,OK
22479352,VIBRATION,0.2061796,OK
22480000,PRESSURE,101.0581,OK
22480000,TEMPERATURE,21.85873,OK
22480602,VIBRATION,-0.1484005,OK
22481910,VIBRATION,0.07293265,OK
22483102,VIBRATION,0.5902013,OK
22484353,VIBRATION,0.3634534,OK
22485602,VIBRATION,0.2963819,OK
22486852,VIBRATION,-0.388224,OK
22488102,VIBRATION,-0.9490034,OK
22489352,VIBRATION,-0.5820045,OK
22490000,PRESSURE,101.106,OK
22490000,TEMPERATURE,21.85758,OK
22490602,VIBRATION,-0.293452,OK
22491852,VIBRATION,-0.05347038,OK
22493102,VIBRATION,0.3725194,OK
22494352,VIBRATION,0.7540807,OK
22495603,VIBRATION,1.14212,OK
22496852,VIBRATION,1.405211,OK
22498102,VIBRATION,0.6155558,OK
22499352,VIBRATION,0.3421068,OK
22500000,PRESSURE,101.1469,OK
22500000,TEMPERATURE,21.88764,OK
22500627,VIBRATION,0.1891027,OK
22501852,VIBRATION,-0.05041555,OK
22503102,VIBRATION,0.2474037,OK
22504352,VIBRATION,0.2988478,OK
22505602,VIBRATION,-0.08018578,OK
22506852,VIBRATION,-0.2668565,OK
22508102,VIBRATION,-0.2171352,OK
22509352,VIBRATION,-0.1913078,OK
22510000,PRESSURE,101.0806,OK
22510000,TEMPERATURE,21.85352,OK
22510602,VIBRATION,-0.2205683,OK
22511852,VIBRATION,-0.3821097,OK
22513102,VIBRATION,-0.4284156,OK
22514352,VIBRATION,-0.2624664,OK
22515602,VIBRATION,-0.3647285,OK
22516852,VIBRATION,-0.367177,OK
22518102,VIBRATION,-0.3594901,OK
22519352,VIBRATION,0.04223736,OK
22520000,PRESSURE,101.0938,OK
22520000,TEMPERATURE,21.61011,OK
22520602,VIBRATION,-0.1368962,OK
22521852,VIBRATION,-0.3231526,OK
22523102,VIBRATION,-0.4779662,OK
22524352,VIBRATION,-0.4166027,OK
22525602,VIBRATION,-0.2400432,OK
22526852,VIBRATION,-0.1372648,OK
22528102,VIBRATION,0.08472822,OK
22529352,VIBRATION,0.06527577,OK
22530000,PRESSURE,101.1607,OK
22530000,TEMPERATURE,21.5797,OK
22530602,VIBRATION,-0.2453541,OK
22531852,VIBRATION,-0.07978869,OK
22533102,VIBRATION,-0.8821906,OK
22534352,VIBRATION,-0.8328952,OK
22535602,VIBRATION,-0.5900967,OK
22536852,VIBRATION,-0.4680222,OK
22538102,VIBRATION,-0.9582825,OK
22539352,VIBRATION,-0.9838531,OK
22540000,PRESSURE,101.1908,OK
22540000,TEMPERATURE,21.5259,OK
22540602,VIBRATION,-0.7070205,OK
22541852,VIBRATION,-0.8038867,OK
22543102,VIBRATION,-1.1198,OK
22544352,VIBRATION,-0.836084,OK
22545602,VIBRATION,-1.631816,OK
22546852,VIBRATION,-2.04546,OK
22548102,VIBRATION,-2.180798,OK
22549352,VIBRATION,-2.126512,OK
22550000,PRESSURE,101.2432,OK
22550000,TEMPERATURE,21.56164,OK
22550602,VIBRATION,-2.006492,OK
22551852,VIBRATION,-2.139579,OK
22553102,VIBRATION,-2.217775,OK
22554352,VIBRATION,-2.134952,OK
22555602,VIBRATION,-2.03002,OK
22556852,VIBRATION,-2.166878,OK
22558102,VIBRATION,-1.315813,OK
22559352,VIBRATION,-0.8066758,OK
22560000,PRESSURE,101.2531,OK
22560000,TEMPERATURE,21.43657,OK
22560602,VIBRATION,-0.8957046,OK
22561852,VIBRATION,-0.6238826,OK
22563102,VIBRATION,-1.187058,OK
22564352,VIBRATION,-1.004177,OK
22565602,VIBRATION,-0.8174661,OK
22566852,VIBRATION,-0.7767628,OK
22568102,VIBRATION,-0.2984348,OK
22569352,VIBRATION,-0.4188528,OK
22570000,PRESSURE,101.3296,OK
22570000,TEMPERATURE,21.35851,OK
22570602,VIBRATION,-0.6130995,OK
22571852,VIBRATION,-0.9514494,OK
22573102,VIBRATION,-1.147296,OK
22574352,VIBRATION,-0.963734,OK
22575602,VIBRATION,-1.074665,OK
22576852,VIBRATION,-1.333705,OK
22578102,VIBRATION,-1.355953,OK
22579352,VIBRATION,-1.3251,OK
22580000,PRESSURE,101.3387,OK
22580000,TEMPERATURE,21.38084,OK
22580602,VIBRATION,-1.289492,OK
22581852,VIBRATION,-1.652608,OK
22583102,VIBRATION,-1.393366,OK
22584352,VIBRATION,-1.029582,OK
22585602,VIBRATION,-0.9343796,OK
22586852,VIBRATION,-0.9446112,OK
22588102,VIBRATION,-0.5305641,OK
22589352,VIBRATION,-0.6273701,OK
22590000,PRESSURE,101.3682,OK
22590000,TEMPERATURE,21.45419,OK
22590602,VIBRATION,-0.8219956,OK
22591852,VIBRATION,-0.7638745,OK
22593102,VIBRATION,-1.424151,OK
22594352,VIBRATION,-1.533647,OK
22595602,VIBRATION,-1.202197,OK
22596852,VIBRATION,-1.125184,OK
22598102,VIBRATION,-1.11155,OK
22599352,VIBRATION,-1.129949,OK
22600000,PRESSURE,101.3554,OK
22600000,TEMPERATURE,21.4535,OK
22600602,VIBRATION,-1.120962,OK
22601852,VIBRATION,-0.6361699,OK
22603102,VIBRATION,-0.5209212,OK
22604352,VIBRATION,-0.2563086,OK
22605602,VIBRATION,0.07892005,OK
22606852,VIBRATION,0.3471908,OK
22608102,VIBRATION,0.2892897,OK
22609352,VIBRATION,0.2264614,OK
22610000,PRESSURE,101.3863,OK
22610000,TEMPERATURE,21.50561,OK
22610602,VIBRATION,0.02504733,OK
22611852,VIBRATION,-0.4988583,OK
22613102,VIBRATION,0.03104439,OK
22614352,VIBRATION,0.2516213,OK
22615602,VIBRATION,0.7009536,OK
22616852,VIBRATION,0.3709159,OK
22618102,VIBRATION,0.4677013,OK
22619352,VIBRATION,0.744166,OK
22620000,PRESSURE,101.4343,OK
22620000,TEMPERATURE,21.50753,OK
22620602,VIBRATION,0.8029725,OK
22621852,VIBRATION,0.946912,OK
22623102,VIBRATION,0.503375,OK
22624352,VIBRATION,0.101251,OK
22625602,VIBRATION,-0.01556021,OK
22626852,VIBRATION,-0.5024283,OK
22628102,VIBRATION,-0.7471771,OK
22629352,VIBRATION,-0.6274021,OK
22630000,PRESSURE,101.4086,OK
22630000,TEMPERATURE,21.60216,OK
22630602,VIBRATION,-0.5219222,OK
22631852,VIBRATION,-0.1281508,OK
22633102,VIBRATION,-0.4368032,OK
22634352,VIBRATION,-0.08502899,OK
22635602,VIBRATION,-0.178087,OK
22636852,VIBRATION,-0.007237434,OK
22638102,VIBRATION,0.4839268,OK
22639352,VIBRATION,0.4277495,OK
22640000,PRESSURE,101.4269,OK
22640000,TEMPERATURE,21.64907,OK
22640602,VIBRATION,0.8635208,OK
22641852,VIBRATION,1.451554,OK
22643102,VIBRATION,1.807537,OK
22644352,VIBRATION,2.323654,OK
22645602,VIBRATION,2.052312,OK
22646852,VIBRATION,2.17527,OK
22648102,VIBRATION,1.523147,OK
22649352,VIBRATION,1.671604,OK
22650000,PRESSURE,101.4656,OK
22650000,TEMPERATURE,21.64227,OK
22650602,VIBRATION,1.459083,OK
22651852,VIBRATION,1.608442,OK
22653102,VIBRATION,1.395603,OK
22654352,VIBRATION,1.385548,OK
22655602,VIBRATION,1.336669,OK
22656852,VIBRATION,1.084735,OK
22658102,VIBRATION,1.572206,OK
22659352,VIBRATION,1.55014,OK
22660000,PRESSURE,101.3513,OK
22660000,TEMPERATURE,21.64312,OK
22660602,VIBRATION,1.292551,OK
22661852,VIBRATION,1.18169,OK
22663102,VIBRATION,1.716564,OK
22664352,VIBRATION,1.765746,OK
22665602,VIBRATION,1.692451,OK
22666852,VIBRATION,1.432741,OK
22668102,VIBRATION,1.509648,OK
22669352,VIBRATION,1.174617,OK
22670000,PRESSURE,101.3585,OK
22670000,TEMPERATURE,21.67419,OK
22670602,VIBRATION,1.686673,OK
22671852,VIBRATION,1.413992,OK
22673102,VIBRATION,1.499901,OK
22674352,VIBRATION,1.201001,OK
22675602,VIBRATION,0.712683,OK
22676852,VIBRATION,0.7674715,OK
22678102,VIBRATION,0.7127006,OK
22679352,VIBRATION,0.1661903,OK
22680000,PRESSURE,101.3231,OK
22680000,TEMPERATURE,21.61087,OK
22680602,VIBRATION,0.08946148,OK
22681852,VIBRATION,0.1884832,OK
22683102,VIBRATION,0.4516628,OK
22684352,VIBRATION,-0.00891571,OK
22685602,VIBRATION,0.4957315,OK
22686852,VIBRATION,0.7293369,OK
22688102,VIBRATION,1.280545,OK
22689352,VIBRATION,1.018409,OK
22690000,PRESSURE,101.3012,OK
22690000,TEMPERATURE,21.57716,OK
22690602,VIBRATION,1.29324,OK
22691852,VIBRATION,0.9151899,OK
22693102,VIBRATION,0.8481536,OK
22694352,VIBRATION,1.254189,OK
22695602,VIBRATION,1.076691,OK
22696852,VIBRATION,0.7692679,OK
22698102,VIBRATION,1.451241,OK
22699352,VIBRATION,1.181863,OK
22700000,PRESSURE,101.3329,OK
22700000,TEMPERATURE,21.55696,OK
22700602,VIBRATION,1.067549,OK
22701852,VIBRATION,1.330803,OK
22703102,VIBRATION,1.781993,OK
22704352,VIBRATION,1.745863,OK
22705602,VIBRATION,2.355394,OK
22706852,VIBRATION,2.102707,OK
22708102,VIBRATION,2.180445,OK
22709352,VIBRATION,2.112429,OK
22710000,PRESSURE,101.288,OK
22710000,TEMPERATURE,21.52155,OK
22710602,VIBRATION,1.844047,OK
22711852,VIBRATION,2.206848,OK
22713102,VIBRATION,3.127967,OK
22714352,VIBRATION,2.807239,OK
22715602,VIBRATION,2.703673,OK
22716852,VIBRATION,3.059036,OK
22718102,VIBRATION,3.355029,OK
22719352,VIBRATION,2.882771,OK
22720000,PRESSURE,101.2886,OK
22720000,TEMPERATURE,21.56713,OK
22720602,VIBRATION,2.997312,OK
22721852,VIBRATION,2.30458,OK
22723102,VIBRATION,1.754446,OK
22724352,VIBRATION,1.943304,OK
22725602,VIBRATION,1.791902,OK
22726852,VIBRATION,1.280111,OK
22728102,VIBRATION,0.819336,OK
22729352,VIBRATION,0.4752561,OK
22730000,PRESSURE,101.3064,OK
22730000,TEMPERATURE,21.42922,OK
22730602,VIBRATION,0.5232033,OK
22731852,VIBRATION,-0.04644632,OK
22733102,VIBRATION,-0.2062956,OK
22734352,VIBRATION,-0.4693057,OK
22735602,VIBRATION,-0.2628511,OK
22736852,VIBRATION,-0.5719055,OK
22738102,VIBRATION,-0.300953,OK
22739352,VIBRATION,0.2369829,OK
22740000,PRESSURE,101.2504,OK
22740000,TEMPERATURE,21.39599,OK
22740602,VIBRATION,-0.2287484,OK
22741852,VIBRATION,-0.4056489,OK
22743102,VIBRATION,-0.4279833,OK
22744352,VIBRATION,-0.8876515,OK
22745615,VIBRATION,-1.124763,OK
22746852,VIBRATION,-1.165061,OK
22748102,VIBRATION,-0.9431336,OK
22749352,VIBRATION,-0.8361893,OK
22750000,PRESSURE,101.255,OK
22750000,TEMPERATURE,21.2965,OK
22750602,VIBRATION,-1.603744,OK
22751852,VIBRATION,-1.864231,OK
22753102,VIBRATION,-2.333628,OK
22754352,VIBRATION,-2.238946,OK
22755602,VIBRATION,-2.243289,OK
22756852,VIBRATION,-2.351634,OK
22758102,VIBRATION,-2.27584,OK
22759352,VIBRATION,-2.136179,OK
22760000,PRESSURE,101.2991,OK
22760000,TEMPERATURE,21.496,OK
22760602,VIBRATION,-2.162298,OK
22761852,VIBRATION,-1.912199,OK
22763102,VIBRATION,-1.92941,OK
22764352,VIBRATION,-2.161459,OK
22765602,VIBRATION,-1.970744,OK
22766852,VIBRATION,-1.504962,OK
22768102,VIBRATION,-1.165059,OK
22769352,VIBRATION,-1.691561,OK
22770000,PRESSURE,101.3366,OK
22770000,TEMPERATURE,21.47183,OK
22770602,VIBRATION,-1.465045,OK
22771852,VIBRATION,-1.25226,OK
22773102,VIBRATION,-0.9425367,OK
22774352,VIBRATION,-0.8445467,OK
22775602,VIBRATION,-0.4469206,OK
22776852,VIBRATION,-0.4106093,OK
22778102,VIBRATION,-0.510625,OK
22779352,VIBRATION,-0.6859063,OK
22780000,PRESSURE,101.3793,OK
22780000,TEMPERATURE,21.69741,OK
22780602,VIBRATION,-1.343084,OK
22781852,VIBRATION,-1.237464,OK
22783102,VIBRATION,-0.8101587,OK
22784352,VIBRATION,-0.7557822,OK
22785602,VIBRATION,-0.4159824,OK
22786852,VIBRATION,-0.4573986,OK
22788102,VIBRATION,-0.3850127,OK
22789352,VIBRATION,-0.04519291,OK
22790000,PRESSURE,101.362,OK
22790000,TEMPERATURE,21.64062,OK
22790602,VIBRATION,0.4813611,OK
22791852,VIBRATION,0.8122636,OK
22793102,VIBRATION,0.9772498,OK
22794352,VIBRATION,1.353554,OK
22795602,VIBRATION,1.061624,OK
22796852,VIBRATION,0.5985197,OK
22798102,VIBRATION,0.2807609,OK
22799352,VIBRATION,0.09506013,OK
22800000,PRESSURE,101.3207,OK
22800000,TEMPERATURE,21.67798,OK
22800602,VIBRATION,0.3831834,OK
22801852,VIBRATION,0.6922714,OK
22803102,VIBRATION,1.064344,OK
22804352,VIBRATION,1.331414,OK
22805602,VIBRATION,1.372507,OK
22806852,VIBRATION,1.831541,OK
22808102,VIBRATION,1.574408,OK
22809352,VIBRATION,1.570306,OK
22810000,PRESSURE,101.3702,OK
22810000,TEMPERATURE,21.48119,OK
22810602,VIBRATION,1.269351,OK
22811852,VIBRATION,1.260913,OK
22813102,VIBRATION,0.9119176,OK
22814352,VIBRATION,0.9316442,OK
22815602,VIBRATION,1.255769,OK
22816852,VIBRATION,1.159679,OK
22818102,VIBRATION,0.899696,OK
22819352,VIBRATION,1.089358,OK
22820014,PRESSURE,101.4349,OK
22820014,TEMPERATURE,21.43529,OK
22820602,VIBRATION,0,COMM_ERROR
22821860,VIBRATION,0.8129778,OK
22823102,VIBRATION,0.1565938,OK
22824352,VIBRATION,0.3223234,OK
22825603,VIBRATION,-0.1832588,OK
22826853,VIBRATION,-0.02619534,OK
22828102,VIBRATION,-0.4452074,OK
22829352,VIBRATION,-0.8118744,OK
22830000,PRESSURE,101.462,OK
22830000,TEMPERATURE,21.4737,OK
22830602,VIBRATION,-1.053027,OK
22831852,VIBRATION,-1.092057,OK
22833102,VIBRATION,-0.7126041,OK
22834352,VIBRATION,-0.5619352,OK
22835602,VIBRATION,-0.6294725,OK
22836903,VIBRATION,-1.540704,OK
22838103,VIBRATION,-1.317514,OK
22839360,VIBRATION,-1.317119,OK
22840000,PRESSURE,101.4195,OK
22840000,TEMPERATURE,21.30854,OK
22840622,VIBRATION,-1.385074,OK
22841852,VIBRATION,-1.527849,OK
22843102,VIBRATION,-2.101451,OK
22844352,VIBRATION,-2.034576,OK
22845653,VIBRATION,-2.38767,OK
22846860,VIBRATION,-1.978874,OK
22848102,VIBRATION,-1.939595,OK
22849352,VIBRATION,-1.476122,OK
22850000,PRESSURE,101.4579,OK
22850000,TEMPERATURE,21.28635,OK
22850602,VIBRATION,-1.392984,OK
22851852,VIBRATION,-1.814914,OK
22853102,VIBRATION,-1.725294,OK
22854352,VIBRATION,-1.954994,OK
22855602,VIBRATION,-2.114056,OK
22856852,VIBRATION,-2.253927,OK
22858102,VIBRATION,-2.030481,OK
22859352,VIBRATION,-1.612111,OK
22860000,PRESSURE,101.4511,OK
22860000,TEMPERATURE,21.12353,OK
22860602,VIBRATION,-1.781471,OK
22861852,VIBRATION,-1.632339,OK
22863102,VIBRATION,-1.81005,OK
22864352,VIBRATION,-1.749166,OK
22865602,VIBRATION,-1.62066,OK
22866852,VIBRATION,-1.91637,OK
22868102,VIBRATION,-1.627034,OK
22869352,VIBRATION,-1.54846,OK
22870000,PRESSURE,101.4139,OK
22870000,TEMPERATURE,21.19835,OK
22870602,VIBRATION,-1.514596,OK
22871852,VIBRATION,-1.407415,OK
22873102,VIBRATION,-1.952913,OK
22874352,VIBRATION,-2.227234,OK
22875602,VIBRATION,-2.362643,OK
22876852,VIBRATION,-2.462586,OK
22878102,VIBRATION,-2.486157,OK
22879352,VIBRATION,-2.010675,OK
22880000,PRESSURE,101.3368,OK
22880000,TEMPERATURE,20.9714,OK
22880602,VIBRATION,-1.588965,OK
22881852,VIBRATION,-1.166167,OK
22883102,VIBRATION,-0.9591599,OK
22884352,VIBRATION,-1.08462,OK
22885603,VIBRATION,-2.121467,OK
22886852,VIBRATION,-2.023265,OK
22888102,VIBRATION,-1.618643,OK
22889352,VIBRATION,-1.732886,OK
22890000,PRESSURE,101.3702,OK
22890000,TEMPERATURE,21.11083,OK
22890602,VIBRATION,-2.053925,OK
22891852,VIBRATION,-2.004127,OK
22893102,VIBRATION,-1.98307,OK
22894352,VIBRATION,-1.68444,OK
22895603,VIBRATION,-2.107164,OK
22896852,VIBRATION,-1.92676,OK
22898102,VIBRATION,-1.898806,OK
22899352,VIBRATION,-1.670177,OK
22900000,PRESSURE,101.3666,OK
22900000,TEMPERATURE,21.12536,OK
22900602,VIBRATION,-1.863189,OK
22901852,VIBRATION,-2.062878,OK
22903102,VIBRATION,-2.256441,OK
22904352,VIBRATION,-2.520406,OK
22905602,VIBRATION,-2.646358,OK
22906852,VIBRATION,-2.720557,OK
22908102,VIBRATION,-2.605546,OK
22909352,VIBRATION,-2.561465,OK
22910000,PRESSURE,101.3676,OK
22910000,TEMPERATURE,21.3626,OK
22910602,VIBRATION,-2.55176,OK
22911853,VIBRATION,-2.431915,OK
22913102,VIBRATION,-2.37043,OK
22914352,VIBRATION,-2.183849,OK
22915602,VIBRATION,-2.272624,OK
22916852,VIBRATION,-1.636277,OK
22918102,VIBRATION,-1.601919,OK
22919352,VIBRATION,-1.380704,OK
22920000,PRESSURE,101.2939,OK
22920000,TEMPERATURE,21.50792,OK
22920602,VIBRATION,-1.592255,OK
22921852,VIBRATION,-1.580407,OK
22923102,VIBRATION,-1.170318,OK
22924352,VIBRATION,-0.8255933,OK
22925602,VIBRATION,-0.6871373,OK
22926852,VIBRATION,-0.3882715,OK
22928102,VIBRATION,-0.5768116,OK
22929352,VIBRATION,-0.873773,OK
22930000,PRESSURE,101.3443,OK
22930000,TEMPERATURE,21.60794,OK
22930740,VIBRATION,-0.7825218,OK
22931852,VIBRATION,-0.9505869,OK
22933102,VIBRATION,-0.6945286,OK
22934352,VIBRATION,-1.164328,OK
22935602,VIBRATION,-1.03484,OK
22936853,VIBRATION,-0.8952036,OK
22938102,VIBRATION,-1.360012,OK
22939352,VIBRATION,-1.427683,OK
22940000,PRESSURE,101.3222,OK
22940000,TEMPERATURE,21.70882,OK
22940602,VIBRATION,-1.282584,OK
22941852,VIBRATION,-0.9672221,OK
22943102,VIBRATION,-0.906488,OK
22944352,VIBRATION,-0.6287625,OK
22945602,VIBRATION,-1.164794,OK
22946852,VIBRATION,-1.480047,OK
22948102,VIBRATION,-1.338209,OK
22949352,VIBRATION,-1.27649,OK
22950000,PRESSURE,101.3248,OK
22950000,TEMPERATURE,21.81351,OK
22950602,VIBRATION,-1.04382,OK
22951852,VIBRATION,-0.8893968,OK
22953102,VIBRATION,-0.89078,OK
22954352,VIBRATION,-1.342013,OK
22955602,VIBRATION,-1.452855,OK
22956852,VIBRATION,-1.207823,OK
22958102,VIBRATION,-1.21386,OK
22959352,VIBRATION,-0.742523,OK
22960000,PRESSURE,101.27,OK
22960000,TEMPERATURE,21.8225,OK
22960602,VIBRATION,-0.7541016,OK
22961852,VIBRATION,-0.5040183,OK
22963102,VIBRATION,-0.9669302,OK
22964352,VIBRATION,-0.7116597,OK
22965602,VIBRATION,-1.153474,OK
22966852,VIBRATION,-0.9902874,OK
22968102,VIBRATION,-0.9732919,OK
22969352,VIBRATION,-0.9235254,OK
22970000,PRESSURE,101.275,OK
22970000,TEMPERATURE,22.06253,OK
22970602,VIBRATION,-1.315821,OK
22971852,VIBRATION,-1.098181,OK
22973102,VIBRATION,-0.9138109,OK
22974352,VIBRATION,-0.5085508,OK
22975602,VIBRATION,-0.275315,OK
22976852,VIBRATION,-0.8518241,OK
22978102,VIBRATION,-0.1763842,OK
22979352,VIBRATION,-0.4178832,OK
22980000,PRESSURE,101.2948,OK
22980000,TEMPERATURE,22.19284,OK
22980602,VIBRATION,-0.6883916,OK
22981852,VIBRATION,-0.6172738,OK
22983102,VIBRATION,-0.4302219,OK
22984352,VIBRATION,-0.4101527,OK
22985602,VIBRATION,-0.417349,OK
22986852,VIBRATION,-0.1219887,OK
22988102,VIBRATION,0.09941293,OK
22989352,VIBRATION,0.2656158,OK
22990000,PRESSURE,101.2212,OK
22990000,TEMPERATURE,22.05422,OK
22990602,VIBRATION,0.4400341,OK
22991852,VIBRATION,0.6393061,OK
22993177,VIBRATION,0.3968534,OK
22994352,VIBRATION,0.2490141,OK
22995602,VIBRATION,0.4409915,OK
22996852,VIBRATION,0.1098486,OK
22998102,VIBRATION,0.09533481,OK
22999352,VIBRATION,0.111208,OK
23000000,PRESSURE,101.2714,OK
23000000,TEMPERATURE,21.99887,OK
23000000,HUMIDITY,44.45944,OK
23000602,VIBRATION,0.1993483,OK
23001852,VIBRATION,-0.510208,OK
23003102,VIBRATION,-0.342887,OK
23004352,VIBRATION,0.1106919,OK
23005602,VIBRATION,0.1812247,OK
23006852,VIBRATION,0.3892026,OK
23008102,VIBRATION,0.4884669,OK
23009352,VIBRATION,0.7914502,OK
23010000,PRESSURE,101.2733,OK
23010000,TEMPERATURE,22.14545,OK
23010602,VIBRATION,0.7019563,OK
23011852,VIBRATION,0.6873298,OK
23013102,VIBRATION,0.6598565,OK
23014352,VIBRATION,0.4958053,OK
23015602,VIBRATION,0.6027351,OK
23016852,VIBRATION,0.7606968,OK
23018102,VIBRATION,0.4513896,OK
23019352,VIBRATION,0.5800364,OK
23020000,PRESSURE,101.2341,OK
23020000,TEMPERATURE,22.26159,OK
23020602,VIBRATION,0.7622229,OK
23021852,VIBRATION,0.6737388,OK
23023102,VIBRATION,0.6172795,OK
23024352,VIBRATION,0.4760273,OK
23025602,VIBRATION,0.5636107,OK
23026852,VIBRATION,0.1505437,OK
23028102,VIBRATION,0.09575563,OK
23029352,VIBRATION,0.474944,OK
23030000,PRESSURE,101.197,OK
23030000,TEMPERATURE,22.20972,OK
23030602,VIBRATION,0.3810359,OK
23031852,VIBRATION,0.5313154,OK
23033102,VIBRATION,0.4251019,OK
23034352,VIBRATION,0.3315681,OK
23035602,VIBRATION,0.4081348,OK
23036852,VIBRATION,0.01781756,OK
23038102,VIBRATION,-0.03529547,OK
23039352,VIBRATION,-0.6681579,OK
23040000,PRESSURE,101.2358,OK
23040000,TEMPERATURE,22.03873,OK
23040602,VIBRATION,-0.946586,OK
23041852,VIBRATION,-0.7546859,OK
23043102,VIBRATION,-0.7822863,OK
23044352,VIBRATION,-0.1947966,OK
23045602,VIBRATION,-0.4516482,OK
23046852,VIBRATION,0.1173776,OK
23048102,VIBRATION,0.1960733,OK
23049352,VIBRATION,0.5860026,OK
23050000,PRESSURE,101.2245,OK
23050000,TEMPERATURE,21.89783,OK
23050602,VIBRATION,1.056203,OK
23051852,VIBRATION,1.098077,OK
23053102,VIBRATION,1.560071,OK
23054352,VIBRATION,1.733399,OK
23055602,VIBRATION,2.016682,OK
23056852,VIBRATION,1.26299,OK
23058102,VIBRATION,0.6661424,OK
23059352,VIBRATION,0.6709516,OK
23060000,PRESSURE,101.2352,OK
23060000,TEMPERATURE,22.03405,OK
23060602,VIBRATION,0.4879507,OK
23061852,VIBRATION,0.8915486,OK
23063102,VIBRATION,0.6023757,OK
23064352,VIBRATION,0.4733396,OK
23065602,VIBRATION,0.2969586,OK
23066852,VIBRATION,0.1569273,OK
23068102,VIBRATION,-0.08334812,OK
23069352,VIBRATION,0.3311214,OK
23070000,PRESSURE,101.219,OK
23070000,TEMPERATURE,21.94781,OK
23070602,VIBRATION,-0.5271629,OK
23071852,VIBRATION,-0.684032,OK
23073102,VIBRATION,-0.6287248,OK
23074352,VIBRATION,-0.4727684,OK
23075602,VIBRATION,-0.4571928,OK
23076852,VIBRATION,-0.6999685,OK
23078102,VIBRATION,-1.264303,OK
23079352,VIBRATION,-1.414245,OK
23080000,PRESSURE,101.203,OK
23080000,TEMPERATURE,21.93113,OK
23080602,VIBRATION,-1.433508,OK
23081852,VIBRATION,-1.379397,OK
23083102,VIBRATION,-1.35518,OK
23084352,VIBRATION,-0.9950013,OK
23085602,VIBRATION,-1.250464,OK
23086852,VIBRATION,-1.454034,OK
23088102,VIBRATION,-1.261407,OK
23089352,VIBRATION,-1.26181,OK
23090000,PRESSURE,101.294,OK
23090000,TEMPERATURE,21.95504,OK
23090602,VIBRATION,-1.115385,OK
23091852,VIBRATION,-0.6626293,OK
23093102,VIBRATION,-0.4374792,OK
23094352,VIBRATION,-0.4855801,OK
23095614,VIBRATION,-0.5540545,OK
23096852,VIBRATION,-0.4803152,OK
23098102,VIBRATION,0.0490523,OK
23099352,VIBRATION,-0.08704483,OK
23100000,PRESSURE,101.2766,OK
23100000,TEMPERATURE,21.87225,OK
23100602,VIBRATION,0.06760904,OK
23101852,VIBRATION,0.3376766,OK
23103102,VIBRATION,0.1232919,OK
23104352,VIBRATION,0.2558207,OK
23105602,VIBRATION,0.5594373,OK
23106852,VIBRATION,0.7016378,OK
23108102,VIBRATION,0.6700761,OK
23109352,VIBRATION,0.4432541,OK
23110000,PRESSURE,101.3592,OK
23110000,TEMPERATURE,21.80611,OK
23110602,VIBRATION,0.4820322,OK
23111852,VIBRATION,0.5256401,OK
23113102,VIBRATION,0.5798434,OK
23114352,VIBRATION,0.8437487,OK
23115602,VIBRATION,0.8488331,OK
23116852,VIBRATION,0.3916352,OK
23118102,VIBRATION,0.4942877,OK
23119352,VIBRATION,1.044505,OK
23120000,PRESSURE,101.2254,OK
23120000,TEMPERATURE,21.82621,OK
23120602,VIBRATION,1.674864,OK
23121852,VIBRATION,2.231792,OK
23123102,VIBRATION,1.863863,OK
23124352,VIBRATION,1.693192,OK
23125602,VIBRATION,2.009598,OK
23126852,VIBRATION,2.053964,OK
23128102,VIBRATION,1.987579,OK
23129353,VIBRATION,1.518584,OK
23130000,PRESSURE,101.2885,OK
23130000,TEMPERATURE,21.66101,OK
23130602,VIBRATION,2.001943,OK
23131852,VIBRATION,1.631252,OK
23133102,VIBRATION,1.465416,OK
23134352,VIBRATION,0.8253129,OK
23135602,VIBRATION,0.8237673,OK
23136852,VIBRATION,0.7777187,OK
23138102,VIBRATION,0.8323996,OK
23139352,VIBRATION,0.8004277,OK
23140000,PRESSURE,101.2575,OK
23140000,TEMPERATURE,21.66283,OK
23140602,VIBRATION,0.8899215,OK
23141852,VIBRATION,0.7448391,OK
23143102,VIBRATION,0.4567406,OK
23144352,VIBRATION,-0.08362929,OK
23145602,VIBRATION,-0.3474154,OK
23146852,VIBRATION,-0.7062334,OK
23148102,VIBRATION,-0.7957129,OK
23149352,VIBRATION,-0.2754939,OK
23150000,PRESSURE,101.3105,OK
23150000,TEMPERATURE,21.77591,OK
23150604,VIBRATION,-0.04649519,OK
23151852,VIBRATION,0.1761487,OK
23153102,VIBRATION,0.2421771,OK
23154352,VIBRATION,0.2401911,OK
23155602,VIBRATION,0.5238705,OK
23156852,VIBRATION,0.2281699,OK
23158102,VIBRATION,-0.1800372,OK
23159352,VIBRATION,0.3286208,OK
23160000,PRESSURE,101.343,OK
23160000,TEMPERATURE,21.79802,OK
23160602,VIBRATION,0.1049204,OK
23161852,VIBRATION,-0.1757304,OK
23163102,VIBRATION,-0.06413355,OK
23164352,VIBRATION,0.7769261,OK
23165602,VIBRATION,0.3235743,OK
23166852,VIBRATION,0.09639704,OK
23168102,VIBRATION,0.1571698,OK
23169352,VIBRATION,0.765795,OK
23170000,PRESSURE,101.2805,OK
23170000,TEMPERATURE,21.71674,OK
23170602,VIBRATION,0.805001,OK
23171852,VIBRATION,0.9937743,OK
23173102,VIBRATION,0.6688843,OK
23174352,VIBRATION,0.6396071,OK
23175602,VIBRATION,0.506506,OK
23176852,VIBRATION,0.6637448,OK
23178102,VIBRATION,0.9517521,OK
23179352,VIBRATION,1.188896,OK
23180000,PRESSURE,101.3638,OK
23180000,TEMPERATURE,21.66083,OK
23180602,VIBRATION,1.161169,OK
23181852,VIBRATION,1.241202,OK
23183102,VIBRATION,1.488067,OK
23184352,VIBRATION,1.983659,OK
23185602,VIBRATION,2.227044,OK
23186852,VIBRATION,1.997736,OK
23188102,VIBRATION,1.788703,OK
23189352,VIBRATION,1.463795,OK
23190000,PRESSURE,101.3686,OK
23190000,TEMPERATURE,21.61152,OK
23190602,VIBRATION,1.519672,OK
23191852,VIBRATION,1.284214,OK
23193102,VIBRATION,1.317045,OK
23194352,VIBRATION,1.002915,OK
23195602,VIBRATION,0.9380231,OK
23196852,VIBRATION,0.8233491,OK
23198102,VIBRATION,0.782569,OK
23199352,VIBRATION,0.2320781,OK
23200000,PRESSURE,101.3293,OK
23200000,TEMPERATURE,21.76102,OK
23200602,VIBRATION,0.6114285,OK
23201852,VIBRATION,0.4058821,OK
23203102,VIBRATION,0.1052957,OK
23204352,VIBRATION,-0.009855449,OK
23205602,VIBRATION,0.07808554,OK
23206852,VIBRATION,-0.1347544,OK
23208102,VIBRATION,-0.3609832,OK
23209352,VIBRATION,0,COMM_ERROR
23210000,PRESSURE,101.2725,OK
23210000,TEMPERATURE,21.87548,OK
23210602,VIBRATION,0.1203582,OK
23211852,VIBRATION,0.06184814,OK
23213102,VIBRATION,0.1067016,OK
23214352,VIBRATION,0.3436995,OK
23215602,VIBRATION,-0.09019438,OK
23216852,VIBRATION,0.1868927,OK
23218102,VIBRATION,0.324426,OK
23219352,VIBRATION,0.3585104,OK
23220000,PRESSURE,101.3418,OK
23220000,TEMPERATURE,21.86189,OK
23220602,VIBRATION,0.1953826,OK
23221852,VIBRATION,0.07278199,OK
23223102,VIBRATION,0.09746189,OK
23224352,VIBRATION,0.3093272,OK
23225602,VIBRATION,0.3090161,OK
23226852,VIBRATION,0.7300682,OK
23228102,VIBRATION,0.7216131,OK
23229352,VIBRATION,0.3649838,OK
23230000,PRESSURE,101.3575,OK
23230000,TEMPERATURE,21.77799,OK
23230602,VIBRATION,0.2764868,OK
23231852,VIBRATION,0.6667975,OK
23233102,VIBRATION,0.4185409,OK
23234352,VIBRATION,0.4876642,OK
23235602,VIBRATION,0.4508696,OK
23236852,VIBRATION,0.2215294,OK
23238102,VIBRATION,0.1010599,OK
23239352,VIBRATION,-0.09765297,OK
23240000,PRESSURE,101.4363,OK
23240000,TEMPERATURE,21.70373,OK
23240602,VIBRATION,-0.5083071,OK
23241852,VIBRATION,-0.5497853,OK
23243102,VIBRATION,-0.1539693,OK
23244352,VIBRATION,-0.1973073,OK
23245602,VIBRATION,0.2208924,OK
23246852,VIBRATION,-0.3041303,OK
23248102,VIBRATION,-0.6482935,OK
23249352,VIBRATION,-0.1140804,OK
23250000,PRESSURE,101.4051,OK
23250000,TEMPERATURE,21.6246,OK
23250602,VIBRATION,-0.04545195,OK
23251852,VIBRATION,0.03676603,OK
23253102,VIBRATION,0.2464643,OK
23254352,VIBRATION,0.3892081,OK
23255602,VIBRATION,0.9084676,OK
23256852,VIBRATION,0.3473327,OK
23258102,VIBRATION,0.585796,OK
23259352,VIBRATION,0.6618918,OK
23260000,PRESSURE,101.401,OK
23260000,TEMPERATURE,21.64776,OK
23260602,VIBRATION,1.919525,OK
23261852,VIBRATION,2.312832,OK
23263102,VIBRATION,2.217139,OK
23264352,VIBRATION,2.500764,OK
23265602,VIBRATION,2.166163,OK
23266852,VIBRATION,2.507132,OK
23268102,VIBRATION,2.582234,OK
23269352,VIBRATION,2.646328,OK
23270000,PRESSURE,101.3055,OK
23270000,TEMPERATURE,21.52226,OK
23270602,VIBRATION,2.503594,OK
23271852,VIBRATION,2.396245,OK
23273102,VIBRATION,2.612048,OK
23274352,VIBRATION,2.940351,OK
23275602,VIBRATION,2.783488,OK
23276852,VIBRATION,2.701989,OK
23278102,VIBRATION,2.403611,OK
23279352,VIBRATION,2.481399,OK
23280000,PRESSURE,101.3257,OK
23280000,TEMPERATURE,21.68865,OK
23280602,VIBRATION,2.413818,OK
23281852,VIBRATION,2.328238,OK
23283102,VIBRATION,1.915931,OK
23284352,VIBRATION,1.655178,OK
23285602,VIBRATION,1.580699,OK
23286852,VIBRATION,2.007965,OK
23288102,VIBRATION,1.92629,OK
23289352,VIBRATION,1.673479,OK
23290000,PRESSURE,101.3753,OK
23290000,TEMPERATURE,21.79503,OK
23290602,VIBRATION,1.714772,OK
23291852,VIBRATION,1.605022,OK
23293102,VIBRATION,1.77004,OK
23294352,VIBRATION,1.919709,OK
23295602,VIBRATION,2.132315,OK
23296852,VIBRATION,1.12432,OK
23298102,VIBRATION,0.8261314,OK
23299352,VIBRATION,0.6513467,OK
23300000,PRESSURE,101.2353,OK
23300000,TEMPERATURE,21.79349,OK
23300602,VIBRATION,0.5872448,OK
23301852,VIBRATION,0.3981506,OK
23303102,VIBRATION,0.008595832,OK
23304352,VIBRATION,0.09726853,OK
23305602,VIBRATION,0.09766544,OK
23306852,VIBRATION,0.4134137,OK
23308102,VIBRATION,0.2142188,OK
23309353,VIBRATION,0.4822419,OK
23310000,PRESSURE,101.2152,OK
23310000,TEMPERATURE,21.95849,OK
23310602,VIBRATION,0.696096,OK
23311852,VIBRATION,0.3602894,OK
23313102,VIBRATION,0.3852781,OK
23314352,VIBRATION,0.923363,OK
23315602,VIBRATION,0.960427,OK
23316910,VIBRATION,0.7481247,OK
23318102,VIBRATION,1.071507,OK
23319352,VIBRATION,1.213081,OK
23320000,PRESSURE,101.1429,OK
23320000,TEMPERATURE,22.00057,OK
23320602,VIBRATION,1.556643,OK
23321852,VIBRATION,1.470285,OK
23323102,VIBRATION,1.059907,OK
23324352,VIBRATION,0.9470571,OK
23325602,VIBRATION,1.186335,OK
23326852,VIBRATION,1.138051,OK
23328102,VIBRATION,1.037306,OK
23329352,VIBRATION,0.8070296,OK
23330000,PRESSURE,101.0847,OK
23330000,TEMPERATURE,22.01,OK
23330602,VIBRATION,1.303224,OK
23331852,VIBRATION,1.040715,OK
23333102,VIBRATION,1.068289,OK
23334352,VIBRATION,1.270495,OK
23335602,VIBRATION,1.427283,OK
23336852,VIBRATION,1.972601,OK
23338102,VIBRATION,2.231518,OK
23339352,VIBRATION,2.537628,OK
23340000,PRESSURE,101.1826,OK
23340000,TEMPERATURE,22.09194,OK
23340602,VIBRATION,1.92039,OK
23341852,VIBRATION,2.057602,OK
23343102,VIBRATION,2.071332,OK
23344352,VIBRATION,2.27673,OK
23345602,VIBRATION,1.824857,OK
23346852,VIBRATION,2.181233,OK
23348102,VIBRATION,2.037549,OK
23349352,VIBRATION,1.821999,OK
23350000,PRESSURE,101.1846,OK
23350000,TEMPERATURE,22.13304,OK
23350602,VIBRATION,1.635173,OK
23351852,VIBRATION,1.512081,OK
23353102,VIBRATION,1.95169,OK
23354352,VIBRATION,2.209047,OK
23355602,VIBRATION,1.736747,OK
23356852,VIBRATION,1.690148,OK
23358102,VIBRATION,1.511069,OK
23359352,VIBRATION,1.679113,OK
23360000,PRESSURE,101.1313,OK
23360000,TEMPERATURE,22.13735,OK
23360602,VIBRATION,0.5877153,OK
23361852,VIBRATION,0.4368166,OK
23363102,VIBRATION,0.4050726,OK
23364352,VIBRATION,-0.2530797,OK
23365602,VIBRATION,-0.2952066,OK
23366852,VIBRATION,-0.1743324,OK
23368102,VIBRATION,-0.5135944,OK
23369352,VIBRATION,-1.244277,OK
23370000,PRESSURE,101.2031,OK
23370000,TEMPERATURE,21.9329,OK
23370602,VIBRATION,-1.442293,OK
23371852,VIBRATION,-1.652209,OK
23373102,VIBRATION,-1.349849,OK
23374352,VIBRATION,-1.375048,OK
23375602,VIBRATION,-1.429819,OK
23376852,VIBRATION,-1.574154,OK
23378102,VIBRATION,-1.854372,OK
23379352,VIBRATION,-2.286413,OK
23380000,PRESSURE,101.2,OK
23380000,TEMPERATURE,21.86517,OK
23380602,VIBRATION,-2.040147,OK
23381852,VIBRATION,-1.952321,OK
23383102,VIBRATION,-2.149959,OK
23384352,VIBRATION,-1.969067,OK
23385602,VIBRATION,-1.438868,OK
23386852,VIBRATION,-1.106688,OK
23388102,VIBRATION,-1.056275,OK
23389352,VIBRATION,-0.9589501,OK
23390000,PRESSURE,101.2467,OK
23390000,TEMPERATURE,21.86871,OK
23390602,VIBRATION,-1.525042,OK
23391852,VIBRATION,-1.640384,OK
23393102,VIBRATION,-1.395935,OK
23394352,VIBRATION,-1.142299,OK
23395602,VIBRATION,-1.530949,OK
23396852,VIBRATION,-1.616328,OK
23398102,VIBRATION,-1.285851,OK
23399352,VIBRATION,-0.7921132,OK
23400000,PRESSURE,101.195,OK
23400000,TEMPERATURE,21.85472,OK
23400602,VIBRATION,-0.2242304,OK
23401852,VIBRATION,0.00178826,OK
23403102,VIBRATION,-0.3067371,OK
23404352,VIBRATION,-0.1212749,OK
23405602,VIBRATION,0.09943029,OK
23406852,VIBRATION,-0.04566529,OK
23408102,VIBRATION,0.2394321,OK
23409352,VIBRATION,0.9521874,OK
23410000,PRESSURE,101.1457,OK
23410000,TEMPERATURE,21.77722,OK
23410602,VIBRATION,1.590571,OK
23411852,VIBRATION,1.471605,OK
23413102,VIBRATION,1.372889,OK
23414352,VIBRATION,1.483077,OK
23415602,VIBRATION,1.00924,OK
23416852,VIBRATION,1.063792,OK
23418102,VIBRATION,1.383114,OK
23419352,VIBRATION,1.719414,OK
23420000,PRESSURE,101.2198,OK
23420000,TEMPERATURE,21.7749,OK
23420602,VIBRATION,1.397176,OK
23421852,VIBRATION,1.191555,OK
23423102,VIBRATION,1.413035,OK
23424352,VIBRATION,1.412798,OK
23425602,VIBRATION,0.5091778,OK
23426852,VIBRATION,0.624143,OK
23428102,VIBRATION,0.3879956,OK
23429356,VIBRATION,0.2688179,OK
23430000,PRESSURE,101.2559,OK
23430000,TEMPERATURE,21.82069,OK
23430602,VIBRATION,0.2922906,OK
23431852,VIBRATION,0.4498476,OK
23433102,VIBRATION,0.239508,OK
23434352,VIBRATION,0.3601256,OK
23435602,VIBRATION,0.6981069,OK
23436852,VIBRATION,0.6702561,OK
23438103,VIBRATION,0.9202697,OK
23439352,VIBRATION,0.7151609,OK
23440000,PRESSURE,101.3543,OK
23440000,TEMPERATURE,21.8628,OK
23440602,VIBRATION,0.6662334,OK
23441852,VIBRATION,1.060668,OK
23443102,VIBRATION,0.7708776,OK
23444352,VIBRATION,0.4458081,OK
23445602,VIBRATION,0.3115233,OK
23446852,VIBRATION,0.8146606,OK
23448102,VIBRATION,0.4099041,OK
23449352,VIBRATION,0.2811657,OK
23450000,PRESSURE,101.3045,OK
23450000,TEMPERATURE,21.68556,OK
23450602,VIBRATION,0.3788552,OK
23451852,VIBRATION,0.6263802,OK
23453102,VIBRATION,1.030219,OK
23454352,VIBRATION,0.7766791,OK
23455602,VIBRATION,1.084565,OK
23456852,VIBRATION,1.567216,OK
23458102,VIBRATION,1.602509,OK
23459352,VIBRATION,1.397324,OK
23460000,PRESSURE,101.4515,OK
23460000,TEMPERATURE,21.80331,OK
23460602,VIBRATION,2.061281,OK
23461852,VIBRATION,1.883976,OK
23463102,VIBRATION,1.724699,OK
23464352,VIBRATION,1.467892,OK
23465602,VIBRATION,1.307537,OK
23466852,VIBRATION,1.038863,OK
23468103,VIBRATION,0.8317395,OK
23469352,VIBRATION,0.4118826,OK
23470000,PRESSURE,101.4636,OK
23470000,TEMPERATURE,21.8955,OK
23470603,VIBRATION,0.9885533,OK
23471852,VIBRATION,0,COMM_ERROR
23473102,VIBRATION,1.100638,OK
23474353,VIBRATION,1.256642,OK
23475602,VIBRATION,1.344547,OK
23476856,VIBRATION,1.288195,OK
23478102,VIBRATION,1.211347,OK
23479455,VIBRATION,0.9026712,OK
23480000,PRESSURE,101.4416,OK
23480000,TEMPERATURE,21.78098,OK
23480603,VIBRATION,0.23445,OK
23482103,VIBRATION,0.8978503,OK
23483102,VIBRATION,0.7508587,OK
23484354,VIBRATION,0.4416907,OK
23485602,VIBRATION,0.2754567,OK
23486852,VIBRATION,0.5023575,OK
23488102,VIBRATION,0.414657,OK
23489352,VIBRATION,0.2359496,OK
23490000,PRESSURE,101.5037,OK
23490000,TEMPERATURE,21.78082,OK
23490602,VIBRATION,-0.2310419,OK
23491852,VIBRATION,-0.550051,OK
23493102,VIBRATION,-0.4242667,OK
23494352,VIBRATION,-0.4409073,OK
23495602,VIBRATION,-0.2761317,OK
23496852,VIBRATION,-0.1832937,OK
23498102,VIBRATION,-0.4219536,OK
23499352,VIBRATION,-0.3611258,OK
23500000,PRESSURE,101.5081,OK
23500000,TEMPERATURE,21.69347,OK
23500602,VIBRATION,-0.289969,OK
23501852,VIBRATION,-0.1892641,OK
23503102,VIBRATION,-0.03753379,OK
23504352,VIBRATION,-0.2963275,OK
23505602,VIBRATION,-0.4655034,OK
23506852,VIBRATION,-0.5130849,OK
23508103,VIBRATION,-0.4794,OK
23509352,VIBRATION,-0.8733717,OK
23510000,PRESSURE,101.4934,OK
23510000,TEMPERATURE,21.76912,OK
23510602,VIBRATION,-0.3402785,OK
23511852,VIBRATION,-0.4232109,OK
23513102,VIBRATION,-0.4268023,OK
23514352,VIBRATION,-0.3636916,OK
23515602,VIBRATION,-0.4796187,OK
23516852,VIBRATION,-0.2810129,OK
23518102,VIBRATION,-0.08110904,OK
23519352,VIBRATION,0.04040536,OK
23520000,PRESSURE,101.4537,OK
23520000,TEMPERATURE,21.62136,OK
23520602,VIBRATION,0.2752136,OK
23521852,VIBRATION,0.2815575,OK
23523102,VIBRATION,0.2802245,OK
23524352,VIBRATION,0.7814967,OK
23525602,VIBRATION,0.4060878,OK
23526852,VIBRATION,-0.2984358,OK
23528102,VIBRATION,-0.1102784,OK
23529352,VIBRATION,-0.008991204,OK
23530000,PRESSURE,101.502,OK
23530000,TEMPERATURE,21.70744,OK
23530602,VIBRATION,0.555598,OK
23531852,VIBRATION,0.7160684,OK
23533102,VIBRATION,0.6588273,OK
23534352,VIBRATION,0.8758315,OK
23535602,VIBRATION,0.7761355,OK
23536852,VIBRATION,0.6462922,OK
23538102,VIBRATION,0.4000448,OK
23539352,VIBRATION,0.8433759,OK
23540000,PRESSURE,101.5147,OK
23540000,TEMPERATURE,21.68036,OK
23540602,VIBRATION,1.163571,OK
23541852,VIBRATION,1.081685,OK
23543102,VIBRATION,0.3583203,OK
23544352,VIBRATION,0.2502534,OK
23545602,VIBRATION,0.05228297,OK
23546852,VIBRATION,0.1732245,OK
23548102,VIBRATION,0.2121819,OK
23549352,VIBRATION,0.04111158,OK
23550000,PRESSURE,101.4783,OK
23550000,TEMPERATURE,21.51346,OK
23550602,VIBRATION,-0.1746127,OK
23551852,VIBRATION,-0.2368364,OK
23553102,VIBRATION,-0.2123794,OK
23554352,VIBRATION,-0.5409806,OK
23555602,VIBRATION,-0.484909,OK
23556852,VIBRATION,-0.1067925,OK
23558102,VIBRATION,-0.1350639,OK
23559352,VIBRATION,0.4023461,OK
23560000,PRESSURE,101.481,OK
23560000,TEMPERATURE,21.68276,OK
23560602,VIBRATION,0.4111168,OK
23561852,VIBRATION,0.8084033,OK
23563102,VIBRATION,0.9348479,OK
23564352,VIBRATION,1.077364,OK
23565602,VIBRATION,0.870466,OK
23566852,VIBRATION,0.2485414,OK
23568102,VIBRATION,-0.4087202,OK
23569352,VIBRATION,-0.03980827,OK
23570000,PRESSURE,101.5148,OK
23570000,TEMPERATURE,21.86595,OK
23570602,VIBRATION,0.03661962,OK
23571852,VIBRATION,-0.07194793,OK
23573102,VIBRATION,-0.5216783,OK
23574352,VIBRATION,-1.078801,OK
23575602,VIBRATION,-1.026401,OK
23576852,VIBRATION,-1.398913,OK
23578102,VIBRATION,-1.164627,OK
23579375,VIBRATION,-1.268923,OK
23580000,PRESSURE,101.5232,OK
23580000,TEMPERATURE,22.05484,OK
23580602,VIBRATION,-0.6339178,OK
23581852,VIBRATION,-0.6792179,OK
23583102,VIBRATION,0.005283534,OK
23584352,VIBRATION,-0.09496072,OK
23585602,VIBRATION,-0.108839,OK
23586852,VIBRATION,0.4477867,OK
23588102,VIBRATION,0.3014503,OK
23589352,VIBRATION,-0.1226242,OK
23590000,PRESSURE,101.5218,OK
23590000,TEMPERATURE,22.21151,OK
23590602,VIBRATION,-0.1000561,OK
23591852,VIBRATION,-1.013955,OK
23593102,VIBRATION,-0.7522008,OK
23594352,VIBRATION,-0.7978026,OK
23595602,VIBRATION,-0.3900978,OK
23596852,VIBRATION,-0.6030249,OK
23598102,VIBRATION,-0.3321558,OK
23599352,VIBRATION,-0.2694863,OK
23600000,PRESSURE,101.4493,OK
23600000,TEMPERATURE,22.31998,OK
23600602,VIBRATION,-0.2629654,OK
23601852,VIBRATION,-0.9976324,OK
23603102,VIBRATION,-0.9054446,OK
23604352,VIBRATION,-0.3630898,OK
23605602,VIBRATION,-0.5664289,OK
23606852,VIBRATION,-0.7589912,OK
23608102,VIBRATION,-0.965428,OK
23609352,VIBRATION,-1.070312,OK
23610000,PRESSURE,101.389,OK
23610000,TEMPERATURE,22.26805,OK
23610602,VIBRATION,-1.566415,OK
23611852,VIBRATION,-1.260632,OK
23613102,VIBRATION,-1.589495,OK
23614352,VIBRATION,-1.178283,OK
23615602,VIBRATION,-1.558533,OK
23616852,VIBRATION,-1.416885,OK
23618102,VIBRATION,-1.16141,OK
23619352,VIBRATION,-1.451804,OK
23620000,PRESSURE,101.3914,OK
23620000,TEMPERATURE,22.14975,OK
23620602,VIBRATION,-1.856484,OK
23621852,VIBRATION,-2.09785,OK
23623102,VIBRATION,-1.9965,OK
23624352,VIBRATION,-1.86847,OK
23625602,VIBRATION,-2.237321,OK
23626852,VIBRATION,-1.800787,OK
23628102,VIBRATION,-1.178247,OK
23629352,VIBRATION,-0.5593949,OK
23630000,PRESSURE,101.365,OK
23630000,TEMPERATURE,22.24041,OK
23630602,VIBRATION,-0.1408026,OK
23631852,VIBRATION,-0.07234776,OK
23633103,VIBRATION,-0.03048724,OK
23634352,VIBRATION,0.3623697,OK
23635602,VIBRATION,0.2332986,OK
23636852,VIBRATION,-0.3657579,OK
23638102,VIBRATION,-0.3946543,OK
23639352,VIBRATION,-0.6260264,OK
23640000,PRESSURE,101.4428,OK
23640000,TEMPERATURE,22.0153,OK
23640602,VIBRATION,-0.4362002,OK
23641852,VIBRATION,-0.7417965,OK
23643102,VIBRATION,-0.3042611,OK
23644352,VIBRATION,0.1090784,OK
23645602,VIBRATION,0.2206719,OK
23646852,VIBRATION,0.4360411,OK
23648102,VIBRATION,0.7129757,OK
23649352,VIBRATION,0.7948468,OK
23650000,PRESSURE,101.3435,OK
23650000,TEMPERATURE,22.00025,OK
23650603,VIBRATION,0.8223705,OK
23651852,VIBRATION,0.6521384,OK
23653102,VIBRATION,0.4439002,OK
23654352,VIBRATION,0.751964,OK
23655602,VIBRATION,0.7468294,OK
23656852,VIBRATION,1.050132,OK
23658102,VIBRATION,0.9713813,OK
23659352,VIBRATION,1.482797,OK
23660000,PRESSURE,101.3037,OK
23660000,TEMPERATURE,22.04011,OK
23660602,VIBRATION,1.387987,OK
23661852,VIBRATION,1.449164,OK
23663102,VIBRATION,0.9849735,OK
23664354,VIBRATION,0.9417753,OK
23665602,VIBRATION,1.151514,OK
23666852,VIBRATION,0.8973728,OK
23668102,VIBRATION,1.19373,OK
23669352,VIBRATION,1.063176,OK
23670000,PRESSURE,101.307,OK
23670000,TEMPERATURE,22.03466,OK
23670602,VIBRATION,1.368514,OK
23671852,VIBRATION,0.9260504,OK
23673102,VIBRATION,0.9393666,OK
23674352,VIBRATION,1.019828,OK
23675602,VIBRATION,1.375363,OK
23676852,VIBRATION,1.267411,OK
23678102,VIBRATION,1.451799,OK
23679352,VIBRATION,0.7011851,OK
23680000,PRESSURE,101.2845,OK
23680000,TEMPERATURE,22.1127,OK
23680602,VIBRATION,0.5255509,OK
23681852,VIBRATION,0.3793915,OK
23683102,VIBRATION,0.1748105,OK
23684352,VIBRATION,-0.1591689,OK
23685602,VIBRATION,-0.1127993,OK
23686852,VIBRATION,0.2753937,OK
23688102,VIBRATION,0.3165177,OK
23689352,VIBRATION,-0.163925,OK
23690000,PRESSURE,101.2711,OK
23690000,TEMPERATURE,21.94519,OK
23690602,VIBRATION,0.1143699,OK
23691852,VIBRATION,0.1938571,OK
23693102,VIBRATION,0.7641057,OK
23694352,VIBRATION,1.242645,OK
23695602,VIBRATION,0.9450309,OK
23696852,VIBRATION,0.6572402,OK
23698102,VIBRATION,0.5477853,OK
23699352,VIBRATION,0.9555941,OK
23700000,PRESSURE,101.2681,OK
23700000,TEMPERATURE,21.84641,OK
23700602,VIBRATION,0.8368004,OK
23701852,VIBRATION,0.6330744,OK
23703102,VIBRATION,0.6338701,OK
23704352,VIBRATION,0.6181354,OK
23705602,VIBRATION,0.3961578,OK
23706852,VIBRATION,0.3651343,OK
23708102,VIBRATION,0.1415526,OK
23709352,VIBRATION,-0.02589105,OK
23710000,PRESSURE,101.2519,OK
23710000,TEMPERATURE,21.85995,OK
23710602,VIBRATION,0.265144,OK
23711852,VIBRATION,0.2462455,OK
23713102,VIBRATION,0.3949585,OK
23714352,VIBRATION,0.4127869,OK
23715602,VIBRATION,0.2724744,OK
23716852,VIBRATION,0.9835897,OK
23718102,VIBRATION,1.218662,OK
23719352,VIBRATION,1.473254,OK
23720000,PRESSURE,101.1647,OK
23720000,TEMPERATURE,21.99179,OK
23720602,VIBRATION,1.221661,OK
23721852,VIBRATION,0.8387585,OK
23723102,VIBRATION,1.180653,OK
23724352,VIBRATION,1.332457,OK
23725602,VIBRATION,1.211589,OK
23726852,VIBRATION,0.895073,OK
23728102,VIBRATION,0.4513987,OK
23729352,VIBRATION,0.6301158,OK
23730000,PRESSURE,101.1311,OK
23730000,TEMPERATURE,22.15153,OK
23730602,VIBRATION,0.5599509,OK
23731852,VIBRATION,0.9306701,OK
23733102,VIBRATION,0.3053255,OK
23734352,VIBRATION,0.3849271,OK
23735602,VIBRATION,0.1206954,OK
23736852,VIBRATION,0.3478774,OK
23738102,VIBRATION,0.5176756,OK
23739352,VIBRATION,0.700032,OK
23740000,PRESSURE,101.1331,OK
23740000,TEMPERATURE,22.31731,OK
23740602,VIBRATION,0.506404,OK
23741852,VIBRATION,0.1306569,OK
23743102,VIBRATION,0.2548975,OK
23744352,VIBRATION,0.2120382,OK
23745602,VIBRATION,-0.3358282,OK
23746852,VIBRATION,-0.612681,OK
23748102,VIBRATION,-0.6024809,OK
23749352,VIBRATION,-0.4306964,OK
23750000,PRESSURE,101.1785,OK
23750000,TEMPERATURE,22.42604,OK
23750602,VIBRATION,-0.6265769,OK
23751852,VIBRATION,-0.5223775,OK
23753102,VIBRATION,-0.6407755,OK
23754352,VIBRATION,-0.6351224,OK
23755602,VIBRATION,-0.6286645,OK
23756852,VIBRATION,-0.216824,OK
23758102,VIBRATION,-0.2540863,OK
23759352,VIBRATION,-0.3591421,OK
23760000,PRESSURE,101.225,OK
23760000,TEMPERATURE,22.36019,OK
23760602,VIBRATION,-0.4300461,OK
23761852,VIBRATION,0.3682615,OK
23763102,VIBRATION,0.4627608,OK
23764352,VIBRATION,0.3535285,OK
23765602,VIBRATION,0.1390979,OK
23766852,VIBRATION,-0.185931,OK
23768102,VIBRATION,0.03622745,OK
23769352,VIBRATION,-0.741681,OK
23770000,PRESSURE,101.2072,OK
23770000,TEMPERATURE,22.25378,OK
23770602,VIBRATION,-1.217854,OK
23771852,VIBRATION,-1.372464,OK
23773102,VIBRATION,-1.130251,OK
23774352,VIBRATION,-0.7948618,OK
23775602,VIBRATION,-0.8003632,OK
23776852,VIBRATION,-0.8181823,OK
23778102,VIBRATION,-0.6428078,OK
23779352,VIBRATION,-0.5255573,OK
23780000,PRESSURE,101.3671,OK
23780000,TEMPERATURE,22.24247,OK
23780602,VIBRATION,-1.133402,OK
23781852,VIBRATION,-1.438355,OK
23783102,VIBRATION,-0.928033,OK
23784352,VIBRATION,-1.145394,OK
23785602,VIBRATION,-1.014235,OK
23786852,VIBRATION,-0.8919958,OK
23788102,VIBRATION,-0.4420206,OK
23789352,VIBRATION,-0.6530436,OK
23790000,PRESSURE,101.3605,OK
23790000,TEMPERATURE,22.1616,OK
23790602,VIBRATION,-0.3037829,OK
23791852,VIBRATION,-0.3688559,OK
23793102,VIBRATION,-0.5904118,OK
23794352,VIBRATION,-0.05262912,OK
23795602,VIBRATION,-0.137791,OK
23796852,VIBRATION,0.3401712,OK
23798102,VIBRATION,-0.2566805,OK
23799352,VIBRATION,0.005946001,OK
23800000,PRESSURE,101.401,OK
23800000,TEMPERATURE,22.0772,OK
23800602,VIBRATION,0.2247025,OK
23801852,VIBRATION,-0.1947498,OK
23803102,VIBRATION,-0.1244237,OK
23804352,VIBRATION,-0.1393971,OK
23805602,VIBRATION,-0.574848,OK
23806852,VIBRATION,-0.3202888,OK
23808102,VIBRATION,-0.2182498,OK
23809352,VIBRATION,-0.349584,OK
23810000,PRESSURE,101.5006,OK
23810000,TEMPERATURE,22.03594,OK
23810602,VIBRATION,0.1185695,OK
23811852,VIBRATION,-0.0928857,OK
23813102,VIBRATION,0.3016324,OK
23814382,VIBRATION,-0.5337047,OK
23815602,VIBRATION,-0.3343051,OK
23816852,VIBRATION,-0.1898692,OK
23818102,VIBRATION,0.004806852,OK
23819352,VIBRATION,0.2891916,OK
23820000,PRESSURE,101.5432,OK
23820000,TEMPERATURE,22.01197,OK
23820602,VIBRATION,0.3782477,OK
23821852,VIBRATION,0.2463647,OK
23823102,VIBRATION,0.4873584,OK
23824352,VIBRATION,0.2631477,OK
23825602,VIBRATION,0.1506088,OK
23826852,VIBRATION,0.1838099,OK
23828102,VIBRATION,0.2847704,OK
23829352,VIBRATION,-0.01764798,OK
23830000,PRESSURE,101.5314,OK
23830000,TEMPERATURE,22.13203,OK
23830602,VIBRATION,0.1188181,OK
23831852,VIBRATION,0.08091608,OK
23833102,VIBRATION,0.3246553,OK
23834352,VIBRATION,0.5938457,OK
23835602,VIBRATION,0.4716286,OK
23836852,VIBRATION,0.4807173,OK
23838102,VIBRATION,1.009504,OK
23839352,VIBRATION,0.932065,OK
23840000,PRESSURE,101.5446,OK
23840000,TEMPERATURE,21.95689,OK
23840602,VIBRATION,1.063448,OK
23841852,VIBRATION,1.053712,OK
23843102,VIBRATION,0.9349618,OK
23844352,VIBRATION,0.7766716,OK
23845602,VIBRATION,1.052463,OK
23846852,VIBRATION,1.215224,OK
23848102,VIBRATION,0.8307212,OK
23849352,VIBRATION,0.2414924,OK
23850000,PRESSURE,101.4526,OK
23850000,TEMPERATURE,21.98375,OK
23850602,VIBRATION,0.5125241,OK
23851852,VIBRATION,0.1896613,OK
23853102,VIBRATION,-0.08236778,OK
23854352,VIBRATION,-0.4821425,OK
23855602,VIBRATION,-0.6599731,OK
23856852,VIBRATION,-0.506497,OK
23858102,VIBRATION,-0.8967427,OK
23859352,VIBRATION,-0.1492649,OK
23860000,PRESSURE,101.4675,OK
23860000,TEMPERATURE,21.85494,OK
23860602,VIBRATION,-0.4757784,OK
23861852,VIBRATION,-0.1274012,OK
23863365,VIBRATION,-0.2597584,OK
23864352,VIBRATION,-0.3674679,OK
23865602,VIBRATION,-0.5694407,OK
23866852,VIBRATION,-0.6234395,OK
23868102,VIBRATION,-0.3784794,OK
23869352,VIBRATION,-0.3528536,OK
23870000,PRESSURE,101.4485,OK
23870000,TEMPERATURE,22.0269,OK
23870602,VIBRATION,-0.6071086,OK
23871852,VIBRATION,-0.349823,OK
23873102,VIBRATION,0.4063814,OK
23874352,VIBRATION,0.78848,OK
23875602,VIBRATION,0.6539633,OK
23876852,VIBRATION,1.206975,OK
23878102,VIBRATION,1.194889,OK
23879352,VIBRATION,1.348108,OK
23880000,PRESSURE,101.4958,OK
23880000,TEMPERATURE,22.13745,OK
23880602,VIBRATION,1.543583,OK
23881852,VIBRATION,1.263959,OK
23883102,VIBRATION,1.075413,OK
23884352,VIBRATION,0.5218077,OK
23885602,VIBRATION,-0.2541265,OK
23886852,VIBRATION,0.2538492,OK
23888102,VIBRATION,-0.1739446,OK
23889352,VIBRATION,0.1174819,OK
23890000,PRESSURE,101.4477,OK
23890000,TEMPERATURE,22.10305,OK
23890602,VIBRATION,0.1996891,OK
23891852,VIBRATION,0.3124385,OK
23893102,VIBRATION,0.3983267,OK
23894352,VIBRATION,0.6429997,OK
23895602,VIBRATION,0.7892035,OK
23896852,VIBRATION,0.5426153,OK
23898102,VIBRATION,0.1469792,OK
23899352,VIBRATION,0.07890617,OK
23900000,PRESSURE,101.4315,OK
23900000,TEMPERATURE,22.06072,OK
23900602,VIBRATION,-0.1238458,OK
23901852,VIBRATION,-0.2193258,OK
23903102,VIBRATION,-0.5504623,OK
23904352,VIBRATION,-0.7524415,OK
23905602,VIBRATION,-0.2996469,OK
23906885,VIBRATION,-0.3321225,OK
23908189,VIBRATION,-0.1775125,OK
23909536,VIBRATION,-0.06757274,OK
23910000,PRESSURE,101.3715,OK
23910000,TEMPERATURE,21.93939,OK
23910603,VIBRATION,0.2637717,OK
23911852,VIBRATION,0.08517715,OK
23913102,VIBRATION,0.3726785,OK
23914354,VIBRATION,-0.03552344,OK
23915602,VIBRATION,-0.3274193,OK
23916852,VIBRATION,0.1540826,OK
23918102,VIBRATION,-0.1759622,OK
23919352,VIBRATION,-0.3489502,OK
23920000,PRESSURE,101.4345,OK
23920000,TEMPERATURE,21.9871,OK
23920602,VIBRATION,-0.3373535,OK
23921852,VIBRATION,-0.4822582,OK
23923102,VIBRATION,-0.226492,OK
23924352,VIBRATION,-0.07682826,OK
23925602,VIBRATION,-0.1432406,OK
23926852,VIBRATION,-0.1004284,OK
23928102,VIBRATION,-0.7145275,OK
23929352,VIBRATION,-0.3087972,OK
23930000,PRESSURE,101.4604,OK
23930000,TEMPERATURE,21.86414,OK
23930602,VIBRATION,-0.4914518,OK
23931852,VIBRATION,-0.1885342,OK
23933102,VIBRATION,0.3813029,OK
23934352,VIBRATION,0.3875784,OK
23935602,VIBRATION,0.6716761,OK
23936852,VIBRATION,0.5059742,OK
23938102,VIBRATION,0.8185042,OK
23939352,VIBRATION,0.6044811,OK
23940000,PRESSURE,101.4168,OK
23940000,TEMPERATURE,21.80057,OK
23940602,VIBRATION,0.5364683,OK
23941852,VIBRATION,0.1206417,OK
23943102,VIBRATION,0.1850327,OK
23944352,VIBRATION,0.2522888,OK
23945602,VIBRATION,-0.0713411,OK
23946852,VIBRATION,-0.538968,OK
23948102,VIBRATION,-0.3965707,OK
23949352,VIBRATION,-0.6097807,OK
23950000,PRESSURE,101.4502,OK
23950000,TEMPERATURE,21.85475,OK
23950602,VIBRATION,-0.762571,OK
23951852,VIBRATION,-1.064521,OK
23953102,VIBRATION,-0.7223895,OK
23954352,VIBRATION,-0.572319,OK
23955602,VIBRATION,-0.7091688,OK
23956852,VIBRATION,-0.7633519,OK
23958102,VIBRATION,-0.4121806,OK
23959352,VIBRATION,-0.2586462,OK
23960000,PRESSURE,101.3682,OK
23960000,TEMPERATURE,21.8411,OK
23960602,VIBRATION,0.1155489,OK
23961852,VIBRATION,-0.5196586,OK
23963103,VIBRATION,-0.7594164,OK
23964352,VIBRATION,-0.4678097,OK
23965602,VIBRATION,-0.3271708,OK
23966852,VIBRATION,-0.08945017,OK
23968102,VIBRATION,-0.1343992,OK
23969352,VIBRATION,0.1552669,OK
23970000,PRESSURE,101.3213,OK
23970000,TEMPERATURE,21.93673,OK
23970602,VIBRATION,0.2727998,OK
23971852,VIBRATION,0.09141629,OK
23973102,VIBRATION,0.2669474,OK
23974352,VIBRATION,0.5004793,OK
23975602,VIBRATION,0.1643191,OK
23976852,VIBRATION,0.5315504,OK
23978102,VIBRATION,0.5805203,OK
23979352,VIBRATION,0.7915708,OK
23980000,PRESSURE,101.2345,OK
23980000,TEMPERATURE,21.9948,OK
23980602,VIBRATION,0.6046282,OK
23981852,VIBRATION,0.4561598,OK
23983102,VIBRATION,0.2157551,OK
23984352,VIBRATION,0.5936261,OK
23985602,VIBRATION,0.4287608,OK
23986852,VIBRATION,0.1700951,OK
23988103,VIBRATION,0.2031793,OK
23989352,VIBRATION,-0.3275238,OK
23990000,PRESSURE,101.168,OK
23990000,TEMPERATURE,21.7938,OK
23990602,VIBRATION,-0.1995582,OK
23991852,VIBRATION,-0.6924659,OK
23993102,VIBRATION,-1.060085,OK
23994352,VIBRATION,-1.411365,OK
23995602,VIBRATION,-1.295404,OK
23996852,VIBRATION,-1.404792,OK
23998102,VIBRATION,-1.723631,OK
23999352,VIBRATION,-1.481835,OK
24000000,PRESSURE,101.1244,OK
24000000,TEMPERATURE,21.88877,OK
24000000,HUMIDITY,44.28806,OK
24000602,VIBRATION,-1.419266,OK
24001852,VIBRATION,-1.286155,OK
24003102,VIBRATION,-1.783371,OK
24004352,VIBRATION,-2.02547,OK
24005602,VIBRATION,-1.414657,OK
24006852,VIBRATION,-1.276613,OK
24008102,VIBRATION,-1.119564,OK
24009352,VIBRATION,-1.357797,OK
24010000,PRESSURE,101.1513,OK
24010000,TEMPERATURE,21.83044,OK
24010602,VIBRATION,-1.275504,OK
24011852,VIBRATION,-1.526268,OK
24013102,VIBRATION,-1.7487,OK
24014352,VIBRATION,-1.647659,OK
24015602,VIBRATION,-1.227752,OK
24016852,VIBRATION,-1.280338,OK
24018102,VIBRATION,-0.9598479,OK
24019352,VIBRATION,-0.946231,OK
24020000,PRESSURE,101.136,OK
24020000,TEMPERATURE,21.90854,OK
24020602,VIBRATION,-1.20454,OK
24021852,VIBRATION,-1.407249,OK
24023102,VIBRATION,-1.241206,OK
24024352,VIBRATION,-1.431295,OK
24025602,VIBRATION,-1.221136,OK
24026852,VIBRATION,-0.6079264,OK
24028102,VIBRATION,-0.8378964,OK
24029352,VIBRATION,-1.170256,OK
24030000,PRESSURE,101.2011,OK
24030000,TEMPERATURE,21.99317,OK
24030602,VIBRATION,-1.38447,OK
24031852,VIBRATION,-1.189699,OK
24033102,VIBRATION,-1.298187,OK
24034352,VIBRATION,-1.49279,OK
24035602,VIBRATION,-0.9385313,OK
24036852,VIBRATION,-0.6887765,OK
24038102,VIBRATION,-0.7579726,OK
24039352,VIBRATION,-1.101768,OK
24040000,PRESSURE,101.2773,OK
24040000,TEMPERATURE,22.12354,OK
24040602,VIBRATION,-1.135526,OK
24041852,VIBRATION,-0.9903625,OK
24043102,VIBRATION,-0.8374268,OK
24044352,VIBRATION,-0.8522834,OK
24045602,VIBRATION,-0.3976953,OK
24046853,VIBRATION,-0.2240683,OK
24048102,VIBRATION,-0.9118618,OK
24049352,VIBRATION,-0.7499354,OK
24050000,PRESSURE,101.2295,OK
24050000,TEMPERATURE,22.15113,OK
24050602,VIBRATION,-0.9679741,OK
24051852,VIBRATION,-0.6276528,OK
24053102,VIBRATION,-0.3764287,OK
24054352,VIBRATION,-0.5150735,OK
24055643,VIBRATION,-0.617877,OK
24056852,VIBRATION,-0.6263844,OK
24058102,VIBRATION,-0.4159956,OK
24059352,VIBRATION,-0.8251488,OK
24060000,PRESSURE,101.2126,OK
24060000,TEMPERATURE,22.20373,OK
24060602,VIBRATION,-1.002668,OK
24061852,VIBRATION,-0.9063301,OK
24063102,VIBRATION,-0.8110031,OK
24064352,VIBRATION,-0.6304426,OK
24065602,VIBRATION,-0.8455029,OK
24066852,VIBRATION,-1.126721,OK
24068102,VIBRATION,-1.416983,OK
24069352,VIBRATION,-0.8478343,OK
24070000,PRESSURE,101.294,OK
24070000,TEMPERATURE,22.41969,OK
24070602,VIBRATION,-0.7453296,OK
24071852,VIBRATION,-1.034304,OK
24073102,VIBRATION,-0.3584819,OK
24074352,VIBRATION,-0.3238747,OK
24075602,VIBRATION,-0.2198813,OK
24076852,VIBRATION,-0.1398751,OK
24078102,VIBRATION,-0.1099707,OK
24079352,VIBRATION,0.01201465,OK
24080000,PRESSURE,101.2325,OK
24080000,TEMPERATURE,22.3966,OK
24080602,VIBRATION,0.04882477,OK
24081852,VIBRATION,-0.2298774,OK
24083102,VIBRATION,-0.2710641,OK
24084352,VIBRATION,-0.4593004,OK
24085602,VIBRATION,0.2402707,OK
24086852,VIBRATION,0.7030226,OK
24088102,VIBRATION,0.466189,OK
24089352,VIBRATION,1.024509,OK
24090000,PRESSURE,101.203,OK
24090000,TEMPERATURE,22.37967,OK
24090602,VIBRATION,0.9157285,OK
24091852,VIBRATION,1.285135,OK
24093102,VIBRATION,1.280749,OK
24094352,VIBRATION,1.409781,OK
24095602,VIBRATION,1.035903,OK
24096852,VIBRATION,0.6070672,OK
24098102,VIBRATION,0.9264679,OK
24099352,VIBRATION,0.07324235,OK
24100001,PRESSURE,101.2303,OK
24100001,TEMPERATURE,22.45771,OK
24100602,VIBRATION,-0.1476117,OK
24101853,VIBRATION,-0.2734622,OK
24103103,VIBRATION,-0.2097512,OK
24104352,VIBRATION,0.2939546,OK
24105602,VIBRATION,-0.1580938,OK
24106852,VIBRATION,-0.6756618,OK
24108103,VIBRATION,-0.884551,OK
24109352,VIBRATION,-0.6328348,OK
24110001,PRESSURE,101.1947,OK
24110001,TEMPERATURE,22.47656,OK
24110602,VIBRATION,-0.6383665,OK
24111852,VIBRATION,-0.396803,OK
24113102,VIBRATION,-0.05612037,OK
24114352,VIBRATION,0.1450499,OK
24115602,VIBRATION,0.1277788,OK
24116853,VIBRATION,-0.3665727,OK
24118103,VIBRATION,-0.3759895,OK
24119353,VIBRATION,-0.2879045,OK
24120000,PRESSURE,101.2237,OK
24120000,TEMPERATURE,22.49006,OK
24120603,VIBRATION,0.06127681,OK
24121852,VIBRATION,0.5293374,OK
24123102,VIBRATION,0.3983167,OK
24124352,VIBRATION,0.1666257,OK
24125602,VIBRATION,-0.0678581,OK
24126852,VIBRATION,-0.312398,OK
24128102,VIBRATION,-0.256601,OK
24129353,VIBRATION,-0.3537607,OK
24130001,PRESSURE,101.2841,OK
24130001,TEMPERATURE,22.35665,OK
24130602,VIBRATION,-0.5563676,OK
24131852,VIBRATION,-0.5279665,OK
24133103,VIBRATION,-0.8093952,OK
24134352,VIBRATION,-0.9508128,OK
24135603,VIBRATION,-0.8850855,OK
24136852,VIBRATION,-0.7970824,OK
24138102,VIBRATION,-0.1506573,OK
24139352,VIBRATION,0.1400982,OK
24140000,PRESSURE,101.1975,OK
24140000,TEMPERATURE,22.42108,OK
24140602,VIBRATION,-0.1008157,OK
24141852,VIBRATION,0.02762828,OK
24143102,VIBRATION,0.3090057,OK
24144352,VIBRATION,0.7373286,OK
24145602,VIBRATION,0.5105418,OK
24146852,VIBRATION,0.6538266,OK
24148102,VIBRATION,0.672582,OK
24149352,VIBRATION,0.7435489,OK
24150000,PRESSURE,101.2463,OK
24150000,TEMPERATURE,22.3686,OK
24150602,VIBRATION,0.6741402,OK
24151852,VIBRATION,0.8460183,OK
24153102,VIBRATION,0.9306269,OK
24154353,VIBRATION,1.140138,OK
24155603,VIBRATION,1.28353,OK
24156852,VIBRATION,1.134597,OK
24158103,VIBRATION,0.781728,OK
24159353,VIBRATION,1.146531,OK
24160000,PRESSURE,101.2622,OK
24160000,TEMPERATURE,22.28141,OK
24160602,VIBRATION,1.455248,OK
24161852,VIBRATION,1.207871,OK
24163102,VIBRATION,2.016784,OK
24164352,VIBRATION,1.858807,OK
24165860,VIBRATION,1.747921,OK
24166852,VIBRATION,1.690345,OK
24168102,VIBRATION,1.400337,OK
24169352,VIBRATION,1.311188,OK
24170000,PRESSURE,101.2706,OK
24170000,TEMPERATURE,22.15181,OK
24170602,VIBRATION,0.8909628,OK
24171852,VIBRATION,1.215319,OK
24173102,VIBRATION,0.7523483,OK
24174352,VIBRATION,0.7426594,OK
24175602,VIBRATION,0.5034723,OK
24176852,VIBRATION,0.6215959,OK
24178102,VIBRATION,1.091729,OK
24179352,VIBRATION,1.295391,OK
24180000,PRESSURE,101.1582,OK
24180000,TEMPERATURE,21.98966,OK
24180602,VIBRATION,1.345825,OK
24181852,VIBRATION,1.083661,OK
24183103,VIBRATION,1.320821,OK
24184352,VIBRATION,1.382067,OK
24185602,VIBRATION,1.440918,OK
24186852,VIBRATION,1.356476,OK
24188103,VIBRATION,1.623312,OK
24189352,VIBRATION,1.399008,OK
24190000,PRESSURE,101.1725,OK
24190000,TEMPERATURE,21.99903,OK
24190603,VIBRATION,1.034209,OK
24191852,VIBRATION,0.8334116,OK
24193102,VIBRATION,0.8266856,OK
24194352,VIBRATION,-0.08745465,OK
24195602,VIBRATION,-0.6006013,OK
24196852,VIBRATION,-1.399418,OK
24198103,VIBRATION,-1.319866,OK
24199352,VIBRATION,-1.282811,OK
24200001,PRESSURE,101.0898,OK
24200001,TEMPERATURE,22.18538,OK
24200602,VIBRATION,-0.691365,OK
24201852,VIBRATION,-1.319481,OK
24203102,VIBRATION,-1.748572,OK
24204352,VIBRATION,-1.503386,OK
24205602,VIBRATION,-1.25528,OK
24206852,VIBRATION,-1.75565,OK
24208102,VIBRATION,-1.689569,OK
24209352,VIBRATION,-1.397744,OK
24210000,PRESSURE,101.0653,OK
24210000,TEMPERATURE,22.08047,OK
24210602,VIBRATION,-1.456587,OK
24211852,VIBRATION,-1.451862,OK
24213103,VIBRATION,-1.608164,OK
24214352,VIBRATION,-1.64972,OK
24215603,VIBRATION,-1.609534,OK
24216852,VIBRATION,-1.210577,OK
24218102,VIBRATION,-1.371671,OK
24219352,VIBRATION,-1.163306,OK
24220000,PRESSURE,101.0861,OK
24220000,TEMPERATURE,21.98583,OK
24220602,VIBRATION,-1.900883,OK
24221852,VIBRATION,-2.4521,OK
24223103,VIBRATION,-2.868646,OK
24224352,VIBRATION,-2.687285,OK
24225602,VIBRATION,-3.249356,OK
24226852,VIBRATION,-2.939105,OK
24228104,VIBRATION,-2.958827,OK
24229352,VIBRATION,-2.958065,OK
24230000,PRESSURE,101.0283,OK
24230000,TEMPERATURE,22.09871,OK
24230602,VIBRATION,-2.361847,OK
24231853,VIBRATION,-2.258368,OK
24233102,VIBRATION,-2.347645,OK
24234353,VIBRATION,-2.041968,OK
24235603,VIBRATION,-1.879,OK
24236852,VIBRATION,-2.445744,OK
24238102,VIBRATION,-1.890514,OK
24239352,VIBRATION,-1.625202,OK
24240000,PRESSURE,101.0755,OK
24240000,TEMPERATURE,22.00882,OK
24240602,VIBRATION,-1.690855,OK
24241852,VIBRATION,-1.625892,OK
24243102,VIBRATION,-1.385298,OK
24244353,VIBRATION,-0.8912815,OK
24245602,VIBRATION,-1.040552,OK
24246852,VIBRATION,-0.9538391,OK
24248102,VIBRATION,-0.9789133,OK
24249353,VIBRATION,-1.119758,OK
24250000,PRESSURE,101.1504,OK
24250000,TEMPERATURE,21.90551,OK
24250602,VIBRATION,-0.8559067,OK
24251853,VIBRATION,-1.276594,OK
24253103,VIBRATION,-1.413709,OK
24254352,VIBRATION,-1.370377,OK
24255603,VIBRATION,-1.762264,OK
24256852,VIBRATION,-1.921628,OK
24258102,VIBRATION,-2.228191,OK
24259352,VIBRATION,-1.651163,OK
24260001,PRESSURE,101.1632,OK
24260001,TEMPERATURE,21.83894,OK
24260603,VIBRATION,-1.744453,OK
24261853,VIBRATION,-1.819616,OK
24263102,VIBRATION,-1.522234,OK
24264353,VIBRATION,-1.789477,OK
24265602,VIBRATION,-1.891904,OK
24266852,VIBRATION,-1.489093,OK
24268103,VIBRATION,-1.50935,OK
24269353,VIBRATION,-1.642099,OK
24270000,PRESSURE,101.2076,OK
24270000,TEMPERATURE,22.02628,OK
24270602,VIBRATION,-2.338659,OK
24271852,VIBRATION,-2.023502,OK
24273102,VIBRATION,-1.92235,OK
24274352,VIBRATION,-0.9815584,OK
24275602,VIBRATION,-1.05057,OK
24276852,VIBRATION,-0.4849085,OK
24278102,VIBRATION,-0.05205646,OK
24279352,VIBRATION,-0.754371,OK
24280000,PRESSURE,101.2494,OK
24280000,TEMPERATURE,22.07499,OK
24280602,VIBRATION,-0.2926385,OK
24281852,VIBRATION,-0.369445,OK
24283102,VIBRATION,-0.04704064,OK
24284354,VIBRATION,-0.03945935,OK
24285602,VIBRATION,0.0803086,OK
24286853,VIBRATION,0.1570892,OK
24288102,VIBRATION,-0.1657047,OK
24289352,VIBRATION,0.1746905,OK
24290000,PRESSURE,101.3175,OK
24290000,TEMPERATURE,22.17847,OK
24290602,VIBRATION,0.6749643,OK
24291852,VIBRATION,0.4722706,OK
24293102,VIBRATION,0.390433,OK
24294352,VIBRATION,0.7125127,OK
24295602,VIBRATION,1.208883,OK
24296852,VIBRATION,1.469178,OK
24298102,VIBRATION,1.291424,OK
24299352,VIBRATION,0.971979,OK
24300000,PRESSURE,101.2868,OK
24300000,TEMPERATURE,22.21631,OK
24300602,VIBRATION,1.392292,OK
24301852,VIBRATION,1.167307,OK
24303102,VIBRATION,0.8855444,OK
24304352,VIBRATION,1.007305,OK
24305602,VIBRATION,1.350491,OK
24306852,VIBRATION,1.38801,OK
24308102,VIBRATION,1.53147,OK
24309352,VIBRATION,0.7897998,OK
24310000,PRESSURE,101.3138,OK
24310000,TEMPERATURE,22.14502,OK
24310602,VIBRATION,0.7362577,OK
24311852,VIBRATION,1.068634,OK
24313102,VIBRATION,0.6358616,OK
24314352,VIBRATION,0.5945154,OK
24315602,VIBRATION,0.519297,OK
24316852,VIBRATION,0.5574235,OK
24318102,VIBRATION,0.5014972,OK
24319352,VIBRATION,0.7471445,OK
24320000,PRESSURE,101.3046,OK
24320000,TEMPERATURE,22.1379,OK
24320602,VIBRATION,1.10299,OK
24321852,VIBRATION,0,COMM_ERROR
24323102,VIBRATION,0.8948345,OK
24324352,VIBRATION,0.738849,OK
24325602,VIBRATION,0.982835,OK
24326852,VIBRATION,0.8019638,OK
24328102,VIBRATION,1.002975,OK
24329352,VIBRATION,0.5322413,OK
24330000,PRESSURE,101.297,OK
24330000,TEMPERATURE,22.19216,OK
24330602,VIBRATION,0.6556535,OK
24331852,VIBRATION,1.118374,OK
24333102,VIBRATION,1.221771,OK
24334352,VIBRATION,1.057312,OK
24335602,VIBRATION,0.8889522,OK
24336852,VIBRATION,0.6684512,OK
24338102,VIBRATION,0.8562448,OK
24339352,VIBRATION,1.141391,OK
24340000,PRESSURE,101.2418,OK
24340000,TEMPERATURE,22.0242,OK
24340602,VIBRATION,1.037152,OK
24341852,VIBRATION,0.6847999,OK
24343102,VIBRATION,0.9695876,OK
24344352,VIBRATION,0.6232776,OK
24345602,VIBRATION,-0.003724682,OK
24346852,VIBRATION,0.02927969,OK
24348102,VIBRATION,-0.1405702,OK
24349352,VIBRATION,0.4389281,OK
24350000,PRESSURE,101.2125,OK
24350000,TEMPERATURE,22.04883,OK
24350602,VIBRATION,0.4164795,OK
24351852,VIBRATION,0.3258499,OK
24353102,VIBRATION,0.6476612,OK
24354352,VIBRATION,0.8698406,OK
24355602,VIBRATION,1.144689,OK
24356852,VIBRATION,0.8799327,OK
24358102,VIBRATION,0.663473,OK
24359352,VIBRATION,0.5383063,OK
24360000,PRESSURE,101.2939,OK
24360000,TEMPERATURE,22.0125,OK
24360602,VIBRATION,0.7233642,OK
24361852,VIBRATION,0.3039514,OK
24363102,VIBRATION,0.3571551,OK
24364352,VIBRATION,0.2895244,OK
24365602,VIBRATION,-0.1408586,OK
24366852,VIBRATION,0.01588918,OK
24368102,VIBRATION,-0.3350506,OK
24369352,VIBRATION,-0.6656286,OK
24370000,PRESSURE,101.3122,OK
24370000,TEMPERATURE,22.04456,OK
24370606,VIBRATION,-0.7808941,OK
24371852,VIBRATION,-1.145995,OK
24373102,VIBRATION,-1.369897,OK
24374352,VIBRATION,-1.096005,OK
24375602,VIBRATION,-0.9412757,OK
24376852,VIBRATION,-1.068965,OK
24378102,VIBRATION,-0.6200661,OK
24379352,VIBRATION,-0.441963,OK
24380000,PRESSURE,101.3343,OK
24380000,TEMPERATURE,22.0502,OK
24380602,VIBRATION,-0.4192902,OK
24381852,VIBRATION,-0.4996096,OK
24383102,VIBRATION,-0.4598458,OK
24384352,VIBRATION,-0.9014304,OK
24385602,VIBRATION,-0.6817034,OK
24386852,VIBRATION,-0.7541639,OK
24388103,VIBRATION,-0.8334173,OK
24389352,VIBRATION,-1.093364,OK
24390000,PRESSURE,101.2695,OK
24390000,TEMPERATURE,22.08031,OK
24390602,VIBRATION,-1.393354,OK
24391852,VIBRATION,-1.356782,OK
24393102,VIBRATION,-1.592317,OK
24394352,VIBRATION,-1.892785,OK
24395602,VIBRATION,-1.427963,OK
24396852,VIBRATION,-1.395998,OK
24398102,VIBRATION,-1.271192,OK
24399352,VIBRATION,-1.516853,OK
24400000,PRESSURE,101.2552,OK
24400000,TEMPERATURE,22.10757,OK
24406861,VIBRATION,-1.464348,OK
24408112,VIBRATION,-1.534554,OK
24409362,VIBRATION,-1.236487,OK
24410000,PRESSURE,101.2669,OK
24410000,TEMPERATURE,22.21446,OK
24410612,VIBRATION,-0.9231144,OK
24411862,VIBRATION,-1.314947,OK
24413112,VIBRATION,-1.873287,OK
24414362,VIBRATION,-1.924573,OK
24415612,VIBRATION,-1.545848,OK
24416862,VIBRATION,-1.729492,OK
24418112,VIBRATION,-2.316416,OK
24419362,VIBRATION,-2.268454,OK
24420001,PRESSURE,101.3523,OK
24420001,TEMPERATURE,22.27817,OK
24420653,VIBRATION,-1.999363,OK
24421861,VIBRATION,-1.854092,OK
24423111,VIBRATION,-1.63451,OK
24424361,VIBRATION,-1.326288,OK
24425611,VIBRATION,-1.142271,OK
24426861,VIBRATION,-1.121947,OK
24428111,VIBRATION,-1.181091,OK
24429361,VIBRATION,-1.380649,OK
24430000,PRESSURE,101.3388,OK
24430000,TEMPERATURE,22.03959,OK
24430611,VIBRATION,-1.587056,OK
24431861,VIBRATION,-1.184693,OK
24433111,VIBRATION,-0.5618824,OK
24434361,VIBRATION,-0.1149532,OK
24435611,VIBRATION,0.1170653,OK
24436862,VIBRATION,0.1409188,OK
24438111,VIBRATION,-0.02508797,OK
24439361,VIBRATION,0.02979803,OK
24440000,PRESSURE,101.1652,OK
24440000,TEMPERATURE,22.00946,OK
24440611,VIBRATION,0.2582086,OK
24441861,VIBRATION,0.3156881,OK
24443111,VIBRATION,0.9259384,OK
24444361,VIBRATION,0.5428916,OK
24445611,VIBRATION,0.6827794,OK
24446861,VIBRATION,0.4083057,OK
24448111,VIBRATION,0.6704864,OK
24449361,VIBRATION,0.6944034,OK
24450000,PRESSURE,101.1882,OK
24450000,TEMPERATURE,22.00742,OK
24450611,VIBRATION,0.2652096,OK
24451861,VIBRATION,0.003762622,OK
24453112,VIBRATION,-0.04129064,OK
24454362,VIBRATION,-0.142219,OK
24455611,VIBRATION,-0.1787014,OK
24456862,VIBRATION,-0.1869891,OK
24458112,VIBRATION,-0.02902007,OK
24459361,VIBRATION,-0.2287397,OK
24460000,PRESSURE,101.2021,OK
24460000,TEMPERATURE,21.9255,OK
24460611,VIBRATION,-0.2338689,OK
24461862,VIBRATION,-0.1825674,OK
24463112,VIBRATION,0.00292832,OK
24464361,VIBRATION,-0.137565,OK
24465612,VIBRATION,-0.2524935,OK
24466861,VIBRATION,-0.1301818,OK
24468112,VIBRATION,0.179973,OK
24469361,VIBRATION,0.3884353,OK
24470000,PRESSURE,101.2103,OK
24470000,TEMPERATURE,21.98834,OK
24470611,VIBRATION,0.7814983,OK
24471861,VIBRATION,0.853455,OK
24473111,VIBRATION,0.671729,OK
24474361,VIBRATION,0.5299203,OK
24475611,VIBRATION,0.3592866,OK
24476861,VIBRATION,0.1967421,OK
24478111,VIBRATION,0.04518365,OK
24479361,VIBRATION,-0.4794259,OK
24480000,PRESSURE,101.2468,OK
24480000,TEMPERATURE,21.95574,OK
24480611,VIBRATION,-0.1944171,OK
24481861,VIBRATION,0.1469543,OK
24483111,VIBRATION,0.2057221,OK
24484361,VIBRATION,0.1180521,OK
24485611,VIBRATION,-0.307386,OK
24486861,VIBRATION,-0.1794161,OK
24488111,VIBRATION,-0.4556267,OK
24489361,VIBRATION,-0.6313772,OK
24490000,PRESSURE,101.313,OK
24490000,TEMPERATURE,22.11603,OK
24490611,VIBRATION,-0.5316532,OK
24491861,VIBRATION,-0.6217951,OK
24493111,VIBRATION,-0.5045566,OK
24494361,VIBRATION,-0.193296,OK
24495611,VIBRATION,-0.5429346,OK
24496861,VIBRATION,0.007793159,OK
24498111,VIBRATION,0.3014233,OK
24499361,VIBRATION,-0.1273006,OK
24500000,PRESSURE,101.2406,OK
24500000,TEMPERATURE,22.10929,OK
24500611,VIBRATION,0.4087993,OK
24501863,VIBRATION,0.4036432,OK
24503111,VIBRATION,0.1718089,OK
24504361,VIBRATION,0.3859432,OK
24505611,VIBRATION,0.6386469,OK
24506861,VIBRATION,0.7708334,OK
24508111,VIBRATION,0.5257486,OK
24509361,VIBRATION,0.7827078,OK
24510000,PRESSURE,101.1734,OK
24510000,TEMPERATURE,22.29126,OK
24510611,VIBRATION,0.7068035,OK
24511861,VIBRATION,1.103746,OK
24513111,VIBRATION,1.436986,OK
24514361,VIBRATION,1.42407,OK
24515611,VIBRATION,0.7154499,OK
24516861,VIBRATION,1.042456,OK
24518111,VIBRATION,0.8417142,OK
24519361,VIBRATION,0.9406413,OK
24520000,PRESSURE,101.195,OK
24520000,TEMPERATURE,22.27595,OK
24520611,VIBRATION,0.803175,OK
24521861,VIBRATION,0.7527828,OK
24523111,VIBRATION,0.7378945,OK
24524361,VIBRATION,0.1864067,OK
24525611,VIBRATION,0.005641119,OK
24526861,VIBRATION,-0.08140759,OK
24528111,VIBRATION,0.1088056,OK
24529361,VIBRATION,0.8764808,OK
24530000,PRESSURE,101.1943,OK
24530000,TEMPERATURE,22.24577,OK
24530611,VIBRATION,0.8856408,OK
24531861,VIBRATION,1.471756,OK
24533111,VIBRATION,1.346995,OK
24534361,VIBRATION,1.288339,OK
24535611,VIBRATION,1.471878,OK
24536861,VIBRATION,1.244135,OK
24538111,VIBRATION,0.7637536,OK
24539361,VIBRATION,1.108725,OK
24540000,PRESSURE,101.2228,OK
24540000,TEMPERATURE,22.3429,OK
24540611,VIBRATION,1.029534,OK
24541861,VIBRATION,1.103253,OK
24543111,VIBRATION,1.076916,OK
24544361,VIBRATION,1.196045,OK
24545611,VIBRATION,0.9660489,OK
24546861,VIBRATION,0.7290891,OK
24548111,VIBRATION,0.6463504,OK
24549361,VIBRATION,0.1074082,OK
24550000,PRESSURE,101.2583,OK
24550000,TEMPERATURE,22.4542,OK
24550611,VIBRATION,0.3337508,OK
24551861,VIBRATION,0.2743978,OK
24553111,VIBRATION,0.05312071,OK
24554361,VIBRATION,0.1067081,OK
24555611,VIBRATION,-0.2790787,OK
24556861,VIBRATION,-0.2188348,OK
24558111,VIBRATION,0.3103829,OK
24559361,VIBRATION,-0.05995213,OK
24560000,PRESSURE,101.2733,OK
24560000,TEMPERATURE,22.37695,OK
24560611,VIBRATION,-0.05052811,OK
24561861,VIBRATION,0.03373702,OK
24563111,VIBRATION,0.06716463,OK
24564361,VIBRATION,0.03253701,OK
24565611,VIBRATION,0.2394314,OK
24566861,VIBRATION,0.329299,OK
24568111,VIBRATION,0.34193,OK
24569361,VIBRATION,-0.194661,OK
24570000,PRESSURE,101.2659,OK
24570000,TEMPERATURE,22.24322,OK
24570611,VIBRATION,0.1496083,OK
24571861,VIBRATION,-0.2741325,OK
24573111,VIBRATION,-0.5613102,OK
24574361,VIBRATION,-0.3457494,OK
24575611,VIBRATION,-0.1129403,OK
24576861,VIBRATION,-0.06064678,OK
24578111,VIBRATION,0.1555396,OK
24579361,VIBRATION,0.6706058,OK
24580000,PRESSURE,101.3031,OK
24580000,TEMPERATURE,22.19579,OK
24580611,VIBRATION,1.073961,OK
24581861,VIBRATION,0.8732641,OK
24583111,VIBRATION,1.357946,OK
24584361,VIBRATION,1.116741,OK
24585611,VIBRATION,1.670744,OK
24586861,VIBRATION,1.323084,OK
24588111,VIBRATION,1.608235,OK
24589361,VIBRATION,1.791897,OK
24590000,PRESSURE,101.2585,OK
24590000,TEMPERATURE,22.31115,OK
24590611,VIBRATION,1.771211,OK
24591861,VIBRATION,1.534764,OK
24593111,VIBRATION,1.42682,OK
24594361,VIBRATION,1.363004,OK
24595611,VIBRATION,1.258574,OK
24596861,VIBRATION,1.203573,OK
24598111,VIBRATION,1.060357,OK
24599361,VIBRATION,1.370689,OK
24600000,PRESSURE,101.3021,OK
24600000,TEMPERATURE,22.17423,OK
24600611,VIBRATION,1.283283,OK
24601861,VIBRATION,0.449468,OK
24603111,VIBRATION,0.8424556,OK
24604361,VIBRATION,1.40788,OK
24605612,VIBRATION,0.9769745,OK
24606861,VIBRATION,1.516904,OK
24608111,VIBRATION,1.933555,OK
24609361,VIBRATION,1.350476,OK
24610000,PRESSURE,101.3164,OK
24610000,TEMPERATURE,22.35952,OK
24610611,VIBRATION,1.380965,OK
24611861,VIBRATION,1.328086,OK
24613111,VIBRATION,1.231863,OK
24614361,VIBRATION,1.234545,OK
24615611,VIBRATION,1.538982,OK
24616861,VIBRATION,1.312255,OK
24618112,VIBRATION,1.610361,OK
24619361,VIBRATION,0.853532,OK
24620000,PRESSURE,101.2754,OK
24620000,TEMPERATURE,22.55289,OK
24620611,VIBRATION,1.385266,OK
24621861,VIBRATION,0.7957584,OK
24623111,VIBRATION,0.7544952,OK
24624361,VIBRATION,0.8006357,OK
24625611,VIBRATION,0.5569109,OK
24626861,VIBRATION,0.2423524,OK
24628111,VIBRATION,0.4755318,OK
24629361,VIBRATION,0.51551,OK
24630000,PRESSURE,101.2272,OK
24630000,TEMPERATURE,22.50527,OK
24630611,VIBRATION,0.7725993,OK
24631861,VIBRATION,0.8615522,OK
24633111,VIBRATION,0.6774462,OK
24634392,VIBRATION,0.5755248,OK
24635611,VIBRATION,0.3734821,OK
24636861,VIBRATION,-0.08099248,OK
24638111,VIBRATION,0.08437843,OK
24639361,VIBRATION,-0.8162015,OK
24640000,PRESSURE,101.1913,OK
24640000,TEMPERATURE,22.54321,OK
24640611,VIBRATION,-0.9096577,OK
24641861,VIBRATION,-0.8739519,OK
24643111,VIBRATION,-1.078527,OK
24644361,VIBRATION,-0.9520421,OK
24645611,VIBRATION,-1.048275,OK
24646861,VIBRATION,-0.6272972,OK
24648111,VIBRATION,-0.5276949,OK
24649361,VIBRATION,-0.4908621,OK
24650000,PRESSURE,101.1378,OK
24650000,TEMPERATURE,22.50168,OK
24650611,VIBRATION,-0.5317639,OK
24651861,VIBRATION,-0.3839944,OK
24653111,VIBRATION,-0.9257522,OK
24654361,VIBRATION,-1.140299,OK
24655611,VIBRATION,-1.315351,OK
24656861,VIBRATION,-1.442447,OK
24658111,VIBRATION,-1.419073,OK
24659361,VIBRATION,-1.56435,OK
24660000,PRESSURE,101.1325,OK
24660000,TEMPERATURE,22.33381,OK
24660611,VIBRATION,-1.399099,OK
24661861,VIBRATION,-1.701129,OK
24663111,VIBRATION,-1.876949,OK
24664361,VIBRATION,-1.603679,OK
24665611,VIBRATION,-1.827626,OK
24666861,VIBRATION,-2.006628,OK
24668111,VIBRATION,-2.06829,OK
24669361,VIBRATION,-1.85245,OK
24670000,PRESSURE,101.2027,OK
24670000,TEMPERATURE,22.46524,OK
24670611,VIBRATION,-1.532035,OK
24671861,VIBRATION,-1.636809,OK
24673111,VIBRATION,-1.417764,OK
24674361,VIBRATION,-1.440303,OK
24675611,VIBRATION,-1.404769,OK
24676861,VIBRATION,-1.037135,OK
24678111,VIBRATION,-1.693513,OK
24679361,VIBRATION,-1.5556,OK
24680000,PRESSURE,101.1817,OK
24680000,TEMPERATURE,22.40373,OK
24680611,VIBRATION,-1.832824,OK
24681861,VIBRATION,-1.794125,OK
24683111,VIBRATION,-1.719605,OK
24684361,VIBRATION,-2.163859,OK
24685688,VIBRATION,-2.545405,OK
24686861,VIBRATION,-2.364496,OK
24688111,VIBRATION,-2.75608,OK
24689361,VIBRATION,-2.31723,OK
24690000,PRESSURE,101.1266,OK
24690000,TEMPERATURE,22.24269,OK
24690611,VIBRATION,-2.077615,OK
24691861,VIBRATION,-2.183866,OK
24693111,VIBRATION,-1.965286,OK
24694361,VIBRATION,-1.873202,OK
24695611,VIBRATION,-2.048457,OK
24696861,VIBRATION,-2.115485,OK
24698111,VIBRATION,-2.146088,OK
24699361,VIBRATION,-2.243167,OK
24700000,PRESSURE,101.1598,OK
24700000,TEMPERATURE,22.40018,OK
24700611,VIBRATION,-2.075824,OK
24701861,VIBRATION,-1.516445,OK
24703111,VIBRATION,-1.253933,OK
24704361,VIBRATION,-0.9806814,OK
24705611,VIBRATION,-1.004865,OK
24706861,VIBRATION,-0.8454154,OK
24708111,VIBRATION,-0.7476962,OK
24709361,VIBRATION,-0.7347913,OK
24710000,PRESSURE,101.1658,OK
24710000,TEMPERATURE,22.4085,OK
24710611,VIBRATION,-0.8169214,OK
24711861,VIBRATION,-0.6853294,OK
24713111,VIBRATION,-0.3739146,OK
24714361,VIBRATION,-0.4364893,OK
24715611,VIBRATION,-0.7283058,OK
24716861,VIBRATION,-0.9876177,OK
24718111,VIBRATION,-1.26232,OK
24719361,VIBRATION,-0.9210252,OK
24720000,PRESSURE,101.282,OK
24720000,TEMPERATURE,22.46605,OK
24720611,VIBRATION,-0.5044403,OK
24721861,VIBRATION,0.1677803,OK
24723111,VIBRATION,0.3927442,OK
24724361,VIBRATION,-0.2470431,OK
24725611,VIBRATION,0.3993837,OK
24726861,VIBRATION,0.5857844,OK
24728111,VIBRATION,0.2951772,OK
24729361,VIBRATION,0.2832761,OK
24730000,PRESSURE,101.2555,OK
24730000,TEMPERATURE,22.4325,OK
24730611,VIBRATION,0.04723243,OK
24731861,VIBRATION,0.2381972,OK
24733111,VIBRATION,0.05537499,OK
24734361,VIBRATION,-0.05203556,OK
24735611,VIBRATION,-0.2259605,OK
24736861,VIBRATION,-0.1701456,OK
24738111,VIBRATION,-0.463618,OK
24739361,VIBRATION,-0.5960021,OK
24740000,PRESSURE,101.2549,OK
24740000,TEMPERATURE,22.40942,OK
24740611,VIBRATION,-1.143959,OK
24741861,VIBRATION,-1.175801,OK
24743111,VIBRATION,-1.265596,OK
24744361,VIBRATION,-0.8526312,OK
24745611,VIBRATION,-1.166576,OK
24746861,VIBRATION,-0.3865253,OK
24748111,VIBRATION,-0.7111958,OK
24749361,VIBRATION,-0.8407552,OK
24750000,PRESSURE,101.2863,OK
24750000,TEMPERATURE,22.43743,OK
24750611,VIBRATION,-1.280122,OK
24751861,VIBRATION,-0.8864178,OK
24753111,VIBRATION,-0.5643776,OK
24754361,VIBRATION,-0.248985,OK
24755611,VIBRATION,-0.6225043,OK
24756861,VIBRATION,-0.2796784,OK
24758111,VIBRATION,-0.9203133,OK
24759361,VIBRATION,-0.6949268,OK
24760000,PRESSURE,101.2066,OK
24760000,TEMPERATURE,22.52565,OK
24760611,VIBRATION,-0.9350836,OK
24761861,VIBRATION,-0.8824868,OK
24763111,VIBRATION,-1.094572,OK
24764361,VIBRATION,-0.7838299,OK
24765611,VIBRATION,-0.5815785,OK
24766861,VIBRATION,-0.03127661,OK
24768111,VIBRATION,-0.3244485,OK
24769361,VIBRATION,-0.4812761,OK
24770000,PRESSURE,101.1878,OK
24770000,TEMPERATURE,22.31398,OK
24770611,VIBRATION,-0.6803981,OK
24771861,VIBRATION,-0.9705261,OK
24773111,VIBRATION,-0.512097,OK
24774361,VIBRATION,-0.1244702,OK
24775611,VIBRATION,-0.03006217,OK
24776861,VIBRATION,0.5827246,OK
24778111,VIBRATION,0.2161055,OK
24779361,VIBRATION,0.03040311,OK
24780000,PRESSURE,101.1457,OK
24780000,TEMPERATURE,22.0879,OK
24780611,VIBRATION,-0.5110477,OK
24781861,VIBRATION,-0.0893483,OK
24783111,VIBRATION,-0.02349902,OK
24784361,VIBRATION,0.03087938,OK
24785611,VIBRATION,-0.1849893,OK
24786861,VIBRATION,0.19192,OK
24788111,VIBRATION,0.008564064,OK
24789361,VIBRATION,-1.000189,OK
24790000,PRESSURE,101.1368,OK
24790000,TEMPERATURE,22.15398,OK
24790611,VIBRATION,-0.6548947,OK
24791861,VIBRATION,-1.144758,OK
24793111,VIBRATION,-1.233676,OK
24794361,VIBRATION,-0.9545209,OK
24795611,VIBRATION,-1.245218,OK
24796861,VIBRATION,-1.261906,OK
24798111,VIBRATION,-1.040338,OK
24799361,VIBRATION,-0.9854208,OK
24800000,PRESSURE,101.1257,OK
24800000,TEMPERATURE,22.15767,OK
24800611,VIBRATION,-0.613892,OK
24801861,VIBRATION,-0.1901249,OK
24803111,VIBRATION,0.3289018,OK
24804361,VIBRATION,0.3464116,OK
24805611,VIBRATION,0.3837968,OK
24806861,VIBRATION,-0.1788842,OK
24808111,VIBRATION,-0.1606658,OK
24809361,VIBRATION,-0.5228358,OK
24810000,PRESSURE,101.1642,OK
24810000,TEMPERATURE,22.19652,OK
24810611,VIBRATION,-0.7675605,OK
24811861,VIBRATION,-0.9157685,OK
24813111,VIBRATION,-1.116353,OK
24814361,VIBRATION,-1.388051,OK
24815611,VIBRATION,-0.9717929,OK
24816861,VIBRATION,-0.8873365,OK
24818111,VIBRATION,-0.9194486,OK
24819361,VIBRATION,-0.9284504,OK
24820000,PRESSURE,101.1362,OK
24820000,TEMPERATURE,22.30386,OK
24820611,VIBRATION,-0.9430333,OK
24821861,VIBRATION,-0.5811146,OK
24823111,VIBRATION,-0.788428,OK
24824401,VIBRATION,-0.9596943,OK
24825611,VIBRATION,-1.055366,OK
24826862,VIBRATION,-0.9941213,OK
24828111,VIBRATION,-0.6561744,OK
24829361,VIBRATION,-0.5827766,OK
24830000,PRESSURE,101.1359,OK
24830000,TEMPERATURE,22.33003,OK
24830611,VIBRATION,-0.1018763,OK
24831861,VIBRATION,0.03434414,OK
24833111,VIBRATION,-0.09024439,OK
24834361,VIBRATION,0.1173856,OK
24835611,VIBRATION,-0.2469714,OK
24836861,VIBRATION,-0.4472161,OK
24838111,VIBRATION,-0.2435261,OK
24839361,VIBRATION,0.2378691,OK
24840000,PRESSURE,101.0714,OK
24840000,TEMPERATURE,22.27577,OK
24840611,VIBRATION,-0.2061143,OK
24841861,VIBRATION,0.01765718,OK
24843111,VIBRATION,-0.4673107,OK
24844361,VIBRATION,-0.3610149,OK
24845611,VIBRATION,0.116234,OK
24846861,VIBRATION,-0.1913151,OK
24848111,VIBRATION,-0.1710342,OK
24849361,VIBRATION,-0.5433994,OK
24850000,PRESSURE,101.122,OK
24850000,TEMPERATURE,22.31118,OK
24850611,VIBRATION,-0.3463186,OK
24851861,VIBRATION,-0.3083835,OK
24853124,VIBRATION,-0.773498,OK
24854361,VIBRATION,-0.680993,OK
24855611,VIBRATION,-0.7512032,OK
24856868,VIBRATION,-0.5675944,OK
24858111,VIBRATION,-0.6035656,OK
24859361,VIBRATION,-0.784478,OK
24860000,PRESSURE,101.09,OK
24860000,TEMPERATURE,22.37723,OK
24860611,VIBRATION,-1.127212,OK
24861861,VIBRATION,-1.350284,OK
24863111,VIBRATION,-1.21241,OK
24864361,VIBRATION,-0.950705,OK
24865611,VIBRATION,-0.9235826,OK
24866861,VIBRATION,-0.4679617,OK
24868111,VIBRATION,-1.118178,OK
24869361,VIBRATION,-1.036668,OK
24870000,PRESSURE,101.0876,OK
24870000,TEMPERATURE,22.24064,OK
24870611,VIBRATION,-1.035339,OK
24871861,VIBRATION,-1.030289,OK
24873111,VIBRATION,-1.384157,OK
24874361,VIBRATION,-1.915213,OK
24875611,VIBRATION,-1.894073,OK
24876861,VIBRATION,-2.000835,OK
24878111,VIBRATION,-1.659809,OK
24879361,VIBRATION,-1.367019,OK
24880000,PRESSURE,101.1109,OK
24880000,TEMPERATURE,22.09024,OK
24880611,VIBRATION,-1.165612,OK
24881861,VIBRATION,-1.386615,OK
24883111,VIBRATION,-1.116953,OK
24884361,VIBRATION,-0.7254703,OK
24885611,VIBRATION,-0.9182951,OK
24886861,VIBRATION,-0.9841483,OK
24888111,VIBRATION,-1.452413,OK
24889361,VIBRATION,-1.303939,OK
24890000,PRESSURE,101.1832,OK
24890000,TEMPERATURE,22.06189,OK
24890611,VIBRATION,-1.159114,OK
24891861,VIBRATION,-1.077753,OK
24893111,VIBRATION,-0.6714523,OK
24894361,VIBRATION,-0.1081086,OK
24895611,VIBRATION,0.09699335,OK
24896861,VIBRATION,-0.1231482,OK
24898111,VIBRATION,0.07452546,OK
24899361,VIBRATION,0.2643448,OK
24900000,PRESSURE,101.2509,OK
24900000,TEMPERATURE,21.96782,OK
24900611,VIBRATION,0.1846124,OK
24901861,VIBRATION,0.1633404,OK
24903111,VIBRATION,0.1785161,OK
24904361,VIBRATION,0.4241586,OK
24905611,VIBRATION,0.6740782,OK
24906861,VIBRATION,0.8443341,OK
24908111,VIBRATION,0.8914733,OK
24909361,VIBRATION,1.124379,OK
24910000,PRESSURE,101.2752,OK
24910000,TEMPERATURE,21.7796,OK
24910611,VIBRATION,1.016482,OK
24911861,VIBRATION,1.279014,OK
24913111,VIBRATION,1.361593,OK
24914361,VIBRATION,1.166821,OK
24915611,VIBRATION,1.124196,OK
24916861,VIBRATION,1.416688,OK
24918111,VIBRATION,1.546793,OK
24919361,VIBRATION,1.688004,OK
24920000,PRESSURE,101.2346,OK
24920000,TEMPERATURE,21.70556,OK
24920611,VIBRATION,1.962563,OK
24921861,VIBRATION,1.888775,OK
24923111,VIBRATION,1.938203,OK
24924361,VIBRATION,1.493533,OK
24925611,VIBRATION,1.334702,OK
24926861,VIBRATION,1.442697,OK
24928111,VIBRATION,0.9266631,OK
24929361,VIBRATION,1.015842,OK
24930000,PRESSURE,101.1287,OK
24930000,TEMPERATURE,21.72694,OK
24930611,VIBRATION,1.377906,OK
24931861,VIBRATION,1.372288,OK
24933111,VIBRATION,1.095572,OK
24934361,VIBRATION,0.8941051,OK
24935611,VIBRATION,0.9249063,OK
24936861,VIBRATION,0.3711214,OK
24938111,VIBRATION,0.3575181,OK
24939361,VIBRATION,0.7691088,OK
24940000,PRESSURE,101.1392,OK
24940000,TEMPERATURE,21.81044,OK
24940611,VIBRATION,0.7616288,OK
24941861,VIBRATION,1.571434,OK
24943111,VIBRATION,1.069544,OK
24944361,VIBRATION,0.6612947,OK
24945611,VIBRATION,0.3269722,OK
24946861,VIBRATION,0.4810036,OK
24948111,VIBRATION,0.4250516,OK
24949361,VIBRATION,0.4316549,OK
24950000,PRESSURE,101.0762,OK
24950000,TEMPERATURE,21.93528,OK
24950611,VIBRATION,0.8685658,OK
24951861,VIBRATION,0.9036666,OK
24953111,VIBRATION,0.5007413,OK
24954361,VIBRATION,0.3232016,OK
24955611,VIBRATION,0.2531681,OK
24956861,VIBRATION,0.2212443,OK
24958111,VIBRATION,0.1124336,OK
24959361,VIBRATION,0.294418,OK
24960000,PRESSURE,101.1069,OK
24960000,TEMPERATURE,22.00569,OK
24960611,VIBRATION,0.730971,OK
24961861,VIBRATION,0.9008966,OK
24963111,VIBRATION,0.8837223,OK
24964361,VIBRATION,0.7098863,OK
24965611,VIBRATION,0.6476405,OK
24966861,VIBRATION,0.357673,OK
24968111,VIBRATION,-0.143781,OK
24969361,VIBRATION,0.265707,OK
24970000,PRESSURE,101.0566,OK
24970000,TEMPERATURE,21.98972,OK
24970611,VIBRATION,-0.03662502,OK
24971861,VIBRATION,-0.01830904,OK
24973111,VIBRATION,0.02917922,OK
24974361,VIBRATION,-0.5007621,OK
24975611,VIBRATION,-0.02192819,OK
24976861,VIBRATION,-0.033321,OK
24978111,VIBRATION,0.2672613,OK
24979361,VIBRATION,0.05462396,OK
24980000,PRESSURE,101.0816,OK
24980000,TEMPERATURE,21.9516,OK
24980611,VIBRATION,-0.043102,OK
24981861,VIBRATION,-0.02236711,OK
24983111,VIBRATION,-0.02241808,OK
24984361,VIBRATION,0.2519677,OK
24985611,VIBRATION,0.6488477,OK
24986861,VIBRATION,0.8177026,OK
24988111,VIBRATION,0.5701522,OK
24989361,VIBRATION,0.8419311,OK
24990000,PRESSURE,101.1399,OK
24990000,TEMPERATURE,21.95641,OK
24990611,VIBRATION,0.8338579,OK
24991861,VIBRATION,0.4778686,OK
24993111,VIBRATION,1.446866,OK
24994361,VIBRATION,1.346538,OK
24995611,VIBRATION,1.446251,OK
24996861,VIBRATION,1.425692,OK
24998111,VIBRATION,1.495594,OK
24999361,VIBRATION,1.504451,OK
25000000,PRESSURE,101.1234,OK
25000000,TEMPERATURE,21.93091,OK
25000000,HUMIDITY,44.5974,OK
25000611,VIBRATION,1.377013,OK
25001861,VIBRATION,1.109862,OK
25003111,VIBRATION,0.7809418,OK
25004361,VIBRATION,0.8170386,OK
25005611,VIBRATION,0.9527729,OK
25006861,VIBRATION,1.364114,OK
25008111,VIBRATION,1.188168,OK
25009361,VIBRATION,0.5361001,OK
25010000,PRESSURE,101.2472,OK
25010000,TEMPERATURE,21.95094,OK
25010611,VIBRATION,0.5814044,OK
25011861,VIBRATION,0.119707,OK
25013111,VIBRATION,0.234547,OK
25014361,VIBRATION,0.4227405,OK
25015611,VIBRATION,0.1002342,OK
25016861,VIBRATION,0.2701557,OK
25018111,VIBRATION,-0.1685323,OK
25019361,VIBRATION,0.07569707,OK
25020000,PRESSURE,101.2556,OK
25020000,TEMPERATURE,22.02886,OK
25020611,VIBRATION,0.6320187,OK
25021861,VIBRATION,0.4234488,OK
25023111,VIBRATION,0.2225045,OK
25024361,VIBRATION,-0.03364728,OK
25025611,VIBRATION,0.3329664,OK
25026861,VIBRATION,0.160525,OK
25028111,VIBRATION,0.2348471,OK
25029361,VIBRATION,0.1415923,OK
25030000,PRESSURE,101.1431,OK
25030000,TEMPERATURE,22.03159,OK
25030611,VIBRATION,0.3571334,OK
25031861,VIBRATION,0.5959687,OK
25033111,VIBRATION,0.6836938,OK
25034361,VIBRATION,0.4431643,OK
25035611,VIBRATION,0.6722229,OK
25036861,VIBRATION,0.236343,OK
25038111,VIBRATION,0.3217418,OK
25039361,VIBRATION,1.081936,OK
25040000,PRESSURE,101.1008,OK
25040000,TEMPERATURE,21.85242,OK
25040611,VIBRATION,0.8935522,OK
25041861,VIBRATION,1.005261,OK
25043111,VIBRATION,0.857082,OK
25044361,VIBRATION,1.557279,OK
25045611,VIBRATION,1.167281,OK
25046861,VIBRATION,0.9684785,OK
25048111,VIBRATION,0.7567583,OK
25049361,VIBRATION,1.083234,OK
25050000,PRESSURE,101.0973,OK
25050000,TEMPERATURE,21.89194,OK
25050611,VIBRATION,0.8955238,OK
25051861,VIBRATION,0.6985181,OK
25053111,VIBRATION,0.3324034,OK
25054361,VIBRATION,0.4413213,OK
25055611,VIBRATION,0.2555398,OK
25056861,VIBRATION,-0.08502313,OK
25058111,VIBRATION,-0.05204847,OK
25059361,VIBRATION,-0.4272378,OK
25060000,PRESSURE,101.1171,OK
25060000,TEMPERATURE,22.00106,OK
25060611,VIBRATION,-0.6737691,OK
25061861,VIBRATION,-1.719722,OK
25063111,VIBRATION,-1.629001,OK
25064361,VIBRATION,-1.946953,OK
25065611,VIBRATION,-2.192998,OK
25066861,VIBRATION,-1.89623,OK
25068111,VIBRATION,-2.31676,OK
25069361,VIBRATION,-2.22742,OK
25070000,PRESSURE,101.0564,OK
25070000,TEMPERATURE,22.01337,OK
25070611,VIBRATION,-2.61329,OK
25071861,VIBRATION,-2.648693,OK
25073111,VIBRATION,-1.717458,OK
25074361,VIBRATION,-2.117494,OK
25075611,VIBRATION,-2.179082,OK
25076861,VIBRATION,-2.08077,OK
25078111,VIBRATION,-2.075974,OK
25079361,VIBRATION,-1.827906,OK
25080000,PRESSURE,101.11,OK
25080000,TEMPERATURE,22.16739,OK
25080611,VIBRATION,-1.661933,OK
25081861,VIBRATION,-1.946608,OK
25083111,VIBRATION,-1.764419,OK
25084361,VIBRATION,-1.360604,OK
25085611,VIBRATION,-1.35244,OK
25086861,VIBRATION,-1.331883,OK
25088121,VIBRATION,-1.012148,OK
25089361,VIBRATION,-1.439182,OK
25090000,PRESSURE,101.052,OK
25090000,TEMPERATURE,21.96424,OK
25090611,VIBRATION,-1.212859,OK
25091861,VIBRATION,-1.051635,OK
25093111,VIBRATION,-1.219304,OK
25094361,VIBRATION,-1.570164,OK
25095611,VIBRATION,-1.229022,OK
25096861,VIBRATION,-1.163168,OK
25098111,VIBRATION,-0.7532387,OK
25099361,VIBRATION,-1.012122,OK
25100000,PRESSURE,101.0548,OK
25100000,TEMPERATURE,21.852,OK
25100611,VIBRATION,-1.311614,OK
25101861,VIBRATION,-1.21212,OK
25103111,VIBRATION,-1.242473,OK
25104361,VIBRATION,-1.31198,OK
25105611,VIBRATION,-0.9833245,OK
25106861,VIBRATION,-1.106393,OK
25108111,VIBRATION,-1.089851,OK
25109361,VIBRATION,-1.033462,OK
25110000,PRESSURE,101.1055,OK
25110000,TEMPERATURE,21.93966,OK
25110611,VIBRATION,-0.6783904,OK
25111861,VIBRATION,-0.8374495,OK
25113111,VIBRATION,-0.6685832,OK
25114361,VIBRATION,-0.6929001,OK
25115611,VIBRATION,-0.7923356,OK
25116861,VIBRATION,-1.00552,OK
25118111,VIBRATION,-0.7982674,OK
25119362,VIBRATION,-0.9670803,OK
25120132,PRESSURE,101.2256,OK
25120132,TEMPERATURE,21.8312,OK
25120611,VIBRATION,-1.088785,OK
25121861,VIBRATION,-0.9632914,OK
25123111,VIBRATION,-0.9889779,OK
25124361,VIBRATION,-1.369297,OK
25125611,VIBRATION,-1.822563,OK
25126861,VIBRATION,-1.803203,OK
25128111,VIBRATION,-1.934548,OK
25129361,VIBRATION,-1.86484,OK
25130000,PRESSURE,101.2087,OK
25130000,TEMPERATURE,21.8048,OK
25130611,VIBRATION,-1.730009,OK
25131861,VIBRATION,-1.677681,OK
25133111,VIBRATION,-2.228668,OK
25134361,VIBRATION,-2.480291,OK
25135611,VIBRATION,-2.484018,OK
25136861,VIBRATION,-1.930401,OK
25138111,VIBRATION,-2.181877,OK
25139361,VIBRATION,-1.75228,OK
25140000,PRESSURE,101.1955,OK
25140000,TEMPERATURE,21.79924,OK
25140611,VIBRATION,-1.370464,OK
25141861,VIBRATION,-0.9689276,OK
25143111,VIBRATION,-0.5195294,OK
25144361,VIBRATION,-0.1294638,OK
25145611,VIBRATION,-0.07751706,OK
25146861,VIBRATION,0.0180024,OK
25148111,VIBRATION,0.6398489,OK
25149361,VIBRATION,0.6535045,OK
25150000,PRESSURE,101.2574,OK
25150000,TEMPERATURE,21.90199,OK
25150611,VIBRATION,0.4609127,OK
25151861,VIBRATION,0.5927811,OK
25153111,VIBRATION,0.4558185,OK
25154361,VIBRATION,0.4198317,OK
25155611,VIBRATION,0.1466448,OK
25156861,VIBRATION,0.2226423,OK
25158111,VIBRATION,0.05758195,OK
25159361,VIBRATION,0.07247434,OK
25160000,PRESSURE,101.2813,OK
25160000,TEMPERATURE,22.12311,OK
25160611,VIBRATION,0.32905,OK
25161861,VIBRATION,0.2793976,OK
25163111,VIBRATION,0.3277999,OK
25164361,VIBRATION,0.3058288,OK
25165611,VIBRATION,0.232241,OK
25166861,VIBRATION,0.1906515,OK
25168111,VIBRATION,0.6398583,OK
25169398,VIBRATION,0.698462,OK
25170000,PRESSURE,101.2702,OK
25170000,TEMPERATURE,21.99959,OK
25170611,VIBRATION,0.2809293,OK
25171861,VIBRATION,0.2522576,OK
25173114,VIBRATION,0.7060964,OK
25174361,VIBRATION,-0.1323421,OK
25175611,VIBRATION,-0.2490928,OK
25176861,VIBRATION,-0.3264891,OK
25178111,VIBRATION,-0.6089928,OK
25179361,VIBRATION,-0.5303712,OK
25180000,PRESSURE,101.3828,OK
25180000,TEMPERATURE,22.22605,OK
25180611,VIBRATION,-0.4862254,OK
25181861,VIBRATION,-0.585919,OK
25183111,VIBRATION,-0.8973133,OK
25184361,VIBRATION,-0.7159574,OK
25185611,VIBRATION,-0.9512507,OK
25186861,VIBRATION,-0.2878243,OK
25188111,VIBRATION,-0.3938001,OK
25189361,VIBRATION,-0.1472533,OK
25190000,PRESSURE,101.3598,OK
25190000,TEMPERATURE,22.21115,OK
25190611,VIBRATION,-0.1398581,OK
25191861,VIBRATION,-0.1805,OK
25193111,VIBRATION,-0.3677942,OK
25194361,VIBRATION,-0.2626399,OK
25195611,VIBRATION,-0.8608951,OK
25196861,VIBRATION,-1.169103,OK
25198111,VIBRATION,-1.095279,OK
25199361,VIBRATION,-1.107724,OK
25200000,PRESSURE,101.4016,OK
25200000,TEMPERATURE,22.22281,OK
25200611,VIBRATION,-1.024297,OK
25201861,VIBRATION,-0.8330443,OK
25203111,VIBRATION,-0.9038883,OK
25204361,VIBRATION,-0.2318377,OK
25205611,VIBRATION,-1.102704,OK
25206861,VIBRATION,-0.7689008,OK
25208111,VIBRATION,-1.182544,OK
25209361,VIBRATION,-1.062741,OK
25210000,PRESSURE,101.3906,OK
25210000,TEMPERATURE,22.19816,OK
25210611,VIBRATION,-1.595282,OK
25211861,VIBRATION,-1.595451,OK
25213111,VIBRATION,-1.401596,OK
25214361,VIBRATION,-1.422388,OK
25215611,VIBRATION,-1.258867,OK
25216861,VIBRATION,-1.340731,OK
25218111,VIBRATION,-1.570293,OK
25219361,VIBRATION,-0.9988732,OK
25220000,PRESSURE,101.4301,OK
25220000,TEMPERATURE,22.39537,OK
25220611,VIBRATION,-1.361365,OK
25221861,VIBRATION,-1.464502,OK
25223111,VIBRATION,-0.9667211,OK
25224361,VIBRATION,-0.9856461,OK
25225611,VIBRATION,-0.7494407,OK
25226861,VIBRATION,-0.5946693,OK
25228111,VIBRATION,-1.053257,OK
25229361,VIBRATION,-1.033167,OK
25230000,PRESSURE,101.4627,OK
25230000,TEMPERATURE,22.35164,OK
25230611,VIBRATION,-0.7056516,OK
25231861,VIBRATION,-0.836607,OK
25233111,VIBRATION,-0.7256063,OK
25234361,VIBRATION,-0.3820201,OK
25235611,VIBRATION,-0.4328806,OK
25236861,VIBRATION,-0.3606599,OK
25238111,VIBRATION,0.04690624,OK
25239361,VIBRATION,-0.2622861,OK
25240000,PRESSURE,101.4391,OK
25240000,TEMPERATURE,22.42097,OK
25240611,VIBRATION,0.09522939,OK
25241861,VIBRATION,0.1159531,OK
25243111,VIBRATION,0.2544206,OK
25244361,VIBRATION,0.7928254,OK
25245611,VIBRATION,0.5160864,OK
25246861,VIBRATION,1.113929,OK
25248111,VIBRATION,1.343216,OK
25249361,VIBRATION,1.224392,OK
25250000,PRESSURE,101.4634,OK
25250000,TEMPERATURE,22.39755,OK
25250611,VIBRATION,1.214023,OK
25251862,VIBRATION,1.468623,OK
25253111,VIBRATION,1.081571,OK
25254361,VIBRATION,1.249598,OK
25255611,VIBRATION,1.15542,OK
25256861,VIBRATION,1.433955,OK
25258111,VIBRATION,1.728321,OK
25259361,VIBRATION,1.931077,OK
25260000,PRESSURE,101.4796,OK
25260000,TEMPERATURE,22.44303,OK
25260611,VIBRATION,1.774026,OK
25261861,VIBRATION,1.503249,OK
25263111,VIBRATION,0.8083799,OK
25264361,VIBRATION,0.9302477,OK
25265611,VIBRATION,0.8752302,OK
25266861,VIBRATION,1.007495,OK
25268111,VIBRATION,1.183088,OK
25269361,VIBRATION,0.5814345,OK
25270000,PRESSURE,101.4307,OK
25270000,TEMPERATURE,22.61955,OK
25270611,VIBRATION,0.6254771,OK
25271861,VIBRATION,0.3808781,OK
25273111,VIBRATION,0.4780874,OK
25274361,VIBRATION,1.146495,OK
25275611,VIBRATION,1.13672,OK
25276861,VIBRATION,1.053937,OK
25278111,VIBRATION,1.312407,OK
25279361,VIBRATION,0.9684895,OK
25280000,PRESSURE,101.3662,OK
25280000,TEMPERATURE,22.49163,OK
25280611,VIBRATION,0.8836833,OK
25281861,VIBRATION,0.7524093,OK
25283111,VIBRATION,0.8855127,OK
25284361,VIBRATION,1.470757,OK
25285611,VIBRATION,1.958823,OK
25286861,VIBRATION,1.603007,OK
25288111,VIBRATION,1.135939,OK
25289361,VIBRATION,0.6125531,OK
25290000,PRESSURE,101.4656,OK
25290000,TEMPERATURE,22.58176,OK
25290611,VIBRATION,0.2257413,OK
25291861,VIBRATION,0.0685743,OK
25293111,VIBRATION,-0.2154045,OK
25294361,VIBRATION,0.1375943,OK
25295611,VIBRATION,-0.2614686,OK
25296861,VIBRATION,-0.3903973,OK
25298111,VIBRATION,-0.02463647,OK
25299361,VIBRATION,0.04027741,OK
25300000,PRESSURE,101.4576,OK
25300000,TEMPERATURE,22.5506,OK
25300611,VIBRATION,-0.1430589,OK
25301861,VIBRATION,-0.2781389,OK
25303111,VIBRATION,-0.1632757,OK
25304361,VIBRATION,-0.3601443,OK
25305611,VIBRATION,-0.9795717,OK
25306861,VIBRATION,-0.9713135,OK
25308111,VIBRATION,-1.000079,OK
25309361,VIBRATION,-0.5312478,OK
25310000,PRESSURE,101.4417,OK
25310000,TEMPERATURE,22.58152,OK
25310611,VIBRATION,-0.3277007,OK
25311861,VIBRATION,-0.2870537,OK
25313111,VIBRATION,-0.3082571,OK
25314361,VIBRATION,-0.008481198,OK
25315611,VIBRATION,0.1029253,OK
25316861,VIBRATION,0.4458748,OK
25318111,VIBRATION,0.5973569,OK
25319361,VIBRATION,1.031053,OK
25320000,PRESSURE,101.4157,OK
25320000,TEMPERATURE,22.71723,OK
25320611,VIBRATION,0.7684867,OK
25321861,VIBRATION,0.4954637,OK
25323111,VIBRATION,0.4199177,OK
25324361,VIBRATION,0.594887,OK
25325611,VIBRATION,0.2043391,OK
25326861,VIBRATION,0.5077577,OK
25328111,VIBRATION,0.5295682,OK
25329361,VIBRATION,0.2238777,OK
25330000,PRESSURE,101.4792,OK
25330000,TEMPERATURE,22.5235,OK
25330611,VIBRATION,0.341896,OK
25331861,VIBRATION,0.01553202,OK
25333111,VIBRATION,0.3596404,OK
25334361,VIBRATION,-0.1386653,OK
25335611,VIBRATION,0.3734235,OK
25336861,VIBRATION,0.4826984,OK
25338111,VIBRATION,0.2111479,OK
25339361,VIBRATION,0.3418392,OK
25340000,PRESSURE,101.3991,OK
25340000,TEMPERATURE,22.48601,OK
25340611,VIBRATION,0.6709481,OK
25341861,VIBRATION,0.494835,OK
25343111,VIBRATION,-0.01557737,OK
25344361,VIBRATION,-0.2078248,OK
25345611,VIBRATION,-0.6298263,OK
25346861,VIBRATION,-0.2569375,OK
25348111,VIBRATION,-0.3551906,OK
25349361,VIBRATION,-0.3484124,OK
25350000,PRESSURE,101.374,OK
25350000,TEMPERATURE,22.39787,OK
25350611,VIBRATION,-0.4350093,OK
25351861,VIBRATION,-0.3163163,OK
25353111,VIBRATION,-0.4010087,OK
25354361,VIBRATION,-0.3471461,OK
25355611,VIBRATION,-0.3518583,OK
25356861,VIBRATION,-0.4343763,OK
25358111,VIBRATION,-0.12796,OK
25359361,VIBRATION,-0.5155607,OK
25360000,PRESSURE,101.3978,OK
25360000,TEMPERATURE,22.38781,OK
25360611,VIBRATION,-0.4808074,OK
25361861,VIBRATION,-0.4143768,OK
25363111,VIBRATION,0.1322586,OK
25364361,VIBRATION,0.9895616,OK
25365611,VIBRATION,0.9333976,OK
25366861,VIBRATION,0.6120232,OK
25368111,VIBRATION,0.5873123,OK
25369361,VIBRATION,0.9017243,OK
25370000,PRESSURE,101.4293,OK
25370000,TEMPERATURE,22.4004,OK
25370611,VIBRATION,1.328944,OK
25371861,VIBRATION,1.804853,OK
25373111,VIBRATION,2.1416,OK
25374361,VIBRATION,2.738805,OK
25375611,VIBRATION,2.895404,OK
25376861,VIBRATION,2.660682,OK
25378111,VIBRATION,2.84925,OK
25379361,VIBRATION,2.863538,OK
25380000,PRESSURE,101.3584,OK
25380000,TEMPERATURE,22.45846,OK
25380611,VIBRATION,2.825996,OK
25381861,VIBRATION,2.346536,OK
25383111,VIBRATION,2.086805,OK
25384361,VIBRATION,2.171507,OK
25385611,VIBRATION,1.635242,OK
25386861,VIBRATION,1.623464,OK
25388111,VIBRATION,1.610339,OK
25389361,VIBRATION,1.107366,OK
25390000,PRESSURE,101.3701,OK
25390000,TEMPERATURE,22.46433,OK
25390611,VIBRATION,1.392062,OK
25391861,VIBRATION,1.330475,OK
25393111,VIBRATION,0.8218082,OK
25394361,VIBRATION,1.212048,OK
25395611,VIBRATION,0.7973058,OK
25396861,VIBRATION,1.083507,OK
25398111,VIBRATION,0.7495887,OK
25399361,VIBRATION,0.6818696,OK
25400000,PRESSURE,101.3786,OK
25400000,TEMPERATURE,22.52217,OK
25400611,VIBRATION,0.9370069,OK
25401861,VIBRATION,1.285639,OK
25403111,VIBRATION,0.8532294,OK
25404361,VIBRATION,0.9445428,OK
25405611,VIBRATION,1.273995,OK
25406862,VIBRATION,1.123374,OK
25408111,VIBRATION,0.9123866,OK
25409362,VIBRATION,1.061456,OK
25410000,PRESSURE,101.3523,OK
25410000,TEMPERATURE,22.43459,OK
25410611,VIBRATION,0.8165365,OK
25411861,VIBRATION,0.561079,OK
25413111,VIBRATION,0.235246,OK
25414361,VIBRATION,0.3505348,OK
25415653,VIBRATION,-0.1331483,OK
25416861,VIBRATION,-0.3057059,OK
25418111,VIBRATION,-0.562749,OK
25419361,VIBRATION,-0.5966576,OK
25420000,PRESSURE,101.3793,OK
25420000,TEMPERATURE,22.3174,OK
25420611,VIBRATION,-0.5777843,OK
25421861,VIBRATION,-0.01332678,OK
25423174,VIBRATION,0.1716888,OK
25424361,VIBRATION,0.2013652,OK
25425611,VIBRATION,-0.04781421,OK
25426861,VIBRATION,-0.2056341,OK
25428111,VIBRATION,-0.04906364,OK
25429361,VIBRATION,-0.2416097,OK
25430000,PRESSURE,101.313,OK
25430000,TEMPERATURE,22.20359,OK
25430611,VIBRATION,0.3127955,OK
25431861,VIBRATION,-0.018352,OK
25433111,VIBRATION,-0.05636545,OK
25434361,VIBRATION,-0.05708404,OK
25435611,VIBRATION,-0.1745456,OK
25436861,VIBRATION,-0.1766874,OK
25438111,VIBRATION,-0.5130504,OK
25439361,VIBRATION,-0.07183383,OK
25440000,PRESSURE,101.2513,OK
25440000,TEMPERATURE,22.15402,OK
25440611,VIBRATION,-0.2756954,OK
25441861,VIBRATION,0.09000185,OK
25443111,VIBRATION,0.443047,OK
25444361,VIBRATION,0.3857039,OK
25445611,VIBRATION,0.2611995,OK
25446861,VIBRATION,0.1467494,OK
25448111,VIBRATION,0.3163377,OK
25449361,VIBRATION,-0.03616988,OK
25450000,PRESSURE,101.2684,OK
25450000,TEMPERATURE,22.12765,OK
25450611,VIBRATION,-0.8240665,OK
25451861,VIBRATION,-0.6865903,OK
25453111,VIBRATION,-0.5754022,OK
25454361,VIBRATION,-0.3781828,OK
25455634,VIBRATION,-0.5048416,OK
25456861,VIBRATION,-0.5595761,OK
25458111,VIBRATION,-0.7958826,OK
25459364,VIBRATION,-0.8495203,OK
25460000,PRESSURE,101.3146,OK
25460000,TEMPERATURE,22.0935,OK
25460611,VIBRATION,-0.9832141,OK
25461861,VIBRATION,-0.9093126,OK
25463111,VIBRATION,-0.9057843,OK
25464497,VIBRATION,-0.823549,OK
25465612,VIBRATION,-0.7082902,OK
25466861,VIBRATION,-0.7838903,OK
25468111,VIBRATION,-0.5386792,OK
25469361,VIBRATION,-0.2430764,OK
25470000,PRESSURE,101.2264,OK
25470000,TEMPERATURE,22.134,OK
25470611,VIBRATION,-0.352795,OK
25471861,VIBRATION,-0.979427,OK
25473111,VIBRATION,-1.114152,OK
25474361,VIBRATION,-1.271238,OK
25475611,VIBRATION,-1.247697,OK
25476861,VIBRATION,-1.032644,OK
25478111,VIBRATION,-1.009035,OK
25479361,VIBRATION,-1.072456,OK
25480000,PRESSURE,101.2685,OK
25480000,TEMPERATURE,22.12512,OK
25480628,VIBRATION,-1.478777,OK
25481861,VIBRATION,-1.11083,OK
25483111,VIBRATION,-1.213696,OK
25484361,VIBRATION,-1.317204,OK
25485611,VIBRATION,-1.256217,OK
25486861,VIBRATION,-1.815166,OK
25488111,VIBRATION,-1.619058,OK
25489361,VIBRATION,-1.728227,OK
25490000,PRESSURE,101.2199,OK
25490000,TEMPERATURE,21.95923,OK
25490611,VIBRATION,-1.610005,OK
25491861,VIBRATION,-1.777224,OK
25493111,VIBRATION,-1.386396,OK
25494361,VIBRATION,-1.250119,OK
25495611,VIBRATION,-1.632153,OK
25496861,VIBRATION,-1.524358,OK
25498111,VIBRATION,-1.418495,OK
25499361,VIBRATION,-1.275525,OK
25500000,PRESSURE,101.1882,OK
25500000,TEMPERATURE,21.93368,OK
25500611,VIBRATION,-1.409557,OK
25501861,VIBRATION,-1.328737,OK
25503111,VIBRATION,-1.324015,OK
25504361,VIBRATION,-0.668682,OK
25505611,VIBRATION,-0.7674645,OK
25506861,VIBRATION,-0.8593731,OK
25508111,VIBRATION,-0.6325776,OK
25509361,VIBRATION,-0.2862286,OK
25510000,PRESSURE,101.154,OK
25510000,TEMPERATURE,21.97401,OK
25510611,VIBRATION,-0.2475149,OK
25511861,VIBRATION,0.03801268,OK
25513111,VIBRATION,0.6973921,OK
25514361,VIBRATION,0.9548869,OK
25515611,VIBRATION,1.415403,OK
25516861,VIBRATION,1.517759,OK
25518111,VIBRATION,2.181551,OK
25519361,VIBRATION,2.412504,OK
25520000,PRESSURE,101.1815,OK
25520000,TEMPERATURE,21.98598,OK
25520611,VIBRATION,2.429352,OK
25521861,VIBRATION,2.629379,OK
25523111,VIBRATION,2.331218,OK
25524361,VIBRATION,2.292957,OK
25525611,VIBRATION,2.046291,OK
25526861,VIBRATION,1.684126,OK
25528111,VIBRATION,2.031436,OK
25529373,VIBRATION,2.174204,OK
25530000,PRESSURE,101.2581,OK
25530000,TEMPERATURE,22.12858,OK
25530611,VIBRATION,1.6617,OK
25531861,VIBRATION,1.759044,OK
25533111,VIBRATION,1.340386,OK
25534361,VIBRATION,1.361699,OK
25535611,VIBRATION,1.443669,OK
25536861,VIBRATION,1.269911,OK
25538111,VIBRATION,1.295491,OK
25539361,VIBRATION,1.527457,OK
25540000,PRESSURE,101.3132,OK
25540000,TEMPERATURE,22.14774,OK
25540611,VIBRATION,1.915329,OK
25541861,VIBRATION,1.958261,OK
25543111,VIBRATION,1.89448,OK
25544361,VIBRATION,2.103452,OK
25545611,VIBRATION,2.178919,OK
25546861,VIBRATION,1.999076,OK
25548111,VIBRATION,2.06996,OK
25549361,VIBRATION,1.587375,OK
25550000,PRESSURE,101.2461,OK
25550000,TEMPERATURE,22.11467,OK
25550611,VIBRATION,1.093953,OK
25551861,VIBRATION,1.051729,OK
25553111,VIBRATION,0.6020903,OK
25554361,VIBRATION,-0.02246478,OK
25555611,VIBRATION,-0.7267643,OK
25556861,VIBRATION,-0.5366733,OK
25558111,VIBRATION,-0.7022113,OK
25559361,VIBRATION,-1.195852,OK
25560000,PRESSURE,101.2897,OK
25560000,TEMPERATURE,22.20591,OK
25560611,VIBRATION,-1.35171,OK
25561861,VIBRATION,-1.085182,OK
25563111,VIBRATION,-1.040436,OK
25564361,VIBRATION,-0.5052777,OK
25565611,VIBRATION,-0.3962555,OK
25566861,VIBRATION,-0.6041909,OK
25568111,VIBRATION,-0.5622396,OK
25569361,VIBRATION,-0.5963896,OK
25570000,PRESSURE,101.2371,OK
25570000,TEMPERATURE,22.18795,OK
25570611,VIBRATION,-0.4587085,OK
25571861,VIBRATION,-0.6917444,OK
25573111,VIBRATION,-0.1157635,OK
25574361,VIBRATION,-0.2939636,OK
25575611,VIBRATION,-0.971973,OK
25576861,VIBRATION,-0.8852703,OK
25578111,VIBRATION,-0.9063054,OK
25579361,VIBRATION,-0.8906163,OK
25580000,PRESSURE,101.1502,OK
25580000,TEMPERATURE,22.17342,OK
25580611,VIBRATION,-0.8779783,OK
25581861,VIBRATION,-0.9955029,OK
25583111,VIBRATION,-1.069058,OK
25584361,VIBRATION,-1.088903,OK
25585611,VIBRATION,-1.050141,OK
25586861,VIBRATION,-0.5260382,OK
25588111,VIBRATION,-0.6339926,OK
25589361,VIBRATION,-0.3292936,OK
25590000,PRESSURE,101.1463,OK
25590000,TEMPERATURE,22.05301,OK
25590611,VIBRATION,-0.8725612,OK
25591861,VIBRATION,-1.008716,OK
25593111,VIBRATION,-1.029132,OK
25594361,VIBRATION,-1.389541,OK
25595611,VIBRATION,-1.084215,OK
25596861,VIBRATION,-0.7554184,OK
25598111,VIBRATION,-0.5276683,OK
25599361,VIBRATION,-0.9145968,OK
25600000,PRESSURE,101.1056,OK
25600000,TEMPERATURE,21.90633,OK
25600611,VIBRATION,-0.9602336,OK
25601861,VIBRATION,-0.9094407,OK
25603111,VIBRATION,-1.239674,OK
25604361,VIBRATION,-1.115157,OK
25605611,VIBRATION,-1.059738,OK
25606861,VIBRATION,-1.336764,OK
25608111,VIBRATION,-0.7734684,OK
25609361,VIBRATION,-0.721831,OK
25610000,PRESSURE,101.1005,OK
25610000,TEMPERATURE,21.92917,OK
25610611,VIBRATION,-0.9266214,OK
25611861,VIBRATION,-0.9989242,OK
25613111,VIBRATION,-1.069636,OK
25614361,VIBRATION,-1.24767,OK
25615611,VIBRATION,-1.240501,OK
25616861,VIBRATION,-1.239224,OK
25618111,VIBRATION,-1.363492,OK
25619361,VIBRATION,-1.499535,OK
25620000,PRESSURE,101.1039,OK
25620000,TEMPERATURE,21.65814,OK
25620611,VIBRATION,-1.70637,OK
25621861,VIBRATION,-1.537222,OK
25623111,VIBRATION,-1.219166,OK
25624361,VIBRATION,-0.9772922,OK
25625611,VIBRATION,-0.6820963,OK
25626861,VIBRATION,-0.6767349,OK
25628111,VIBRATION,-1.259689,OK
25629361,VIBRATION,-1.262965,OK
25630001,PRESSURE,101.1367,OK
25630001,TEMPERATURE,21.79573,OK
25630611,VIBRATION,-1.373214,OK
25631862,VIBRATION,-0.6862909,OK
25633111,VIBRATION,-0.8594394,OK
25634362,VIBRATION,-0.6105654,OK
25635611,VIBRATION,-1.180381,OK
25636861,VIBRATION,-0.6455455,OK
25638111,VIBRATION,-0.9400344,OK
25639361,VIBRATION,-0.5680103,OK
25640000,PRESSURE,101.0708,OK
25640000,TEMPERATURE,21.84187,OK
25640612,VIBRATION,-0.7185473,OK
25641861,VIBRATION,-0.6407912,OK
25643111,VIBRATION,-0.3292505,OK
25644361,VIBRATION,-0.4816905,OK
25645611,VIBRATION,-0.8008535,OK
25646861,VIBRATION,-0.4455043,OK
25648111,VIBRATION,-0.5918659,OK
25649361,VIBRATION,-0.2959363,OK
25650005,PRESSURE,101.09,OK
25650005,TEMPERATURE,21.80595,OK
25650611,VIBRATION,-0.3402072,OK
25651861,VIBRATION,-0.4070449,OK
25653111,VIBRATION,-0.4764321,OK
25654361,VIBRATION,-0.6907783,OK
25655611,VIBRATION,-0.5664023,OK
25656861,VIBRATION,-0.9044278,OK
25658111,VIBRATION,-0.7030718,OK
25659361,VIBRATION,-0.7921399,OK
25660000,PRESSURE,101.0995,OK
25660000,TEMPERATURE,21.84233,OK
25660611,VIBRATION,-1.262107,OK
25661861,VIBRATION,-1.556139,OK
25663112,VIBRATION,-1.339995,OK
25664361,VIBRATION,-1.209725,OK
25665630,VIBRATION,-1.359491,OK
25666861,VIBRATION,-0.805735,OK
25668111,VIBRATION,-0.5918573,OK
25669361,VIBRATION,-0.5110457,OK
25670000,PRESSURE,101.1195,OK
25670000,TEMPERATURE,21.92825,OK
25670611,VIBRATION,-0.7585575,OK
25671861,VIBRATION,-0.9138755,OK
25673115,VIBRATION,-0.1762518,OK
25674361,VIBRATION,-0.1631232,OK
25675611,VIBRATION,-0.1963603,OK
25676861,VIBRATION,-0.2066844,OK
25678111,VIBRATION,0.08906211,OK
25679361,VIBRATION,0.07393012,OK
25680000,PRESSURE,101.1398,OK
25680000,TEMPERATURE,21.8825,OK
25680611,VIBRATION,0.1658793,OK
25681861,VIBRATION,0.03042503,OK
25683111,VIBRATION,0.4800406,OK
25684361,VIBRATION,0.4432252,OK
25685611,VIBRATION,0.4968685,OK
25686861,VIBRATION,0.4734581,OK
25688111,VIBRATION,1.305,OK
25689361,VIBRATION,0.7159742,OK
25690000,PRESSURE,101.1411,OK
25690000,TEMPERATURE,22.05946,OK
25690611,VIBRATION,0.7907475,OK
25691862,VIBRATION,0.2961331,OK
25693111,VIBRATION,0.01968774,OK
25694362,VIBRATION,0.4375816,OK
25695611,VIBRATION,0.5979663,OK
25696861,VIBRATION,0.336282,OK
25698111,VIBRATION,0.1602885,OK
25699362,VIBRATION,0.6084844,OK
25700000,PRESSURE,101.1487,OK
25700000,TEMPERATURE,21.81032,OK
25700611,VIBRATION,0.7413429,OK
25701861,VIBRATION,0.399235,OK
25703111,VIBRATION,0.1915413,OK
25704361,VIBRATION,0.5680377,OK
25705611,VIBRATION,0.7923154,OK
25706861,VIBRATION,0.7262245,OK
25708111,VIBRATION,0.5414499,OK
25709361,VIBRATION,0.5217723,OK
25710000,PRESSURE,101.1621,OK
25710000,TEMPERATURE,21.75856,OK
25710611,VIBRATION,0.954193,OK
25711867,VIBRATION,0.6320535,OK
25713111,VIBRATION,0.3363105,OK
25714361,VIBRATION,0.2171076,OK
25715611,VIBRATION,-0.0706515,OK
25716861,VIBRATION,-0.2256468,OK
25718111,VIBRATION,-0.4378833,OK
25719361,VIBRATION,-0.1930784,OK
25720000,PRESSURE,101.1167,OK
25720000,TEMPERATURE,21.81779,OK
25720611,VIBRATION,-0.2207969,OK
25721861,VIBRATION,-0.2337482,OK
25723111,VIBRATION,-0.1951804,OK
25724361,VIBRATION,-0.04798232,OK
25725611,VIBRATION,0.07299339,OK
25726861,VIBRATION,-0.1687924,OK
25728111,VIBRATION,0.2183638,OK
25729363,VIBRATION,0.2254231,OK
25730000,PRESSURE,101.1756,OK
25730000,TEMPERATURE,21.80795,OK
25730611,VIBRATION,0.3252077,OK
25731861,VIBRATION,0.5558681,OK
25733111,VIBRATION,0.3344456,OK
25734361,VIBRATION,0.07519961,OK
25735611,VIBRATION,0.2116033,OK
25736861,VIBRATION,0.3089071,OK
25738111,VIBRATION,0.1827789,OK
25739361,VIBRATION,0.1231292,OK
25740000,PRESSURE,101.2422,OK
25740000,TEMPERATURE,21.85738,OK
25740611,VIBRATION,0.152291,OK
25741861,VIBRATION,0.674547,OK
25743111,VIBRATION,0.662808,OK
25744385,VIBRATION,1.076281,OK
25745611,VIBRATION,1.173425,OK
25746861,VIBRATION,1.283541,OK
25748111,VIBRATION,1.565988,OK
25749361,VIBRATION,1.146001,OK
25750000,PRESSURE,101.2124,OK
25750000,TEMPERATURE,21.79854,OK
25750611,VIBRATION,1.178773,OK
25751861,VIBRATION,1.289737,OK
25753111,VIBRATION,1.198731,OK
25754361,VIBRATION,1.228636,OK
25755611,VIBRATION,1.172906,OK
25756861,VIBRATION,1.022832,OK
25758111,VIBRATION,1.270569,OK
25759361,VIBRATION,1.637106,OK
25760000,PRESSURE,101.1949,OK
25760000,TEMPERATURE,21.79663,OK
25760611,VIBRATION,1.394964,OK
25761861,VIBRATION,1.248992,OK
25763111,VIBRATION,1.652597,OK
25764361,VIBRATION,1.894461,OK
25765611,VIBRATION,1.850019,OK
25766861,VIBRATION,1.782971,OK
25768111,VIBRATION,1.694782,OK
25769361,VIBRATION,2.089949,OK
25770000,PRESSURE,101.1547,OK
25770000,TEMPERATURE,21.92596,OK
25770611,VIBRATION,1.79673,OK
25771861,VIBRATION,2.018198,OK
25773111,VIBRATION,1.352938,OK
25774361,VIBRATION,1.704464,OK
25775611,VIBRATION,2.039648,OK
25776861,VIBRATION,2.606741,OK
25778111,VIBRATION,2.445698,OK
25779361,VIBRATION,2.536541,OK
25780000,PRESSURE,101.1947,OK
25780000,TEMPERATURE,21.82608,OK
25780611,VIBRATION,2.407178,OK
25781861,VIBRATION,1.973254,OK
25783111,VIBRATION,1.809247,OK
25784361,VIBRATION,1.719353,OK
25785611,VIBRATION,1.799183,OK
25786861,VIBRATION,1.721556,OK
25788111,VIBRATION,1.328327,OK
25789361,VIBRATION,1.068101,OK
25790000,PRESSURE,101.1549,OK
25790000,TEMPERATURE,21.87536,OK
25790611,VIBRATION,1.16781,OK
25791861,VIBRATION,1.561635,OK
25793111,VIBRATION,1.539166,OK
25794361,VIBRATION,1.38242,OK
25795611,VIBRATION,1.829265,OK
25796861,VIBRATION,1.870705,OK
25798111,VIBRATION,1.714319,OK
25799361,VIBRATION,1.69501,OK
25800000,PRESSURE,101.0829,OK
25800000,TEMPERATURE,21.93745,OK
25800611,VIBRATION,1.642244,OK
25801861,VIBRATION,1.67849,OK
25803111,VIBRATION,1.810376,OK
25804361,VIBRATION,1.767566,OK
25805611,VIBRATION,1.936204,OK
25806861,VIBRATION,2.283837,OK
25808111,VIBRATION,2.064638,OK
25809361,VIBRATION,1.672076,OK
25810000,PRESSURE,101.1254,OK
25810000,TEMPERATURE,21.79919,OK
25810611,VIBRATION,1.547732,OK
25811861,VIBRATION,1.720151,OK
25813111,VIBRATION,2.371624,OK
25814361,VIBRATION,1.542101,OK
25815611,VIBRATION,1.90489,OK
25816861,VIBRATION,1.782995,OK
25818111,VIBRATION,2.051068,OK
25819361,VIBRATION,2.218963,OK
25820000,PRESSURE,101.1466,OK
25820000,TEMPERATURE,21.84878,OK
25820611,VIBRATION,1.775556,OK
25821861,VIBRATION,1.132436,OK
25823111,VIBRATION,0.8479562,OK
25824361,VIBRATION,0.8662756,OK
25825611,VIBRATION,0.6150918,OK
25826861,VIBRATION,0.6197862,OK
25828111,VIBRATION,0.06408869,OK
25829361,VIBRATION,0.02931178,OK
25830000,PRESSURE,101.1485,OK
25830000,TEMPERATURE,21.83269,OK
25830611,VIBRATION,0.2476583,OK
25831861,VIBRATION,0.3487701,OK
25833111,VIBRATION,-0.03515439,OK
25834361,VIBRATION,-0.206572,OK
25835611,VIBRATION,-0.3950606,OK
25836861,VIBRATION,-0.5735464,OK
25838111,VIBRATION,-0.2925242,OK
25839361,VIBRATION,-0.8135339,OK
25840000,PRESSURE,101.138,OK
25840000,TEMPERATURE,21.79564,OK
25840611,VIBRATION,-0.03653806,OK
25841861,VIBRATION,0.1309905,OK
25843111,VIBRATION,0.2178801,OK
25844361,VIBRATION,0.4707993,OK
25845611,VIBRATION,0.6817727,OK
25846861,VIBRATION,0.757852,OK
25848111,VIBRATION,1.068547,OK
25849361,VIBRATION,0.9162318,OK
25850000,PRESSURE,101.1919,OK
25850000,TEMPERATURE,21.74363,OK
25850611,VIBRATION,1.484501,OK
25851861,VIBRATION,1.199204,OK
25853111,VIBRATION,1.193809,OK
25854361,VIBRATION,1.442108,OK
25855611,VIBRATION,1.304949,OK
25856861,VIBRATION,1.235093,OK
25858111,VIBRATION,1.194221,OK
25859361,VIBRATION,1.469881,OK
25860000,PRESSURE,101.2023,OK
25860000,TEMPERATURE,21.57541,OK
25860611,VIBRATION,1.78697,OK
25861861,VIBRATION,1.667754,OK
25863111,VIBRATION,1.167531,OK
25864484,VIBRATION,0,COMM_ERROR
25865611,VIBRATION,1.122533,OK
25866861,VIBRATION,0.8951412,OK
25868111,VIBRATION,1.001671,OK
25869361,VIBRATION,0.9500349,OK
25870000,PRESSURE,101.1474,OK
25870000,TEMPERATURE,21.53007,OK
25870611,VIBRATION,0.8410888,OK
25871861,VIBRATION,0.6569835,OK
25873111,VIBRATION,1.111789,OK
25874361,VIBRATION,0.9858465,OK
25875611,VIBRATION,0.9163877,OK
25876861,VIBRATION,0.7612071,OK
25878111,VIBRATION,1.262522,OK
25879361,VIBRATION,0.9113783,OK
25880000,PRESSURE,101.1651,OK
25880000,TEMPERATURE,21.60459,OK
25880611,VIBRATION,1.243356,OK
25881861,VIBRATION,1.29243,OK
25883111,VIBRATION,1.184563,OK
25884361,VIBRATION,0.8571781,OK
25885611,VIBRATION,1.099262,OK
25886861,VIBRATION,0.983629,OK
25888111,VIBRATION,0.9044772,OK
25889361,VIBRATION,0.4253255,OK
25890000,PRESSURE,101.1262,OK
25890000,TEMPERATURE,21.61072,OK
25890611,VIBRATION,0.5331838,OK
25891861,VIBRATION,0.5135579,OK
25893111,VIBRATION,0.4620959,OK
25894361,VIBRATION,0.5876421,OK
25895611,VIBRATION,0.1079119,OK
25896861,VIBRATION,0.06877425,OK
25898111,VIBRATION,-0.2918176,OK
25899361,VIBRATION,-0.05189813,OK
25900000,PRESSURE,101.1106,OK
25900000,TEMPERATURE,21.69376,OK
25900611,VIBRATION,0.2352958,OK
25901861,VIBRATION,0.2920081,OK
25903111,VIBRATION,0.4378147,OK
25904361,VIBRATION,0.5837768,OK
25905611,VIBRATION,0.4173849,OK
25906861,VIBRATION,0.7238511,OK
25908111,VIBRATION,0.6252968,OK
25909361,VIBRATION,-0.04372707,OK
25910000,PRESSURE,101.1652,OK
25910000,TEMPERATURE,21.58537,OK
25910611,VIBRATION,0.03424073,OK
25911861,VIBRATION,0.2131768,OK
25913111,VIBRATION,0.1579682,OK
25914361,VIBRATION,0.07112694,OK
25915611,VIBRATION,0.4387515,OK
25916861,VIBRATION,0.03127534,OK
25918111,VIBRATION,0.08331939,OK
25919361,VIBRATION,-0.2870343,OK
25920000,PRESSURE,101.254,OK
25920000,TEMPERATURE,21.4942,OK
25920611,VIBRATION,-0.2298309,OK
25921861,VIBRATION,0.2810477,OK
25923111,VIBRATION,0.4121714,OK
25924361,VIBRATION,0.09603978,OK
25925611,VIBRATION,0.2106019,OK
25926870,VIBRATION,0.3735054,OK
25928111,VIBRATION,0.4870643,OK
25929361,VIBRATION,0.5964753,OK
25930000,PRESSURE,101.3131,OK
25930000,TEMPERATURE,21.58011,OK
25930611,VIBRATION,0.06873093,OK
25931861,VIBRATION,0.1794752,OK
25933111,VIBRATION,0.05553529,OK
25934362,VIBRATION,-0.3382287,OK
25935611,VIBRATION,-0.2078932,OK
25936861,VIBRATION,-0.1922511,OK
25938111,VIBRATION,0.07894949,OK
25939361,VIBRATION,0.4907215,OK
25940000,PRESSURE,101.326,OK
25940000,TEMPERATURE,21.57665,OK
25940611,VIBRATION,0.9818091,OK
25941861,VIBRATION,1.19093,OK
25943111,VIBRATION,0.9791553,OK
25944361,VIBRATION,1.452496,OK
25945611,VIBRATION,1.078978,OK
25946861,VIBRATION,1.353398,OK
25948111,VIBRATION,1.28987,OK
25949373,VIBRATION,1.081295,OK
25950000,PRESSURE,101.3114,OK
25950000,TEMPERATURE,21.50377,OK
25950611,VIBRATION,0.6708497,OK
25951861,VIBRATION,0.1458448,OK
25953111,VIBRATION,0.2915537,OK
25954361,VIBRATION,0.4139596,OK
25955611,VIBRATION,0.8775238,OK
25956861,VIBRATION,0.3914203,OK
25958111,VIBRATION,0.7064339,OK
25959361,VIBRATION,0.2662833,OK
25960000,PRESSURE,101.397,OK
25960000,TEMPERATURE,21.80318,OK
25960611,VIBRATION,0.358001,OK
25961861,VIBRATION,0.5166125,OK
25963111,VIBRATION,0.7034811,OK
25964361,VIBRATION,0.8618421,OK
25965632,VIBRATION,0.4779188,OK
25966861,VIBRATION,0.2263224,OK
25968112,VIBRATION,0.5784621,OK
25969361,VIBRATION,0.6595366,OK
25970000,PRESSURE,101.4301,OK
25970000,TEMPERATURE,21.77539,OK
25970611,VIBRATION,1.028904,OK
25971861,VIBRATION,1.17101,OK
25973111,VIBRATION,0.8490827,OK
25974361,VIBRATION,0.7022845,OK
25975611,VIBRATION,1.104375,OK
25976861,VIBRATION,0.6512427,OK
25978111,VIBRATION,0.9392865,OK
25979361,VIBRATION,1.012475,OK
25980000,PRESSURE,101.4193,OK
25980000,TEMPERATURE,21.90925,OK
25980611,VIBRATION,0.9727953,OK
25981861,VIBRATION,1.220569,OK
25983111,VIBRATION,1.246866,OK
25984361,VIBRATION,1.257239,OK
25985611,VIBRATION,1.020316,OK
25986870,VIBRATION,0.5197775,OK
25988111,VIBRATION,0.5717327,OK
25989361,VIBRATION,1.17194,OK
25990000,PRESSURE,101.3857,OK
25990000,TEMPERATURE,21.84317,OK
25990611,VIBRATION,1.251746,OK
25991861,VIBRATION,0.9916911,OK
25993111,VIBRATION,1.02717,OK
25994361,VIBRATION,1.367204,OK
25995611,VIBRATION,1.617668,OK
25996861,VIBRATION,1.375125,OK
25998111,VIBRATION,0.7506533,OK
25999361,VIBRATION,0.7069938,OK
26000000,PRESSURE,101.4056,OK
26000000,TEMPERATURE,21.84099,OK
26000000,HUMIDITY,44.71209,OK
26000611,VIBRATION,1.055436,OK
26001861,VIBRATION,0.788905,OK
26003111,VIBRATION,0.4066374,OK
26004361,VIBRATION,0.4487825,OK
26005611,VIBRATION,0.5598535,OK
26006861,VIBRATION,-0.1033833,OK
26008111,VIBRATION,-0.02293261,OK
26009361,VIBRATION,0.2763196,OK
26010000,PRESSURE,101.4164,OK
26010000,TEMPERATURE,21.91157,OK
26010611,VIBRATION,-0.2388015,OK
26011861,VIBRATION,-0.7996481,OK
26013111,VIBRATION,0.135309,OK
26014361,VIBRATION,-0.276223,OK
26015611,VIBRATION,-0.6609369,OK
26016861,VIBRATION,-0.4201516,OK
26018111,VIBRATION,0.1140957,OK
26019361,VIBRATION,-0.1388156,OK
26020000,PRESSURE,101.376,OK
26020000,TEMPERATURE,22.01331,OK
26020611,VIBRATION,-0.0508403,OK
26021861,VIBRATION,-0.353756,OK
26023111,VIBRATION,-0.5697409,OK
26024361,VIBRATION,-0.27453,OK
26025611,VIBRATION,-0.3517589,OK
26026861,VIBRATION,-0.6143711,OK
26028111,VIBRATION,-0.3192017,OK
26029361,VIBRATION,-0.544509,OK
26030000,PRESSURE,101.4235,OK
26030000,TEMPERATURE,21.77378,OK
26030611,VIBRATION,-0.3044159,OK
26031861,VIBRATION,-0.3813847,OK
26033111,VIBRATION,-0.105957,OK
26034361,VIBRATION,0.1163171,OK
26035611,VIBRATION,-0.004674797,OK
26036861,VIBRATION,-0.214302,OK
26038111,VIBRATION,-0.3648891,OK
26039361,VIBRATION,-0.3998752,OK
26040000,PRESSURE,101.5458,OK
26040000,TEMPERATURE,21.81739,OK
26040611,VIBRATION,-0.1047882,OK
26041861,VIBRATION,0.3115146,OK
26043111,VIBRATION,0.1679753,OK
26044361,VIBRATION,0.1453824,OK
26045611,VIBRATION,-0.1006547,OK
26046861,VIBRATION,0.05202841,OK
26048111,VIBRATION,-0.2641201,OK
26049361,VIBRATION,-0.01112286,OK
26050000,PRESSURE,101.4627,OK
26050000,TEMPERATURE,21.77834,OK
26050611,VIBRATION,0.220634,OK
26051861,VIBRATION,0.03382741,OK
26053111,VIBRATION,0.7144392,OK
26054361,VIBRATION,0.05058279,OK
26055611,VIBRATION,-0.330534,OK
26056861,VIBRATION,-0.01661191,OK
26058111,VIBRATION,-0.4401274,OK
26059361,VIBRATION,-0.7138916,OK
26060000,PRESSURE,101.3841,OK
26060000,TEMPERATURE,21.69153,OK
26060611,VIBRATION,-0.6576873,OK
26061861,VIBRATION,-0.9470109,OK
26063111,VIBRATION,-0.5352406,OK
26064361,VIBRATION,-0.6494627,OK
26065611,VIBRATION,-0.508271,OK
26066861,VIBRATION,-0.7877762,OK
26068111,VIBRATION,-0.5677838,OK
26069361,VIBRATION,-0.5059246,OK
26070000,PRESSURE,101.3671,OK
26070000,TEMPERATURE,21.77458,OK
26070611,VIBRATION,-0.69622,OK
26071861,VIBRATION,-0.4711294,OK
26073111,VIBRATION,0.01954906,OK
26074361,VIBRATION,-0.3392391,OK
26075611,VIBRATION,-0.02893846,OK
26076861,VIBRATION,0.0004701455,OK
26078111,VIBRATION,0.3969067,OK
26079361,VIBRATION,-0.02499221,OK
26080000,PRESSURE,101.4471,OK
26080000,TEMPERATURE,21.65295,OK
26080618,VIBRATION,0.006985296,OK
26081861,VIBRATION,0.04779616,OK
26083111,VIBRATION,-0.03823319,OK
26084361,VIBRATION,-0.03187539,OK
26085611,VIBRATION,0.2086886,OK
26086861,VIBRATION,-0.07149856,OK
26088111,VIBRATION,-0.3784535,OK
26089361,VIBRATION,0.03608546,OK
26090000,PRESSURE,101.3698,OK
26090000,TEMPERATURE,21.75796,OK
26090611,VIBRATION,0.3507843,OK
26091861,VIBRATION,0.6828842,OK
26093111,VIBRATION,-0.08449877,OK
26094361,VIBRATION,0.3383904,OK
26095611,VIBRATION,-0.2341235,OK
26096861,VIBRATION,0.07332273,OK
26098111,VIBRATION,-0.1509898,OK
26099361,VIBRATION,-0.03083687,OK
26100000,PRESSURE,101.3371,OK
26100000,TEMPERATURE,21.77275,OK
26100611,VIBRATION,0.1416502,OK
26101861,VIBRATION,0.3321059,OK
26103111,VIBRATION,0.2902183,OK
26104361,VIBRATION,0.3240061,OK
26105611,VIBRATION,0.4277389,OK
26106861,VIBRATION,0.4299293,OK
26108111,VIBRATION,0.4921974,OK
26109361,VIBRATION,0.958723,OK
26110000,PRESSURE,101.3232,OK
26110000,TEMPERATURE,21.74468,OK
26110611,VIBRATION,0.7438066,OK
26111862,VIBRATION,0.5382991,OK
26113111,VIBRATION,0.08548091,OK
26114361,VIBRATION,-0.0929654,OK
26115611,VIBRATION,0.1108962,OK
26116861,VIBRATION,0.3530077,OK
26118111,VIBRATION,-0.2474649,OK
26119361,VIBRATION,-0.02986606,OK
26120000,PRESSURE,101.2637,OK
26120000,TEMPERATURE,21.63268,OK
26120611,VIBRATION,-0.112711,OK
26121861,VIBRATION,-0.1653232,OK
26123111,VIBRATION,-0.03657391,OK
26124361,VIBRATION,-0.1936221,OK
26125611,VIBRATION,-0.2385154,OK
26126861,VIBRATION,-0.2966316,OK
26128111,VIBRATION,-0.06857192,OK
26129361,VIBRATION,0.2112349,OK
26130000,PRESSURE,101.2056,OK
26130000,TEMPERATURE,21.68404,OK
26130611,VIBRATION,0.1480092,OK
26131861,VIBRATION,-0.04993671,OK
26133111,VIBRATION,-0.335358,OK
26134361,VIBRATION,-0.4360802,OK
26135611,VIBRATION,-0.4890682,OK
26136861,VIBRATION,0.1359763,OK
26138111,VIBRATION,0.08750019,OK
26139362,VIBRATION,0.0006276583,OK
26140000,PRESSURE,101.1008,OK
26140000,TEMPERATURE,21.65615,OK
26140611,VIBRATION,0.2251727,OK
26141861,VIBRATION,0.04081849,OK
26143111,VIBRATION,-0.3582266,OK
26144361,VIBRATION,-0.3473194,OK
26145611,VIBRATION,-0.6410646,OK
26146861,VIBRATION,-0.2479898,OK
26148111,VIBRATION,0.1720492,OK
26149361,VIBRATION,0.2112923,OK
26150000,PRESSURE,101.0818,OK
26150000,TEMPERATURE,21.53257,OK
26150611,VIBRATION,0.3613227,OK
26151861,VIBRATION,0.1784573,OK
26153111,VIBRATION,0.3374221,OK
26154361,VIBRATION,-0.01176032,OK
26155611,VIBRATION,-0.4609397,OK
26156861,VIBRATION,-0.3422732,OK
26158111,VIBRATION,-0.4498672,OK
26159361,VIBRATION,-0.6261517,OK
26160000,PRESSURE,101.0944,OK
26160000,TEMPERATURE,21.46092,OK
26160611,VIBRATION,-0.6729345,OK
26161862,VIBRATION,-0.3757954,OK
26163111,VIBRATION,-0.20799,OK
26164361,VIBRATION,-0.7241684,OK
26165611,VIBRATION,-0.8370466,OK
26166861,VIBRATION,-0.5490864,OK
26168111,VIBRATION,-1.138387,OK
26169361,VIBRATION,-1.108714,OK
26170000,PRESSURE,101.0972,OK
26170000,TEMPERATURE,21.5631,OK
26170611,VIBRATION,-0.5784088,OK
26171861,VIBRATION,-1.015057,OK
26173111,VIBRATION,-0.6771768,OK
26174361,VIBRATION,-0.9242796,OK
26175611,VIBRATION,-1.296917,OK
26176861,VIBRATION,-1.653114,OK
26178111,VIBRATION,-2.147943,OK
26179361,VIBRATION,-2.010566,OK
26180000,PRESSURE,101.0978,OK
26180000,TEMPERATURE,21.4534,OK
26180611,VIBRATION,-2.035945,OK
26181861,VIBRATION,-2.094411,OK
26183111,VIBRATION,-2.370136,OK
26184361,VIBRATION,-2.078114,OK
26185611,VIBRATION,-1.816588,OK
26186861,VIBRATION,-1.978281,OK
26188111,VIBRATION,-1.413662,OK
26189361,VIBRATION,-1.811498,OK
26190000,PRESSURE,101.1384,OK
26190000,TEMPERATURE,21.4011,OK
26190611,VIBRATION,-1.963418,OK
26191862,VIBRATION,-1.42219,OK
26193111,VIBRATION,-0.86088,OK
26194362,VIBRATION,-0.7045637,OK
26195611,VIBRATION,-0.8136134,OK
26196861,VIBRATION,-0.668248,OK
26198111,VIBRATION,-0.5716539,OK
26199361,VIBRATION,-0.9281984,OK
26200000,PRESSURE,101.0943,OK
26200000,TEMPERATURE,21.38014,OK
26200611,VIBRATION,-0.8167217,OK
26201861,VIBRATION,-1.555823,OK
26203111,VIBRATION,-1.581505,OK
26204361,VIBRATION,-1.519389,OK
26205611,VIBRATION,-1.949979,OK
26206861,VIBRATION,-1.699772,OK
26208111,VIBRATION,-2.283878,OK
26209361,VIBRATION,-1.67765,OK
26210000,PRESSURE,101.1951,OK
26210000,TEMPERATURE,21.34006,OK
26210611,VIBRATION,-1.392291,OK
26211861,VIBRATION,-1.402074,OK
26213111,VIBRATION,-1.481672,OK
26214361,VIBRATION,-1.24339,OK
26215611,VIBRATION,-1.543061,OK
26216861,VIBRATION,-1.632348,OK
26218111,VIBRATION,-1.752542,OK
26219361,VIBRATION,-1.401339,OK
26220000,PRESSURE,101.2288,OK
26220000,TEMPERATURE,21.56301,OK
26220611,VIBRATION,-1.658103,OK
26221861,VIBRATION,-1.271976,OK
26223111,VIBRATION,-1.402656,OK
26224361,VIBRATION,-1.00885,OK
26225611,VIBRATION,-0.8926376,OK
26226861,VIBRATION,-0.9693251,OK
26228111,VIBRATION,-0.9273249,OK
26229361,VIBRATION,-0.7006253,OK
26230000,PRESSURE,101.3321,OK
26230000,TEMPERATURE,21.57867,OK
26230611,VIBRATION,-1.087362,OK
26231861,VIBRATION,-0.5950868,OK
26233111,VIBRATION,-1.020733,OK
26234361,VIBRATION,-1.33519,OK
26235611,VIBRATION,-1.53794,OK
26236861,VIBRATION,-1.628719,OK
26238111,VIBRATION,-1.274393,OK
26239361,VIBRATION,-1.32168,OK
26240000,PRESSURE,101.3453,OK
26240000,TEMPERATURE,21.53368,OK
26240611,VIBRATION,-1.2215,OK
26241861,VIBRATION,-1.469872,OK
26243111,VIBRATION,-1.124758,OK
26244361,VIBRATION,-0.6740713,OK
26245611,VIBRATION,-0.4004217,OK
26246861,VIBRATION,-0.5604337,OK
26248111,VIBRATION,-0.5910237,OK
26249361,VIBRATION,-0.3063831,OK
26250000,PRESSURE,101.3194,OK
26250000,TEMPERATURE,21.62871,OK
26250611,VIBRATION,-0.1479072,OK
26251861,VIBRATION,-0.4144513,OK
26253111,VIBRATION,-0.5591249,OK
26254361,VIBRATION,-1.255488,OK
26255611,VIBRATION,-1.415409,OK
26256861,VIBRATION,-1.530511,OK
26258111,VIBRATION,-1.140369,OK
26259361,VIBRATION,-0.8192788,OK
26260000,PRESSURE,101.3409,OK
26260000,TEMPERATURE,21.79948,OK
26260611,VIBRATION,-0.7911574,OK
26261861,VIBRATION,-1.092966,OK
26263111,VIBRATION,-1.070366,OK
26264361,VIBRATION,-1.026531,OK
26265616,VIBRATION,-1.258324,OK
26266861,VIBRATION,-1.177393,OK
26268111,VIBRATION,-1.346891,OK
26269361,VIBRATION,-1.744523,OK
26270000,PRESSURE,101.3472,OK
26270000,TEMPERATURE,21.86639,OK
26270611,VIBRATION,-1.845875,OK
26271862,VIBRATION,-1.410804,OK
26273111,VIBRATION,-1.250356,OK
26274361,VIBRATION,-0.7389607,OK
26275611,VIBRATION,-0.9599466,OK
26276861,VIBRATION,-0.7570934,OK
26278111,VIBRATION,-0.5530906,OK
26279361,VIBRATION,-0.1251832,OK
26280000,PRESSURE,101.3719,OK
26280000,TEMPERATURE,21.77337,OK
26280611,VIBRATION,0.1975622,OK
26281861,VIBRATION,0.6586875,OK
26283111,VIBRATION,0.4016857,OK
26284361,VIBRATION,0.7450945,OK
26285611,VIBRATION,0.842688,OK
26286861,VIBRATION,0.9930579,OK
26288111,VIBRATION,0.9815739,OK
26289361,VIBRATION,1.033897,OK
26290000,PRESSURE,101.4786,OK
26290000,TEMPERATURE,21.71689,OK
26290611,VIBRATION,1.042784,OK
26291861,VIBRATION,0.7000792,OK
26293111,VIBRATION,0.306824,OK
26294361,VIBRATION,-0.1453667,OK
26295611,VIBRATION,-1.292591,OK
26296861,VIBRATION,-1.506056,OK
26298111,VIBRATION,-1.912599,OK
26299361,VIBRATION,-1.670232,OK
26300000,PRESSURE,101.5654,OK
26300000,TEMPERATURE,21.79835,OK
26300611,VIBRATION,-1.27213,OK
26301861,VIBRATION,-0.9857043,OK
26303111,VIBRATION,-0.8276991,OK
26304361,VIBRATION,-0.6859735,OK
26305611,VIBRATION,-0.7237821,OK
26306861,VIBRATION,-0.5158453,OK
26308111,VIBRATION,-0.8249423,OK
26309361,VIBRATION,-0.6954841,OK
26310000,PRESSURE,101.5521,OK
26310000,TEMPERATURE,21.64953,OK
26310611,VIBRATION,-0.721232,OK
26311861,VIBRATION,-0.3417219,OK
26313111,VIBRATION,0.1296609,OK
26314361,VIBRATION,-0.2246442,OK
26315611,VIBRATION,-0.1876447,OK
26316861,VIBRATION,0.01289242,OK
26318111,VIBRATION,0.1141649,OK
26319361,VIBRATION,0.09212134,OK
26320000,PRESSURE,101.5094,OK
26320000,TEMPERATURE,21.76245,OK
26320611,VIBRATION,0.1044315,OK
26321861,VIBRATION,-0.1901531,OK
26323111,VIBRATION,-0.5502907,OK
26324361,VIBRATION,0.2391444,OK
26325611,VIBRATION,0.4098818,OK
26326861,VIBRATION,0.5587765,OK
26328112,VIBRATION,0.5520833,OK
26329361,VIBRATION,0.6524496,OK
26330000,PRESSURE,101.5943,OK
26330000,TEMPERATURE,21.74454,OK
26330612,VIBRATION,0.04847867,OK
26331861,VIBRATION,-0.2300882,OK
26333111,VIBRATION,-0.3448016,OK
26334361,VIBRATION,-0.8223385,OK
26335611,VIBRATION,-0.3241127,OK
26336891,VIBRATION,-0.6565857,OK
26338111,VIBRATION,-0.3479522,OK
26339361,VIBRATION,0.01794488,OK
26340000,PRESSURE,101.5978,OK
26340000,TEMPERATURE,21.83989,OK
26340611,VIBRATION,0.190367,OK
26341861,VIBRATION,0.5840324,OK
26343111,VIBRATION,0.5312087,OK
26344361,VIBRATION,0.6076079,OK
26345611,VIBRATION,0.648978,OK
26346861,VIBRATION,0.515134,OK
26348112,VIBRATION,-0.4434434,OK
26349361,VIBRATION,-0.1142201,OK
26350000,PRESSURE,101.5349,OK
26350000,TEMPERATURE,21.80136,OK
26350611,VIBRATION,0.03604632,OK
26351861,VIBRATION,0.2505187,OK
26353111,VIBRATION,-0.02814932,OK
26354361,VIBRATION,-0.3699917,OK
26355613,VIBRATION,-0.5407797,OK
26356861,VIBRATION,-0.3476976,OK
26358111,VIBRATION,-0.1804252,OK
26359361,VIBRATION,-0.4756829,OK
26360000,PRESSURE,101.5161,OK
26360000,TEMPERATURE,21.76081,OK
26360611,VIBRATION,-0.2844798,OK
26361861,VIBRATION,0.4940167,OK
26363111,VIBRATION,0.3329628,OK
26364361,VIBRATION,0.1843352,OK
26365611,VIBRATION,-0.0542441,OK
26366861,VIBRATION,0.01763292,OK
26368111,VIBRATION,0.2544078,OK
26369361,VIBRATION,0.4664681,OK
26370000,PRESSURE,101.4867,OK
26370000,TEMPERATURE,21.71011,OK
26370611,VIBRATION,0.5139316,OK
26371861,VIBRATION,0.3667305,OK
26373111,VIBRATION,0.2982378,OK
26374361,VIBRATION,0.4372862,OK
26375611,VIBRATION,0.5057517,OK
26376861,VIBRATION,0.895951,OK
26378111,VIBRATION,0.3559909,OK
26379361,VIBRATION,-0.1104639,OK
26380000,PRESSURE,101.4442,OK
26380000,TEMPERATURE,21.66417,OK
26380611,VIBRATION,0.1505213,OK
26381861,VIBRATION,0.1841665,OK
26383111,VIBRATION,-0.1785135,OK
26384361,VIBRATION,0.05481476,OK
26385611,VIBRATION,0.3083373,OK
26386861,VIBRATION,0.2577706,OK
26388111,VIBRATION,0.4005865,OK
26389361,VIBRATION,0.4817288,OK
26390000,PRESSURE,101.4407,OK
26390000,TEMPERATURE,21.7075,OK
26390615,VIBRATION,0.6259339,OK
26391861,VIBRATION,0.7029505,OK
26393111,VIBRATION,0.612674,OK
26394361,VIBRATION,0.4252717,OK
26395611,VIBRATION,0.1781915,OK
26396861,VIBRATION,0.2400864,OK
26398111,VIBRATION,0.1085198,OK
26399361,VIBRATION,-0.07732262,OK
26400000,PRESSURE,101.3025,OK
26400000,TEMPERATURE,21.67312,OK
26400611,VIBRATION,-0.5974565,OK
26401861,VIBRATION,-1.01055,OK
26403111,VIBRATION,-0.7151053,OK
26404361,VIBRATION,-0.753847,OK
26405611,VIBRATION,-0.615266,OK
26406861,VIBRATION,-0.7223652,OK
26408111,VIBRATION,-1.046851,OK
26409361,VIBRATION,-0.7379533,OK
26410000,PRESSURE,101.4366,OK
26410000,TEMPERATURE,21.5773,OK
26410611,VIBRATION,-0.3863403,OK
26411861,VIBRATION,-0.9159446,OK
26413111,VIBRATION,-0.4826849,OK
26414361,VIBRATION,-0.363934,OK
26415611,VIBRATION,-0.7022242,OK
26416861,VIBRATION,-0.9392298,OK
26418111,VIBRATION,-0.7437294,OK
26419361,VIBRATION,-0.4833043,OK
26420000,PRESSURE,101.4813,OK
26420000,TEMPERATURE,21.68972,OK
26420611,VIBRATION,-0.6347289,OK
26421861,VIBRATION,-0.4937279,OK
26423111,VIBRATION,-0.4460261,OK
26424361,VIBRATION,0.002766613,OK
26425611,VIBRATION,-0.02023126,OK
26426861,VIBRATION,0.1683148,OK
26428111,VIBRATION,-0.2378038,OK
26429361,VIBRATION,0.2038641,OK
26430000,PRESSURE,101.5087,OK
26430000,TEMPERATURE,21.74628,OK
26430611,VIBRATION,-0.04231541,OK
26431861,VIBRATION,0.102762,OK
26433111,VIBRATION,0.2183725,OK
26434361,VIBRATION,0.06962184,OK
26435611,VIBRATION,0.1659311,OK
26436861,VIBRATION,0.2534907,OK
26438111,VIBRATION,0.234436,OK
26439361,VIBRATION,0.4109607,OK
26440000,PRESSURE,101.4773,OK
26440000,TEMPERATURE,21.62498,OK
26440611,VIBRATION,0.08046965,OK
26441861,VIBRATION,-0.1976956,OK
26443111,VIBRATION,0.3319529,OK
26444361,VIBRATION,0.6378957,OK
26445611,VIBRATION,1.137573,OK
26446861,VIBRATION,1.255917,OK
26448111,VIBRATION,1.230842,OK
26449361,VIBRATION,1.381667,OK
26450121,PRESSURE,101.3154,OK
26450121,TEMPERATURE,21.76738,OK
26450611,VIBRATION,1.450093,OK
26451861,VIBRATION,0.9901934,OK
26453111,VIBRATION,1.090012,OK
26454361,VIBRATION,1.238967,OK
26455611,VIBRATION,0.7622661,OK
26456861,VIBRATION,0.8224071,OK
26458111,VIBRATION,0.7200378,OK
26459361,VIBRATION,0.7378427,OK
26460000,PRESSURE,101.282,OK
26460000,TEMPERATURE,21.93275,OK
26460674,VIBRATION,0.4725245,OK
26461861,VIBRATION,0.2981986,OK
26463111,VIBRATION,0.5560636,OK
26464361,VIBRATION,0.5610106,OK
26465611,VIBRATION,0.3009693,OK
26466861,VIBRATION,0.05925362,OK
26468111,VIBRATION,0.3103853,OK
26469361,VIBRATION,0.2851328,OK
26470000,PRESSURE,101.1805,OK
26470000,TEMPERATURE,21.92406,OK
26470611,VIBRATION,0.3370044,OK
26471861,VIBRATION,0.9336682,OK
26473111,VIBRATION,1.099468,OK
26474361,VIBRATION,0.9458674,OK
26475611,VIBRATION,0.8643012,OK
26476861,VIBRATION,0.5108293,OK
26478111,VIBRATION,0.7519893,OK
26479361,VIBRATION,0.5462924,OK
26480000,PRESSURE,101.2492,OK
26480000,TEMPERATURE,21.82261,OK
26480611,VIBRATION,0.2833174,OK
26481861,VIBRATION,0.4164603,OK
26483111,VIBRATION,0.8707018,OK
26484361,VIBRATION,0.6879289,OK
26485611,VIBRATION,0.5350139,OK
26486861,VIBRATION,0.2783244,OK
26488111,VIBRATION,0.2573996,OK
26489361,VIBRATION,0.08812284,OK
26490000,PRESSURE,101.2976,OK
26490000,TEMPERATURE,21.87006,OK
26490611,VIBRATION,-0.4271282,OK
26491861,VIBRATION,-0.414385,OK
26493111,VIBRATION,-0.3153584,OK
26494361,VIBRATION,-0.1260476,OK
26495611,VIBRATION,-0.01216633,OK
26496861,VIBRATION,0.2582393,OK
26498111,VIBRATION,0.3561921,OK
26499361,VIBRATION,-0.04228139,OK
26500000,PRESSURE,101.3295,OK
26500000,TEMPERATURE,21.90935,OK
26500611,VIBRATION,-0.2730502,OK
26501861,VIBRATION,-0.1869142,OK
26503111,VIBRATION,0.4325383,OK
26504361,VIBRATION,0.3070386,OK
26505611,VIBRATION,0.2180444,OK
26506861,VIBRATION,0.001092253,OK
26508111,VIBRATION,0.2369506,OK
26509361,VIBRATION,-0.05585732,OK
26510000,PRESSURE,101.3846,OK
26510000,TEMPERATURE,21.82573,OK
26510611,VIBRATION,0.03495834,OK
26511861,VIBRATION,-0.122403,OK
26513111,VIBRATION,-0.7029975,OK
26514361,VIBRATION,-0.4978772,OK
26515611,VIBRATION,-0.4739846,OK
26516861,VIBRATION,-0.6108179,OK
26518111,VIBRATION,-0.8723446,OK
26519361,VIBRATION,-0.993806,OK
26520000,PRESSURE,101.4152,OK
26520000,TEMPERATURE,21.83645,OK
26520611,VIBRATION,-0.8797522,OK
26521861,VIBRATION,-0.8511086,OK
26523111,VIBRATION,-0.3894086,OK
26524361,VIBRATION,-0.134134,OK
26525611,VIBRATION,-0.6997804,OK
26526861,VIBRATION,-0.8410958,OK
26528111,VIBRATION,-0.8146966,OK
26529361,VIBRATION,-0.7810877,OK
26530000,PRESSURE,101.4729,OK
26530000,TEMPERATURE,21.76565,OK
26530611,VIBRATION,-0.7496197,OK
26531861,VIBRATION,-0.634348,OK
26533111,VIBRATION,-0.5501779,OK
26534361,VIBRATION,-0.1814634,OK
26535618,VIBRATION,-0.09577406,OK
26536861,VIBRATION,0.08766384,OK
26538114,VIBRATION,0.09232712,OK
26539361,VIBRATION,0.2803004,OK
26540000,PRESSURE,101.4207,OK
26540000,TEMPERATURE,21.80227,OK
26540611,VIBRATION,0.3905984,OK
26541861,VIBRATION,0.3147167,OK
26543111,VIBRATION,-0.1206229,OK
26544361,VIBRATION,0.2568815,OK
26545611,VIBRATION,0.3600942,OK
26546861,VIBRATION,0.3299325,OK
26548112,VIBRATION,0.4214785,OK
26549361,VIBRATION,1.035097,OK
26550000,PRESSURE,101.4365,OK
26550000,TEMPERATURE,21.93834,OK
26550611,VIBRATION,0.7193866,OK
26551878,VIBRATION,0.4207612,OK
26553123,VIBRATION,0.1970701,OK
26554361,VIBRATION,0.2315458,OK
26555611,VIBRATION,0.3018597,OK
26556864,VIBRATION,0.3343521,OK
26558111,VIBRATION,0.7873616,OK
26559361,VIBRATION,0.5585219,OK
26560000,PRESSURE,101.4628,OK
26560000,TEMPERATURE,21.8121,OK
26560611,VIBRATION,0.5701569,OK
26561861,VIBRATION,0.6672586,OK
26563111,VIBRATION,0.6912689,OK
26564362,VIBRATION,1.023514,OK
26565611,VIBRATION,1.300294,OK
26566861,VIBRATION,1.303077,OK
26568111,VIBRATION,1.22212,OK
26569361,VIBRATION,1.555461,OK
26570000,PRESSURE,101.4841,OK
26570000,TEMPERATURE,22.01093,OK
26570611,VIBRATION,1.667185,OK
26571861,VIBRATION,1.701889,OK
26573111,VIBRATION,1.737199,OK
26574361,VIBRATION,1.48016,OK
26575611,VIBRATION,0.6120099,OK
26576861,VIBRATION,0.5048609,OK
26578111,VIBRATION,0.08544994,OK
26579361,VIBRATION,-0.2955274,OK
26580000,PRESSURE,101.5173,OK
26580000,TEMPERATURE,21.99874,OK
26580611,VIBRATION,-0.4013237,OK
26581886,VIBRATION,-0.7855362,OK
26583111,VIBRATION,-0.7692887,OK
26584361,VIBRATION,-0.2462958,OK
26585611,VIBRATION,0.5145341,OK
26586861,VIBRATION,0.2425799,OK
26588111,VIBRATION,0.5688224,OK
26589361,VIBRATION,0.5144017,OK
26590000,PRESSURE,101.5288,OK
26590000,TEMPERATURE,21.98175,OK
26590611,VIBRATION,0.09547783,OK
26591861,VIBRATION,0.2175291,OK
26593111,VIBRATION,0.1569996,OK
26594361,VIBRATION,0.4392107,OK
26595611,VIBRATION,0.6064322,OK
26596861,VIBRATION,0.6708481,OK
26598111,VIBRATION,0.4201392,OK
26599361,VIBRATION,0.2308324,OK
26600000,PRESSURE,101.3965,OK
26600000,TEMPERATURE,21.96629,OK
26600611,VIBRATION,0.893996,OK
26601861,VIBRATION,0.979527,OK
26603111,VIBRATION,0.3416404,OK
26604361,VIBRATION,0.6737354,OK
26605611,VIBRATION,1.180818,OK
26606861,VIBRATION,1.579319,OK
26608111,VIBRATION,2.030428,OK
26609361,VIBRATION,1.95322,OK
26610000,PRESSURE,101.4577,OK
26610000,TEMPERATURE,21.94151,OK
26610611,VIBRATION,1.578592,OK
26611861,VIBRATION,1.910754,OK
26613111,VIBRATION,1.865588,OK
26614361,VIBRATION,1.841567,OK
26615611,VIBRATION,1.721501,OK
26616861,VIBRATION,1.510234,OK
26618111,VIBRATION,1.457463,OK
26619361,VIBRATION,2.190258,OK
26620000,PRESSURE,101.4904,OK
26620000,TEMPERATURE,21.90096,OK
26620611,VIBRATION,2.314199,OK
26621861,VIBRATION,2.022432,OK
26623111,VIBRATION,2.054565,OK
26624361,VIBRATION,1.730704,OK
26625611,VIBRATION,1.798414,OK
26626861,VIBRATION,1.877087,OK
26628111,VIBRATION,1.286091,OK
26629361,VIBRATION,1.361496,OK
26630000,PRESSURE,101.5352,OK
26630000,TEMPERATURE,21.91987,OK
26630611,VIBRATION,1.558128,OK
26631861,VIBRATION,1.673195,OK
26633111,VIBRATION,1.822338,OK
26634361,VIBRATION,1.636927,OK
26635611,VIBRATION,1.737915,OK
26636861,VIBRATION,1.853494,OK
26638111,VIBRATION,1.917527,OK
26639361,VIBRATION,1.665571,OK
26640000,PRESSURE,101.6092,OK
26640000,TEMPERATURE,21.75574,OK
26640611,VIBRATION,1.825671,OK
26641861,VIBRATION,2.1931,OK
26643111,VIBRATION,2.028122,OK
26644361,VIBRATION,1.947616,OK
26645611,VIBRATION,2.263467,OK
26646861,VIBRATION,2.307982,OK
26648111,VIBRATION,2.073084,OK
26649361,VIBRATION,2.174024,OK
26650000,PRESSURE,101.5762,OK
26650000,TEMPERATURE,21.67139,OK
26650611,VIBRATION,1.892594,OK
26651861,VIBRATION,1.495883,OK
26653111,VIBRATION,1.574194,OK
26654361,VIBRATION,1.697851,OK
26655611,VIBRATION,1.485211,OK
26656861,VIBRATION,1.929149,OK
26658111,VIBRATION,1.17799,OK
26659361,VIBRATION,0.3999669,OK
26660000,PRESSURE,101.6111,OK
26660000,TEMPERATURE,21.68755,OK
26660611,VIBRATION,0.7347678,OK
26661861,VIBRATION,0.3894683,OK
26663111,VIBRATION,0.8464432,OK
26664361,VIBRATION,1.181264,OK
26665611,VIBRATION,1.785165,OK
26666861,VIBRATION,1.501172,OK
26668111,VIBRATION,2.159227,OK
26669361,VIBRATION,2.505545,OK
26670000,PRESSURE,101.6006,OK
26670000,TEMPERATURE,21.50586,OK
26670611,VIBRATION,2.155818,OK
26671861,VIBRATION,2.385378,OK
26673111,VIBRATION,2.428673,OK
26674361,VIBRATION,2.169676,OK
26675611,VIBRATION,2.205152,OK
26676861,VIBRATION,1.873857,OK
26678111,VIBRATION,1.927701,OK
26679361,VIBRATION,1.083627,OK
26680001,PRESSURE,101.4851,OK
26680001,TEMPERATURE,21.59114,OK
26680612,VIBRATION,0.6601416,OK
26681861,VIBRATION,0.579744,OK
26683168,VIBRATION,0.6815696,OK
26684361,VIBRATION,1.275152,OK
26685611,VIBRATION,1.477695,OK
26686861,VIBRATION,1.344441,OK
26688111,VIBRATION,1.680927,OK
26689361,VIBRATION,1.812676,OK
26690000,PRESSURE,101.444,OK
26690000,TEMPERATURE,21.47503,OK
26690615,VIBRATION,2.010803,OK
26691861,VIBRATION,1.697738,OK
26693111,VIBRATION,1.626893,OK
26694361,VIBRATION,1.383201,OK
26695611,VIBRATION,1.145892,OK
26696861,VIBRATION,1.418677,OK
26698111,VIBRATION,1.044596,OK
26699361,VIBRATION,0.8053976,OK
26700000,PRESSURE,101.4327,OK
26700000,TEMPERATURE,21.37659,OK
26700612,VIBRATION,0.9507368,OK
26701862,VIBRATION,0.919923,OK
26703111,VIBRATION,0.8713485,OK
26704361,VIBRATION,1.051034,OK
26705611,VIBRATION,1.096023,OK
26706861,VIBRATION,0.931978,OK
26708111,VIBRATION,0.8224632,OK
26709361,VIBRATION,0.4994289,OK
26710000,PRESSURE,101.4256,OK
26710000,TEMPERATURE,21.24377,OK
26710611,VIBRATION,-0.08846966,OK
26711861,VIBRATION,-0.2349511,OK
26713111,VIBRATION,-0.2410808,OK
26714361,VIBRATION,-0.09287171,OK
26715663,VIBRATION,0.3980285,OK
26716862,VIBRATION,0.9337254,OK
26718117,VIBRATION,0.7305309,OK
26719361,VIBRATION,0.8590353,OK
26720000,PRESSURE,101.3742,OK
26720000,TEMPERATURE,21.43539,OK
26720611,VIBRATION,0.420734,OK
26721861,VIBRATION,0.07153654,OK
26723111,VIBRATION,0.6031741,OK
26724361,VIBRATION,0.4434908,OK
26725611,VIBRATION,0.1769046,OK
26726861,VIBRATION,0.359372,OK
26728111,VIBRATION,0.8440957,OK
26729361,VIBRATION,0.4174234,OK
26730000,PRESSURE,101.3775,OK
26730000,TEMPERATURE,21.36305,OK
26730611,VIBRATION,-0.0380806,OK
26731861,VIBRATION,-0.2025474,OK
26733111,VIBRATION,-0.1979958,OK
26734361,VIBRATION,0.1284856,OK
26735611,VIBRATION,0.2375866,OK
26736861,VIBRATION,0.1269313,OK
26738111,VIBRATION,0.2545957,OK
26739361,VIBRATION,0.2681388,OK
26740000,PRESSURE,101.3937,OK
26740000,TEMPERATURE,21.39843,OK
26740611,VIBRATION,0.2323374,OK
26741861,VIBRATION,-0.08554838,OK
26743111,VIBRATION,0.1217408,OK
26744361,VIBRATION,-0.06428873,OK
26745611,VIBRATION,-0.1086053,OK
26746861,VIBRATION,0.3195347,OK
26748111,VIBRATION,0.1626289,OK
26749361,VIBRATION,0.2061735,OK
26750000,PRESSURE,101.4131,OK
26750000,TEMPERATURE,21.33886,OK
26750611,VIBRATION,0.2898036,OK
26751861,VIBRATION,-0.2247776,OK
26753111,VIBRATION,-0.3551591,OK
26754361,VIBRATION,-0.705143,OK
26755611,VIBRATION,-0.6907978,OK
26756861,VIBRATION,-0.7677789,OK
26758111,VIBRATION,-0.9305813,OK
26759361,VIBRATION,-1.240202,OK
26760000,PRESSURE,101.3594,OK
26760000,TEMPERATURE,21.34238,OK
26760611,VIBRATION,-1.308837,OK
26761861,VIBRATION,-1.231864,OK
26763111,VIBRATION,-1.008065,OK
26764361,VIBRATION,-1.194631,OK
26765611,VIBRATION,-1.33358,OK
26766861,VIBRATION,-0.9683256,OK
26768111,VIBRATION,-0.6861108,OK
26769361,VIBRATION,-0.7238091,OK
26770000,PRESSURE,101.3817,OK
26770000,TEMPERATURE,21.31866,OK
26770611,VIBRATION,-0.6323723,OK
26771861,VIBRATION,-0.4723358,OK
26773111,VIBRATION,-0.6314763,OK
26774361,VIBRATION,-0.562236,OK
26775611,VIBRATION,-0.2862712,OK
26776861,VIBRATION,0,COMM_ERROR
26778111,VIBRATION,0.5528505,OK
26779361,VIBRATION,0.373469,OK
26780000,PRESSURE,101.3755,OK
26780000,TEMPERATURE,21.19214,OK
26780611,VIBRATION,0.4772166,OK
26781861,VIBRATION,0.7125536,OK
26783111,VIBRATION,0.6107143,OK
26784361,VIBRATION,0.7889182,OK
26785611,VIBRATION,0.6159165,OK
26786861,VIBRATION,0.2987403,OK
26788111,VIBRATION,-0.07838845,OK
26789361,VIBRATION,-0.7117478,OK
26790000,PRESSURE,101.3517,OK
26790000,TEMPERATURE,21.2676,OK
26790611,VIBRATION,-0.7097698,OK
26791861,VIBRATION,-1.152275,OK
26793111,VIBRATION,-1.311907,OK
26794361,VIBRATION,-1.003395,OK
26795611,VIBRATION,-0.8349256,OK
26796861,VIBRATION,-1.499757,OK
26798111,VIBRATION,-1.11124,OK
26799361,VIBRATION,-0.9411962,OK
26800000,PRESSURE,101.3321,OK
26800000,TEMPERATURE,21.3501,OK
26800611,VIBRATION,-1.404495,OK
26801861,VIBRATION,-1.407488,OK
26803111,VIBRATION,-1.429705,OK
26804361,VIBRATION,-1.626898,OK
26805611,VIBRATION,-1.474138,OK
26806861,VIBRATION,-1.727056,OK
26808111,VIBRATION,-2.508296,OK
26809361,VIBRATION,-2.943317,OK
26810000,PRESSURE,101.3145,OK
26810000,TEMPERATURE,21.277,OK
26810611,VIBRATION,-1.997382,OK
26811861,VIBRATION,-1.597627,OK
26813111,VIBRATION,-1.940636,OK
26814361,VIBRATION,-1.960022,OK
26815611,VIBRATION,-1.60642,OK
26816862,VIBRATION,-2.252548,OK
26818111,VIBRATION,-2.324734,OK
26819361,VIBRATION,-2.64254,OK
26820000,PRESSURE,101.3393,OK
26820000,TEMPERATURE,21.28013,OK
26820611,VIBRATION,-2.328256,OK
26821861,VIBRATION,-2.056354,OK
26823111,VIBRATION,-2.072333,OK
26824361,VIBRATION,-1.497012,OK
26825611,VIBRATION,-1.156952,OK
26826861,VIBRATION,-1.729837,OK
26828111,VIBRATION,-1.494188,OK
26829361,VIBRATION,-0.9933591,OK
26830000,PRESSURE,101.3754,OK
26830000,TEMPERATURE,21.40028,OK
26830611,VIBRATION,-0.6983105,OK
26831861,VIBRATION,-0.3910169,OK
26833111,VIBRATION,-0.188503,OK
26834361,VIBRATION,-0.1815741,OK
26835611,VIBRATION,-0.05920447,OK
26836861,VIBRATION,-0.1713497,OK
26838111,VIBRATION,-0.8574755,OK
26839361,VIBRATION,-0.4938221,OK
26840000,PRESSURE,101.339,OK
26840000,TEMPERATURE,21.22097,OK
26840611,VIBRATION,-0.9967054,OK
26841861,VIBRATION,-0.7081289,OK
26843111,VIBRATION,-0.5647774,OK
26844361,VIBRATION,-0.6255576,OK
26845611,VIBRATION,-0.6877275,OK
26846861,VIBRATION,-0.6486761,OK
26848111,VIBRATION,-0.2209359,OK
26849361,VIBRATION,-0.3555695,OK
26850000,PRESSURE,101.371,OK
26850000,TEMPERATURE,21.24916,OK
26850611,VIBRATION,-0.493236,OK
26851861,VIBRATION,-0.554378,OK
26853111,VIBRATION,-0.08283833,OK
26854361,VIBRATION,-0.005052629,OK
26855611,VIBRATION,0.1131532,OK
26856861,VIBRATION,0.2836115,OK
26858111,VIBRATION,-0.04772764,OK
26859361,VIBRATION,-0.3998743,OK
26860000,PRESSURE,101.3224,OK
26860000,TEMPERATURE,21.26285,OK
26860611,VIBRATION,-0.3499333,OK
26861861,VIBRATION,-0.25909,OK
26863111,VIBRATION,-0.6778648,OK
26864361,VIBRATION,-0.8669286,OK
26865611,VIBRATION,-1.051566,OK
26866861,VIBRATION,-0.8519889,OK
26868111,VIBRATION,-0.6121478,OK
26869361,VIBRATION,-0.3263405,OK
26870000,PRESSURE,101.3302,OK
26870000,TEMPERATURE,21.36754,OK
26870611,VIBRATION,-0.6396988,OK
26871861,VIBRATION,-0.2223054,OK
26873111,VIBRATION,-0.3864474,OK
26874361,VIBRATION,-0.7088033,OK
26875611,VIBRATION,-0.313726,OK
26876861,VIBRATION,-0.3754824,OK
26878111,VIBRATION,0.4069902,OK
26879361,VIBRATION,-0.0122588,OK
26880000,PRESSURE,101.3333,OK
26880000,TEMPERATURE,21.53782,OK
26880611,VIBRATION,-0.5785437,OK
26881861,VIBRATION,-0.6714108,OK
26883111,VIBRATION,-0.4763683,OK
26884361,VIBRATION,-0.5667865,OK
26885611,VIBRATION,-0.1651151,OK
26886861,VIBRATION,-0.4355555,OK
26888112,VIBRATION,-0.1601287,OK
26889361,VIBRATION,-0.5173661,OK
26890000,PRESSURE,101.3595,OK
26890000,TEMPERATURE,21.59762,OK
26890611,VIBRATION,0.2476193,OK
26891861,VIBRATION,0.002676087,OK
26893111,VIBRATION,0.4441507,OK
26894361,VIBRATION,0.4391937,OK
26895611,VIBRATION,0.005351041,OK
26896861,VIBRATION,0.3005003,OK
26898111,VIBRATION,0.3491381,OK
26899361,VIBRATION,0.4102566,OK
26900000,PRESSURE,101.4191,OK
26900000,TEMPERATURE,21.56791,OK
26900611,VIBRATION,0.9630453,OK
26901861,VIBRATION,1.11118,OK
26903111,VIBRATION,0.2814904,OK
26904361,VIBRATION,-0.06287505,OK
26905611,VIBRATION,0.2589558,OK
26906861,VIBRATION,0.217869,OK
26908111,VIBRATION,0.2289756,OK
26909361,VIBRATION,0.5231983,OK
26910000,PRESSURE,101.451,OK
26910000,TEMPERATURE,21.60466,OK
26910611,VIBRATION,0.8322045,OK
26911861,VIBRATION,0.9602628,OK
26913111,VIBRATION,0.5305111,OK
26914361,VIBRATION,0.3754901,OK
26915611,VIBRATION,0.4322646,OK
26916861,VIBRATION,0.7200602,OK
26918116,VIBRATION,0.8878466,OK
26919361,VIBRATION,1.152511,OK
26920000,PRESSURE,101.4318,OK
26920000,TEMPERATURE,21.63473,OK
26920611,VIBRATION,0.6743796,OK
26921861,VIBRATION,0.1023236,OK
26923111,VIBRATION,0,COMM_ERROR
26924361,VIBRATION,-0.424899,OK
26925611,VIBRATION,-0.4217664,OK
26926861,VIBRATION,-0.970651,OK
26928111,VIBRATION,-1.019752,OK
26929361,VIBRATION,-0.6991002,OK
26930000,PRESSURE,101.3955,OK
26930000,TEMPERATURE,21.485,OK
26930611,VIBRATION,-0.8676263,OK
26931861,VIBRATION,-0.5300372,OK
26933111,VIBRATION,-0.5012306,OK
26934361,VIBRATION,-0.6334656,OK
26935611,VIBRATION,-1.467745,OK
26936861,VIBRATION,-1.660434,OK
26938111,VIBRATION,-1.576168,OK
26939361,VIBRATION,-1.790523,OK
26940000,PRESSURE,101.3573,OK
26940000,TEMPERATURE,21.51749,OK
26940611,VIBRATION,-1.284234,OK
26941861,VIBRATION,-1.294017,OK
26943111,VIBRATION,-1.592001,OK
26944361,VIBRATION,-1.230239,OK
26945611,VIBRATION,-1.400056,OK
26946861,VIBRATION,-1.371586,OK
26948111,VIBRATION,-1.097593,OK
26949361,VIBRATION,-1.271465,OK
26950000,PRESSURE,101.3601,OK
26950000,TEMPERATURE,21.61534,OK
26950611,VIBRATION,-1.027507,OK
26951861,VIBRATION,-0.9598628,OK
26953111,VIBRATION,-1.249208,OK
26954361,VIBRATION,-1.185069,OK
26955611,VIBRATION,-0.5724745,OK
26956861,VIBRATION,-0.8165829,OK
26958111,VIBRATION,-0.7491957,OK
26959361,VIBRATION,-0.7323137,OK
26960000,PRESSURE,101.4301,OK
26960000,TEMPERATURE,21.82168,OK
26960611,VIBRATION,-0.8402528,OK
26961861,VIBRATION,-1.258254,OK
26963111,VIBRATION,-0.9946468,OK
26964361,VIBRATION,-0.6138022,OK
26965611,VIBRATION,-0.5293099,OK
26966861,VIBRATION,0.08320607,OK
26968111,VIBRATION,0.2682594,OK
26969361,VIBRATION,0.4085706,OK
26970000,PRESSURE,101.3741,OK
26970000,TEMPERATURE,21.86332,OK
26970611,VIBRATION,0.3309307,OK
26971861,VIBRATION,-0.01930111,OK
26973111,VIBRATION,0.2305938,OK
26974361,VIBRATION,0.05388197,OK
26975611,VIBRATION,0.2497427,OK
26976861,VIBRATION,0.4096529,OK
26978111,VIBRATION,0.08048066,OK
26979361,VIBRATION,-1.234329,OK
26980000,PRESSURE,101.3367,OK
26980000,TEMPERATURE,21.87375,OK
26980611,VIBRATION,-1.504116,OK
26981862,VIBRATION,-1.688663,OK
26983111,VIBRATION,-1.379334,OK
26984361,VIBRATION,-1.2696,OK
26985611,VIBRATION,-0.9979604,OK
26986861,VIBRATION,-0.8105487,OK
26988111,VIBRATION,-0.6322625,OK
26989361,VIBRATION,-0.4007804,OK
26990000,PRESSURE,101.3488,OK
26990000,TEMPERATURE,21.94238,OK
26990611,VIBRATION,-0.4180723,OK
26991861,VIBRATION,-0.1657994,OK
26993111,VIBRATION,-0.3065002,OK
26994361,VIBRATION,-0.2518756,OK
26995611,VIBRATION,-0.7801432,OK
26996861,VIBRATION,-0.03939668,OK
26998111,VIBRATION,-0.2409311,OK
26999361,VIBRATION,-0.5208483,OK
27000000,PRESSURE,101.2634,OK
27000000,TEMPERATURE,22.05001,OK
27000000,HUMIDITY,44.86693,OK
27000611,VIBRATION,-0.6019008,OK
27001861,VIBRATION,-1.0992,OK
27003111,VIBRATION,-1.474856,OK
27004361,VIBRATION,-1.287044,OK
27005611,VIBRATION,-1.868122,OK
27006861,VIBRATION,-1.94277,OK
27008111,VIBRATION,-1.417214,OK
27009361,VIBRATION,-1.336192,OK
27010000,PRESSURE,101.3357,OK
27010000,TEMPERATURE,22.00107,OK
27010611,VIBRATION,-1.356252,OK
27011861,VIBRATION,-1.332758,OK
27013111,VIBRATION,-0.7029589,OK
27014361,VIBRATION,-0.4637598,OK
27015611,VIBRATION,0.1356464,OK
27016861,VIBRATION,0.1504513,OK
27018111,VIBRATION,0.2108643,OK
27019361,VIBRATION,-0.2397343,OK
27020000,PRESSURE,101.359,OK
27020000,TEMPERATURE,22.22981,OK
27020655,VIBRATION,-0.4996463,OK
27021861,VIBRATION,-0.8287522,OK
27023111,VIBRATION,-0.8123518,OK
27024361,VIBRATION,-0.5715066,OK
27025611,VIBRATION,-0.583662,OK
27026861,VIBRATION,-0.37048,OK
27028111,VIBRATION,-0.3062088,OK
27029361,VIBRATION,-0.4273928,OK
27030000,PRESSURE,101.38,OK
27030000,TEMPERATURE,22.17865,OK
27030611,VIBRATION,-0.6991065,OK
27031861,VIBRATION,-0.8369155,OK
27033111,VIBRATION,-0.7145986,OK
27034361,VIBRATION,-0.7773828,OK
27035611,VIBRATION,-0.8147407,OK
27036863,VIBRATION,-0.5148214,OK
27038111,VIBRATION,-0.2029136,OK
27039361,VIBRATION,-0.1775669,OK
27040000,PRESSURE,101.4116,OK
27040000,TEMPERATURE,22.1438,OK
27040611,VIBRATION,0.03513727,OK
27041861,VIBRATION,0.1217853,OK
27043111,VIBRATION,-0.05783437,OK
27044361,VIBRATION,-0.7231728,OK
27045611,VIBRATION,-0.7292411,OK
27046861,VIBRATION,-1.068882,OK
27048111,VIBRATION,-1.187619,OK
27049361,VIBRATION,-0.5972019,OK
27050000,PRESSURE,101.4749,OK
27050000,TEMPERATURE,22.14507,OK
27050611,VIBRATION,-0.1552162,OK
27051861,VIBRATION,-0.1978189,OK
27053111,VIBRATION,-0.03576127,OK
27054361,VIBRATION,0.1466421,OK
27055611,VIBRATION,-0.3232157,OK
27056861,VIBRATION,-0.2400982,OK
27058111,VIBRATION,0.3143039,OK
27059361,VIBRATION,0.3285353,OK
27060000,PRESSURE,101.4822,OK
27060000,TEMPERATURE,22.29894,OK
27060611,VIBRATION,0.326709,OK
27061861,VIBRATION,0.8586686,OK
27063111,VIBRATION,0.8434041,OK
27064361,VIBRATION,1.259917,OK
27065611,VIBRATION,1.015969,OK
27066861,VIBRATION,1.353765,OK
27068111,VIBRATION,1.365466,OK
27069361,VIBRATION,1.462526,OK
27070000,PRESSURE,101.5383,OK
27070000,TEMPERATURE,22.38187,OK
27070611,VIBRATION,1.698615,OK
27071861,VIBRATION,1.388136,OK
27073111,VIBRATION,1.458353,OK
27074361,VIBRATION,1.298844,OK
27075611,VIBRATION,0.9591088,OK
27076861,VIBRATION,1.501776,OK
27078111,VIBRATION,1.071282,OK
27079361,VIBRATION,1.004446,OK
27080000,PRESSURE,101.4777,OK
27080000,TEMPERATURE,22.41097,OK
27080611,VIBRATION,1.454656,OK
27081861,VIBRATION,1.470509,OK
27083111,VIBRATION,1.469785,OK
27084361,VIBRATION,1.54494,OK
27085611,VIBRATION,1.53346,OK
27086861,VIBRATION,1.618007,OK
27088131,VIBRATION,1.643534,OK
27089361,VIBRATION,2.175752,OK
27090000,PRESSURE,101.5125,OK
27090000,TEMPERATURE,22.44931,OK
27090611,VIBRATION,1.956203,OK
27091861,VIBRATION,2.410832,OK
27093111,VIBRATION,1.67099,OK
27094391,VIBRATION,1.273129,OK
27095611,VIBRATION,1.082857,OK
27096861,VIBRATION,0.9171957,OK
27098111,VIBRATION,0.541441,OK
27099361,VIBRATION,0.1005188,OK
27100000,PRESSURE,101.5345,OK
27100000,TEMPERATURE,22.32449,OK
27100611,VIBRATION,-0.2474846,OK
27101861,VIBRATION,-0.8395439,OK
27103111,VIBRATION,-0.9669378,OK
27104361,VIBRATION,-0.8932505,OK
27105611,VIBRATION,-1.271632,OK
27106861,VIBRATION,-0.7434895,OK
27108111,VIBRATION,-0.8776564,OK
27109361,VIBRATION,-0.7714173,OK
27110000,PRESSURE,101.6184,OK
27110000,TEMPERATURE,22.293,OK
27110611,VIBRATION,-0.4961103,OK
27111868,VIBRATION,-0.3721874,OK
27113111,VIBRATION,-0.743121,OK
27114361,VIBRATION,-0.646446,OK
27115611,VIBRATION,-0.6497204,OK
27116861,VIBRATION,-0.5551461,OK
27118111,VIBRATION,-0.2549708,OK
27119361,VIBRATION,-0.314537,OK
27120000,PRESSURE,101.5871,OK
27120000,TEMPERATURE,22.31479,OK
27120611,VIBRATION,-0.2111278,OK
27121861,VIBRATION,-0.2766279,OK
27123111,VIBRATION,-0.3589952,OK
27124361,VIBRATION,-0.01379115,OK
27125611,VIBRATION,0.463923,OK
27126861,VIBRATION,0.7098034,OK
27128111,VIBRATION,0.3380732,OK
27129361,VIBRATION,0.5079993,OK
27130000,PRESSURE,101.6151,OK
27130000,TEMPERATURE,22.22723,OK
27130611,VIBRATION,1.033255,OK
27131861,VIBRATION,0.9566832,OK
27133111,VIBRATION,0.02790399,OK
27134361,VIBRATION,0.2695991,OK
27135611,VIBRATION,0.5568529,OK
27136861,VIBRATION,0.7588098,OK
27138111,VIBRATION,1.003662,OK
27139361,VIBRATION,1.248264,OK
27140000,PRESSURE,101.6072,OK
27140000,TEMPERATURE,22.08782,OK
27140611,VIBRATION,0.8164932,OK
27141861,VIBRATION,0.8103723,OK
27143113,VIBRATION,0.6579483,OK
27144361,VIBRATION,0.6586002,OK
27145611,VIBRATION,0.78152,OK
27146861,VIBRATION,0.9898627,OK
27148111,VIBRATION,0.8324693,OK
27149361,VIBRATION,0.2136752,OK
27150000,PRESSURE,101.5247,OK
27150000,TEMPERATURE,22.09374,OK
27150611,VIBRATION,0.1439557,OK
27151861,VIBRATION,0.3982845,OK
27153111,VIBRATION,0.2104835,OK
27154361,VIBRATION,0.1226732,OK
27155611,VIBRATION,-0.1421173,OK
27156861,VIBRATION,-0.604988,OK
27158111,VIBRATION,-0.2593996,OK
27159361,VIBRATION,-0.6246216,OK
27160000,PRESSURE,101.5302,OK
27160000,TEMPERATURE,22.02021,OK
27160611,VIBRATION,-0.5368354,OK
27161861,VIBRATION,-0.1955393,OK
27163111,VIBRATION,-0.2855919,OK
27164361,VIBRATION,-0.2448832,OK
27165611,VIBRATION,-0.05249724,OK
27166861,VIBRATION,0.4893364,OK
27168111,VIBRATION,0.5546902,OK
27169361,VIBRATION,0.403436,OK
27170000,PRESSURE,101.4693,OK
27170000,TEMPERATURE,22.05305,OK
27170611,VIBRATION,0.207382,OK
27171861,VIBRATION,0.1215157,OK
27173111,VIBRATION,0.214833,OK
27174361,VIBRATION,0.8498295,OK
27175611,VIBRATION,0.5057771,OK
27176861,VIBRATION,0.5425512,OK
27178111,VIBRATION,0.00169736,OK
27179361,VIBRATION,0.2716162,OK
27180000,PRESSURE,101.4443,OK
27180000,TEMPERATURE,22.03296,OK
27180611,VIBRATION,0.7149369,OK
27181861,VIBRATION,0.7444677,OK
27183157,VIBRATION,1.04724,OK
27184382,VIBRATION,0.2762234,OK
27185611,VIBRATION,0.5757632,OK
27186861,VIBRATION,0.4827158,OK
27188111,VIBRATION,0.2258743,OK
27189361,VIBRATION,-0.2412818,OK
27190000,PRESSURE,101.4903,OK
27190000,TEMPERATURE,21.99192,OK
27190611,VIBRATION,-0.06756897,OK
27191861,VIBRATION,-0.3942058,OK
27193111,VIBRATION,-0.4417275,OK
27194361,VIBRATION,-0.4520374,OK
27195611,VIBRATION,-0.4019468,OK
27196861,VIBRATION,-0.8513393,OK
27198111,VIBRATION,-0.564882,OK
27199361,VIBRATION,-0.8784926,OK
27200000,PRESSURE,101.4701,OK
27200000,TEMPERATURE,21.90235,OK
27200611,VIBRATION,-1.049353,OK
27201861,VIBRATION,-0.8199498,OK
27203111,VIBRATION,-1.308119,OK
27204361,VIBRATION,-1.190237,OK
27205611,VIBRATION,-1.03884,OK
27206861,VIBRATION,-0.8832763,OK
27208111,VIBRATION,-1.373983,OK
27209361,VIBRATION,-1.410587,OK
27210000,PRESSURE,101.424,OK
27210000,TEMPERATURE,22.01401,OK
27210611,VIBRATION,-1.537394,OK
27211861,VIBRATION,-1.552627,OK
27213111,VIBRATION,-1.937629,OK
27214361,VIBRATION,-1.525329,OK
27215611,VIBRATION,-1.646098,OK
27216861,VIBRATION,-1.325672,OK
27218111,VIBRATION,-1.420581,OK
27219361,VIBRATION,-1.492643,OK
27220000,PRESSURE,101.385,OK
27220000,TEMPERATURE,22.11531,OK
27220611,VIBRATION,-1.521685,OK
27221861,VIBRATION,-1.350022,OK
27223111,VIBRATION,-1.176753,OK
27224361,VIBRATION,-1.03387,OK
27225611,VIBRATION,-0.650366,OK
27226861,VIBRATION,-0.2038523,OK
27228111,VIBRATION,-0.6269796,OK
27229361,VIBRATION,-0.7407957,OK
27230000,PRESSURE,101.4151,OK
27230000,TEMPERATURE,22.11366,OK
27230611,VIBRATION,-0.2524656,OK
27231861,VIBRATION,-0.3758403,OK
27233111,VIBRATION,-0.05540275,OK
27234361,VIBRATION,0.2066973,OK
27235611,VIBRATION,0.1871545,OK
27236861,VIBRATION,-0.13869,OK
27238111,VIBRATION,0.02761703,OK
27239361,VIBRATION,0.4770783,OK
27240000,PRESSURE,101.4148,OK
27240000,TEMPERATURE,22.20494,OK
27240611,VIBRATION,0.3605815,OK
27241861,VIBRATION,0.3764469,OK
27243111,VIBRATION,-0.2626221,OK
27244361,VIBRATION,-0.49414,OK
27245611,VIBRATION,-0.5935718,OK
27246861,VIBRATION,-0.2625571,OK
27248111,VIBRATION,0.4288002,OK
27249361,VIBRATION,0.2921812,OK
27250050,PRESSURE,101.3811,OK
27250050,TEMPERATURE,22.38961,OK
27250611,VIBRATION,0.0738927,OK
27251862,VIBRATION,-0.08989427,OK
27253111,VIBRATION,0.04785796,OK
27254361,VIBRATION,0.1107784,OK
27255611,VIBRATION,0.4376127,OK
27256861,VIBRATION,0.2815003,OK
27258111,VIBRATION,-0.3302304,OK
27259361,VIBRATION,-0.554028,OK
27260000,PRESSURE,101.3136,OK
27260000,TEMPERATURE,22.38205,OK
27260611,VIBRATION,-0.8162373,OK
27261861,VIBRATION,-0.9701709,OK
27263111,VIBRATION,-0.7778023,OK
27264361,VIBRATION,-1.206555,OK
27265611,VIBRATION,-1.53058,OK
27266861,VIBRATION,-1.176334,OK
27268111,VIBRATION,-0.7802651,OK
27269361,VIBRATION,-0.6695603,OK
27270000,PRESSURE,101.2987,OK
27270000,TEMPERATURE,22.30376,OK
27270611,VIBRATION,-0.414268,OK
27271861,VIBRATION,-0.5613445,OK
27273111,VIBRATION,-0.3988071,OK
27274361,VIBRATION,-0.2078081,OK
27275611,VIBRATION,0.01584711,OK
27276861,VIBRATION,-0.4212385,OK
27278111,VIBRATION,-0.2473558,OK
27279361,VIBRATION,-0.7742904,OK
27280000,PRESSURE,101.3392,OK
27280000,TEMPERATURE,22.42618,OK
27280611,VIBRATION,-0.5406738,OK
27281866,VIBRATION,-0.6617779,OK
27283143,VIBRATION,-0.6218352,OK
27284361,VIBRATION,-0.73945,OK
27285611,VIBRATION,-1.147771,OK
27286861,VIBRATION,-1.398778,OK
27288111,VIBRATION,-0.9464425,OK
27289361,VIBRATION,-1.22248,OK
27290000,PRESSURE,101.3191,OK
27290000,TEMPERATURE,22.3412,OK
27290611,VIBRATION,-0.9856391,OK
27291861,VIBRATION,-0.8860409,OK
27293111,VIBRATION,-0.6505269,OK
27294361,VIBRATION,-0.5237376,OK
27295611,VIBRATION,-0.3494482,OK
27296861,VIBRATION,-0.5369103,OK
27298111,VIBRATION,-0.3189185,OK
27299361,VIBRATION,-0.613913,OK
27300000,PRESSURE,101.381,OK
27300000,TEMPERATURE,22.16364,OK
27300611,VIBRATION,-0.04118535,OK
27301861,VIBRATION,0.09035986,OK
27303111,VIBRATION,-0.5836262,OK
27304361,VIBRATION,-0.9356798,OK
27305611,VIBRATION,-1.198424,OK
27306861,VIBRATION,-1.433085,OK
27308111,VIBRATION,-1.36441,OK
27309361,VIBRATION,-1.055547,OK
27310000,PRESSURE,101.3986,OK
27310000,TEMPERATURE,22.09496,OK
27310611,VIBRATION,-1.126025,OK
27311861,VIBRATION,-1.209725,OK
27313111,VIBRATION,-1.084977,OK
27314361,VIBRATION,-1.058403,OK
27315611,VIBRATION,-1.187392,OK
27316861,VIBRATION,-1.13478,OK
27318111,VIBRATION,-1.416233,OK
27319361,VIBRATION,-1.729637,OK
27320000,PRESSURE,101.3068,OK
27320000,TEMPERATURE,22.11124,OK
27320611,VIBRATION,-1.002877,OK
27321861,VIBRATION,-0.4790854,OK
27323111,VIBRATION,-0.8581716,OK
27324361,VIBRATION,0,COMM_ERROR
27325611,VIBRATION,-0.2404842,OK
27326861,VIBRATION,0.1321691,OK
27328111,VIBRATION,-0.4696402,OK
27329361,VIBRATION,-0.7364827,OK
27330000,PRESSURE,101.3016,OK
27330000,TEMPERATURE,22.11402,OK
27330611,VIBRATION,-0.6806086,OK
27331861,VIBRATION,-0.8558281,OK
27333111,VIBRATION,-1.165396,OK
27334361,VIBRATION,-0.5998434,OK
27335611,VIBRATION,-0.9526626,OK
27336861,VIBRATION,-0.7440457,OK
27338111,VIBRATION,-0.2462998,OK
27339361,VIBRATION,0.2111696,OK
27340001,PRESSURE,101.3674,OK
27340001,TEMPERATURE,22.20052,OK
27340645,VIBRATION,-0.1840386,OK
27341861,VIBRATION,-0.2344174,OK
27343111,VIBRATION,-0.7078207,OK
27344361,VIBRATION,-0.7667819,OK
27345611,VIBRATION,-0.892192,OK
27346861,VIBRATION,-1.15388,OK
27348111,VIBRATION,-1.497753,OK
27349362,VIBRATION,-1.106836,OK
27350000,PRESSURE,101.2775,OK
27350000,TEMPERATURE,22.05884,OK
27350611,VIBRATION,-1.065412,OK
27351861,VIBRATION,-0.552367,OK
27353111,VIBRATION,-0.4211098,OK
27354361,VIBRATION,-0.2359639,OK
27355611,VIBRATION,0.01066176,OK
27356861,VIBRATION,0.04751485,OK
27358111,VIBRATION,-0.1090917,OK
27359363,VIBRATION,-0.04535652,OK
27360000,PRESSURE,101.2377,OK
27360000,TEMPERATURE,21.99973,OK
27360611,VIBRATION,0.000259283,OK
27361861,VIBRATION,0.1631839,OK
27363111,VIBRATION,0.08165477,OK
27364361,VIBRATION,-0.06186736,OK
27365611,VIBRATION,-0.003082713,OK
27366861,VIBRATION,0.2051059,OK
27368111,VIBRATION,0.5124259,OK
27369361,VIBRATION,0.586639,OK
27370000,PRESSURE,101.1477,OK
27370000,TEMPERATURE,22.01494,OK
27370611,VIBRATION,0.8186642,OK
27371861,VIBRATION,0.333012,OK
27373111,VIBRATION,-0.1412988,OK
27374361,VIBRATION,-0.6551244,OK
27375611,VIBRATION,-0.7456282,OK
27376861,VIBRATION,-0.7784505,OK
27378111,VIBRATION,-0.7472877,OK
27379361,VIBRATION,-0.4999717,OK
27380000,PRESSURE,101.1429,OK
27380000,TEMPERATURE,22.00393,OK
27380611,VIBRATION,-0.001071395,OK
27381861,VIBRATION,-0.2044197,OK
27383111,VIBRATION,-0.7350738,OK
27384361,VIBRATION,-0.473914,OK
27385611,VIBRATION,-0.376514,OK
27386862,VIBRATION,-0.4675518,OK
27388111,VIBRATION,-0.1069848,OK
27389361,VIBRATION,-0.2875063,OK
27390000,PRESSURE,101.178,OK
27390000,TEMPERATURE,21.93724,OK
27390611,VIBRATION,0.01202489,OK
27391861,VIBRATION,-0.1312584,OK
27393111,VIBRATION,0.3064525,OK
27394361,VIBRATION,0.3724446,OK
27395611,VIBRATION,0.4605779,OK
27396861,VIBRATION,0.1735026,OK
27398117,VIBRATION,0.1528319,OK
27399361,VIBRATION,-0.3836314,OK
27400000,PRESSURE,101.1096,OK
27400000,TEMPERATURE,22.1112,OK
27400611,VIBRATION,-0.1532879,OK
27401861,VIBRATION,-0.49081,OK
27403111,VIBRATION,-0.01499975,OK
27404361,VIBRATION,-0.5073283,OK
27405638,VIBRATION,-0.8357664,OK
27406862,VIBRATION,-0.6946521,OK
27408111,VIBRATION,0.07115998,OK
27409362,VIBRATION,-0.1944174,OK
27410000,PRESSURE,101.0732,OK
27410000,TEMPERATURE,22.0376,OK
27410611,VIBRATION,-0.1852633,OK
27411861,VIBRATION,0.0008403191,OK
27413111,VIBRATION,-0.2570125,OK
27414361,VIBRATION,-0.500121,OK
27415611,VIBRATION,-0.3864515,OK
27416861,VIBRATION,-0.6446373,OK
27418111,VIBRATION,-0.6108689,OK
27419361,VIBRATION,-0.3937712,OK
27420000,PRESSURE,101.1199,OK
27420000,TEMPERATURE,21.98493,OK
27420611,VIBRATION,-0.005570669,OK
27421861,VIBRATION,-0.1137606,OK
27423111,VIBRATION,-0.3765974,OK
27424361,VIBRATION,-0.52437,OK
27425611,VIBRATION,-0.526258,OK
27426861,VIBRATION,-0.1968408,OK
27428111,VIBRATION,-0.5387277,OK
27429361,VIBRATION,-0.5232557,OK
27430000,PRESSURE,101.147,OK
27430000,TEMPERATURE,22.02122,OK
27430611,VIBRATION,-0.4394251,OK
27431861,VIBRATION,-0.3342071,OK
27433111,VIBRATION,0.1813442,OK
27434361,VIBRATION,0.5049238,OK
27435611,VIBRATION,0.3358564,OK
27436861,VIBRATION,0.5881207,OK
27438111,VIBRATION,0.988074,OK
27439361,VIBRATION,0.9146053,OK
27440000,PRESSURE,101.2144,OK
27440000,TEMPERATURE,21.87823,OK
27440611,VIBRATION,0.5551793,OK
27441861,VIBRATION,0.7549964,OK
27443111,VIBRATION,0.6163807,OK
27444361,VIBRATION,0.5896655,OK
27445611,VIBRATION,0.8904547,OK
27446861,VIBRATION,1.408317,OK
27448111,VIBRATION,0.941344,OK
27449361,VIBRATION,0.8795617,OK
27450000,PRESSURE,101.2754,OK
27450000,TEMPERATURE,21.84903,OK
27450611,VIBRATION,0.6899414,OK
27451861,VIBRATION,0.5913156,OK
27453111,VIBRATION,0.7182885,OK
27454361,VIBRATION,-0.1154279,OK
27455611,VIBRATION,0.01896652,OK
27456861,VIBRATION,0.1987522,OK
27458111,VIBRATION,0.8492943,OK
27459361,VIBRATION,1.257572,OK
27460000,PRESSURE,101.2776,OK
27460000,TEMPERATURE,21.8849,OK
27460611,VIBRATION,1.083042,OK
27461861,VIBRATION,0.8545857,OK
27463111,VIBRATION,0.6847386,OK
27464361,VIBRATION,0.657334,OK
27465611,VIBRATION,0.4590612,OK
27466861,VIBRATION,0.1233815,OK
27468111,VIBRATION,-0.04807161,OK
27469361,VIBRATION,-0.4140903,OK
27470000,PRESSURE,101.3676,OK
27470000,TEMPERATURE,21.98609,OK
27470611,VIBRATION,-0.3401859,OK
27471861,VIBRATION,-0.1221018,OK
27473111,VIBRATION,0.2302593,OK
27474361,VIBRATION,-0.2938082,OK
27475611,VIBRATION,-0.7066225,OK
27476861,VIBRATION,-0.9599636,OK
27478111,VIBRATION,-0.8844423,OK
27479361,VIBRATION,-1.517102,OK
27480000,PRESSURE,101.4176,OK
27480000,TEMPERATURE,22.07636,OK
27480611,VIBRATION,-1.447707,OK
27481861,VIBRATION,-1.510147,OK
27483111,VIBRATION,-1.187312,OK
27484361,VIBRATION,-0.9788867,OK
27485611,VIBRATION,-0.2504397,OK
27486869,VIBRATION,-0.4152913,OK
27488111,VIBRATION,-0.8650635,OK
27489361,VIBRATION,-0.9588086,OK
27490000,PRESSURE,101.4346,OK
27490000,TEMPERATURE,22.08867,OK
27490611,VIBRATION,-0.8753091,OK
27491861,VIBRATION,-0.8036175,OK
27493111,VIBRATION,-0.9435194,OK
27494361,VIBRATION,-1.102587,OK
27495611,VIBRATION,-0.9179934,OK
27496861,VIBRATION,-0.8509987,OK
27498111,VIBRATION,-1.098778,OK
27499361,VIBRATION,-0.624754,OK
27500000,PRESSURE,101.4918,OK
27500000,TEMPERATURE,22.2019,OK
27500616,VIBRATION,-0.4312063,OK
27501861,VIBRATION,-0.5375766,OK
27503111,VIBRATION,-0.067592,OK
27504364,VIBRATION,-0.8160478,OK
27505611,VIBRATION,-1.040067,OK
27506861,VIBRATION,-0.9380251,OK
27508111,VIBRATION,-0.8806854,OK
27509361,VIBRATION,-1.189435,OK
27510000,PRESSURE,101.4319,OK
27510000,TEMPERATURE,22.25742,OK
27510611,VIBRATION,-1.957651,OK
27511861,VIBRATION,-2.015406,OK
27513111,VIBRATION,-1.668916,OK
27514361,VIBRATION,-2.077949,OK
27515611,VIBRATION,-1.787981,OK
27516868,VIBRATION,-2.039184,OK
27518111,VIBRATION,-1.364192,OK
27519361,VIBRATION,-0.9858038,OK
27520000,PRESSURE,101.4133,OK
27520000,TEMPERATURE,22.13915,OK
27520611,VIBRATION,-0.8250462,OK
27521861,VIBRATION,-0.7141824,OK
27523111,VIBRATION,-0.9866316,OK
27524361,VIBRATION,-1.02628,OK
27525611,VIBRATION,-0.7761635,OK
27526861,VIBRATION,-0.7260614,OK
27528165,VIBRATION,-1.084569,OK
27529361,VIBRATION,-1.712255,OK
27530000,PRESSURE,101.4051,OK
27530000,TEMPERATURE,22.25905,OK
27530611,VIBRATION,-1.441306,OK
27531861,VIBRATION,-1.834303,OK
27533111,VIBRATION,-1.601187,OK
27534361,VIBRATION,-1.548901,OK
27535611,VIBRATION,-1.782502,OK
27536861,VIBRATION,-1.947152,OK
27538111,VIBRATION,-1.767058,OK
27539361,VIBRATION,-1.226432,OK
27540000,PRESSURE,101.4494,OK
27540000,TEMPERATURE,22.32105,OK
27540611,VIBRATION,-1.135298,OK
27541861,VIBRATION,-1.132781,OK
27543111,VIBRATION,-0.7281573,OK
27544361,VIBRATION,-0.9355757,OK
27545611,VIBRATION,-0.7179838,OK
27546861,VIBRATION,-1.330684,OK
27548111,VIBRATION,-1.22725,OK
27549361,VIBRATION,-1.076041,OK
27550000,PRESSURE,0,COMM_ERROR
27550000,TEMPERATURE,22.33439,OK
27550611,VIBRATION,-1.186305,OK
27551861,VIBRATION,-1.14988,OK
27553111,VIBRATION,-0.901483,OK
27554361,VIBRATION,-1.034865,OK
27555611,VIBRATION,-1.153668,OK
27556861,VIBRATION,-1.02874,OK
27558111,VIBRATION,-1.057458,OK
27559361,VIBRATION,-0.817942,OK
27560000,PRESSURE,101.3871,OK
27560000,TEMPERATURE,22.35275,OK
27560611,VIBRATION,-1.042586,OK
27561861,VIBRATION,-1.072734,OK
27563111,VIBRATION,-1.267418,OK
27564361,VIBRATION,-1.106441,OK
27565611,VIBRATION,-0.8550385,OK
27566861,VIBRATION,-0.6833777,OK
27568111,VIBRATION,-1.078836,OK
27569361,VIBRATION,-1.556403,OK
27570000,PRESSURE,101.2551,OK
27570000,TEMPERATURE,22.27289,OK
27570611,VIBRATION,-1.145385,OK
27571861,VIBRATION,-0.8908561,OK
27573111,VIBRATION,-1.32948,OK
27574361,VIBRATION,-1.01069,OK
27575611,VIBRATION,-0.7867049,OK
27576861,VIBRATION,-0.7977429,OK
27578111,VIBRATION,-0.5378616,OK
27579361,VIBRATION,-1.25639,OK
27580000,PRESSURE,101.256,OK
27580000,TEMPERATURE,22.32158,OK
27580611,VIBRATION,-1.124334,OK
27581861,VIBRATION,-1.150588,OK
27583137,VIBRATION,-0.859643,OK
27584361,VIBRATION,-0.431197,OK
27585611,VIBRATION,0.02139452,OK
27586861,VIBRATION,-0.2126617,OK
27588111,VIBRATION,0.2224826,OK
27589361,VIBRATION,0.4582459,OK
27590000,PRESSURE,101.2642,OK
27590000,TEMPERATURE,22.29808,OK
27590611,VIBRATION,0.6202751,OK
27591861,VIBRATION,0.7158457,OK
27593111,VIBRATION,0.7316834,OK
27594361,VIBRATION,0.3516385,OK
27595611,VIBRATION,0.2378468,OK
27596861,VIBRATION,0.179255,OK
27598111,VIBRATION,0.3320758,OK
27599361,VIBRATION,0.4291863,OK
27600000,PRESSURE,101.2402,OK
27600000,TEMPERATURE,22.33233,OK
27600611,VIBRATION,0.2502527,OK
27601861,VIBRATION,0.5192517,OK
27603111,VIBRATION,0.3331739,OK
27604361,VIBRATION,0.09638949,OK
27605611,VIBRATION,0.365722,OK
27606861,VIBRATION,0.2323818,OK
27608111,VIBRATION,-0.1309662,OK
27609361,VIBRATION,-0.08158226,OK
27610000,PRESSURE,101.3025,OK
27610000,TEMPERATURE,22.26265,OK
27610611,VIBRATION,-0.5110635,OK
27611861,VIBRATION,-0.4567224,OK
27613111,VIBRATION,-0.5722295,OK
27614361,VIBRATION,-0.3016945,OK
27615611,VIBRATION,-0.4693231,OK
27616861,VIBRATION,-0.1699811,OK
27618111,VIBRATION,0.1155382,OK
27619361,VIBRATION,-0.0686339,OK
27620000,PRESSURE,101.3498,OK
27620000,TEMPERATURE,22.29051,OK
27620611,VIBRATION,0.1116759,OK
27621861,VIBRATION,0.2361731,OK
27623111,VIBRATION,0.5748562,OK
27624361,VIBRATION,-0.245633,OK
27625611,VIBRATION,-0.6789209,OK
27626861,VIBRATION,-1.058457,OK
27628111,VIBRATION,-1.170478,OK
27629361,VIBRATION,-1.172179,OK
27630000,PRESSURE,101.3974,OK
27630000,TEMPERATURE,22.2843,OK
27630611,VIBRATION,-1.125252,OK
27631861,VIBRATION,-0.9903732,OK
27633111,VIBRATION,-0.8901034,OK
27634361,VIBRATION,-0.8700229,OK
27635611,VIBRATION,-0.7251744,OK
27636861,VIBRATION,-0.7084792,OK
27638111,VIBRATION,-0.3059869,OK
27639361,VIBRATION,-0.300085,OK
27640000,PRESSURE,101.3301,OK
27640000,TEMPERATURE,22.40012,OK
27640611,VIBRATION,-0.2693645,OK
27641861,VIBRATION,-0.1790243,OK
27643111,VIBRATION,-0.1607239,OK
27644361,VIBRATION,0.09627999,OK
27645611,VIBRATION,-0.2119689,OK
27646861,VIBRATION,-0.05499403,OK
27648111,VIBRATION,0.01427282,OK
27649361,VIBRATION,-0.2882661,OK
27650000,PRESSURE,101.3345,OK
27650000,TEMPERATURE,22.6145,OK
27650611,VIBRATION,0.2058182,OK
27651861,VIBRATION,0.3733901,OK
27653111,VIBRATION,0.1019482,OK
27654361,VIBRATION,0.0536221,OK
27655611,VIBRATION,-0.2897436,OK
27656861,VIBRATION,-0.4224524,OK
27658111,VIBRATION,-0.5022191,OK
27659361,VIBRATION,-1.138845,OK
27660000,PRESSURE,101.348,OK
27660000,TEMPERATURE,22.31334,OK
27660611,VIBRATION,-1.10825,OK
27661861,VIBRATION,-0.8613509,OK
27663111,VIBRATION,-0.5571737,OK
27664361,VIBRATION,-0.2089904,OK
27665611,VIBRATION,-0.3755724,OK
27666861,VIBRATION,-0.09170842,OK
27668111,VIBRATION,-0.3434696,OK
27669361,VIBRATION,-0.703589,OK
27670000,PRESSURE,101.3469,OK
27670000,TEMPERATURE,22.32481,OK
27670611,VIBRATION,-1.013614,OK
27671861,VIBRATION,-1.145784,OK
27673111,VIBRATION,-1.352621,OK
27674361,VIBRATION,-1.004166,OK
27675611,VIBRATION,-0.89701,OK
27676861,VIBRATION,-0.7955323,OK
27678111,VIBRATION,-0.8028136,OK
27679361,VIBRATION,-1.149401,OK
27680000,PRESSURE,101.2948,OK
27680000,TEMPERATURE,22.45243,OK
27680611,VIBRATION,-0.6482279,OK
27681862,VIBRATION,-0.688722,OK
27683111,VIBRATION,-0.8860986,OK
27684361,VIBRATION,-1.019936,OK
27685611,VIBRATION,-0.7797339,OK
27686861,VIBRATION,-0.711561,OK
27688111,VIBRATION,-1.182084,OK
27689361,VIBRATION,-1.215618,OK
27690000,PRESSURE,101.3923,OK
27690000,TEMPERATURE,22.23053,OK
27690611,VIBRATION,-0.7046174,OK
27691861,VIBRATION,-0.9218841,OK
27693111,VIBRATION,-1.040831,OK
27694361,VIBRATION,-0.8567944,OK
27695611,VIBRATION,-1.038493,OK
27696861,VIBRATION,-0.9353339,OK
27698111,VIBRATION,-0.8892141,OK
27699361,VIBRATION,-0.7817871,OK
27700000,PRESSURE,101.455,OK
27700000,TEMPERATURE,22.15388,OK
27700611,VIBRATION,-0.7150504,OK
27701861,VIBRATION,-1.019247,OK
27703111,VIBRATION,-1.571961,OK
27704361,VIBRATION,-1.866141,OK
27705611,VIBRATION,-1.854752,OK
27706861,VIBRATION,-1.899276,OK
27708111,VIBRATION,-1.763457,OK
27709361,VIBRATION,-1.615603,OK
27710000,PRESSURE,101.4712,OK
27710000,TEMPERATURE,22.31676,OK
27710611,VIBRATION,-1.590958,OK
27711861,VIBRATION,-1.044635,OK
27713111,VIBRATION,-1.043728,OK
27714361,VIBRATION,-1.271461,OK
27715611,VIBRATION,-1.016422,OK
27716861,VIBRATION,-1.626756,OK
27718118,VIBRATION,-1.356114,OK
27719361,VIBRATION,-1.415191,OK
27720000,PRESSURE,101.4713,OK
27720000,TEMPERATURE,22.38581,OK
27720611,VIBRATION,-1.010836,OK
27721861,VIBRATION,-0.7776386,OK
27723111,VIBRATION,-1.17352,OK
27724500,VIBRATION,-1.069885,OK
27725611,VIBRATION,-0.9469491,OK
27726891,VIBRATION,-0.7291185,OK
27728111,VIBRATION,-0.4125913,OK
27729361,VIBRATION,-0.7355865,OK
27730000,PRESSURE,101.3739,OK
27730000,TEMPERATURE,22.28642,OK
27730611,VIBRATION,-0.7235249,OK
27731861,VIBRATION,-0.880108,OK
27733111,VIBRATION,-0.2399614,OK
27734361,VIBRATION,-0.2555858,OK
27735611,VIBRATION,-0.1818197,OK
27736861,VIBRATION,-0.2365026,OK
27738111,VIBRATION,-0.3472539,OK
27739361,VIBRATION,-0.6022824,OK
27740000,PRESSURE,101.4327,OK
27740000,TEMPERATURE,22.37626,OK
27740611,VIBRATION,-0.3750013,OK
27741861,VIBRATION,-0.2476779,OK
27743173,VIBRATION,-0.02203123,OK
27744361,VIBRATION,0.2908851,OK
27745611,VIBRATION,0.2719535,OK
27746861,VIBRATION,0.1062774,OK
27748111,VIBRATION,-0.1009192,OK
27749361,VIBRATION,0.4357383,OK
27750000,PRESSURE,101.4154,OK
27750000,TEMPERATURE,22.2765,OK
27750611,VIBRATION,0.4565734,OK
27751861,VIBRATION,0.293437,OK
27753111,VIBRATION,0.03025757,OK
27754361,VIBRATION,0.1291589,OK
27755611,VIBRATION,0.3659901,OK
27756861,VIBRATION,0.149717,OK
27758111,VIBRATION,0.03089305,OK
27759361,VIBRATION,-0.3926052,OK
27760000,PRESSURE,101.4216,OK
27760000,TEMPERATURE,22.34336,OK
27760611,VIBRATION,-0.1167005,OK
27761861,VIBRATION,0.6155725,OK
27763111,VIBRATION,0.9643976,OK
27764361,VIBRATION,0.9554288,OK
27765611,VIBRATION,1.049667,OK
27766861,VIBRATION,1.016355,OK
27768111,VIBRATION,0.8325659,OK
27769361,VIBRATION,0.56911,OK
27770000,PRESSURE,101.4463,OK
27770000,TEMPERATURE,22.34551,OK
27770611,VIBRATION,0.4454185,OK
27771861,VIBRATION,0.9218985,OK
27773111,VIBRATION,1.185629,OK
27774361,VIBRATION,1.012437,OK
27775611,VIBRATION,1.063748,OK
27776861,VIBRATION,1.189691,OK
27778111,VIBRATION,0.4928329,OK
27779361,VIBRATION,0.3691486,OK
27780000,PRESSURE,101.3969,OK
27780000,TEMPERATURE,22.33421,OK
27780611,VIBRATION,0.6439234,OK
27781861,VIBRATION,0.1944499,OK
27783111,VIBRATION,0.154175,OK
27784361,VIBRATION,0.1524451,OK
27785611,VIBRATION,0.5216427,OK
27786861,VIBRATION,0.795056,OK
27788111,VIBRATION,1.113797,OK
27789361,VIBRATION,1.288611,OK
27790000,PRESSURE,101.3864,OK
27790000,TEMPERATURE,22.37407,OK
27790611,VIBRATION,1.397122,OK
27791861,VIBRATION,1.660271,OK
27793111,VIBRATION,1.550398,OK
27794361,VIBRATION,1.421315,OK
27795611,VIBRATION,1.666935,OK
27796861,VIBRATION,2.597778,OK
27798111,VIBRATION,2.657606,OK
27799361,VIBRATION,3.110301,OK
27800000,PRESSURE,101.4152,OK
27800000,TEMPERATURE,22.4985,OK
27800611,VIBRATION,2.919548,OK
27801861,VIBRATION,2.643072,OK
27803111,VIBRATION,2.429905,OK
27804361,VIBRATION,2.836528,OK
27805611,VIBRATION,2.748261,OK
27806861,VIBRATION,2.859428,OK
27808111,VIBRATION,2.356556,OK
27809361,VIBRATION,2.515963,OK
27810000,PRESSURE,101.467,OK
27810000,TEMPERATURE,22.44551,OK
27810611,VIBRATION,2.323701,OK
27811861,VIBRATION,2.193574,OK
27813111,VIBRATION,2.285387,OK
27814361,VIBRATION,2.547566,OK
27815611,VIBRATION,2.305005,OK
27816861,VIBRATION,2.179886,OK
27818111,VIBRATION,2.249059,OK
27819361,VIBRATION,2.007602,OK
27820000,PRESSURE,101.4442,OK
27820000,TEMPERATURE,22.56837,OK
27820611,VIBRATION,2.38404,OK
27821861,VIBRATION,2.18816,OK
27823111,VIBRATION,2.528807,OK
27824361,VIBRATION,2.327603,OK
27825611,VIBRATION,2.434614,OK
27826861,VIBRATION,2.127565,OK
27828111,VIBRATION,1.929667,OK
27829361,VIBRATION,2.204117,OK
27830000,PRESSURE,101.3644,OK
27830000,TEMPERATURE,22.45372,OK
27830611,VIBRATION,2.142482,OK
27831861,VIBRATION,1.698624,OK
27833111,VIBRATION,1.0165,OK
27834361,VIBRATION,1.051111,OK
27835611,VIBRATION,1.472042,OK
27836861,VIBRATION,1.233431,OK
27838111,VIBRATION,1.679914,OK
27839361,VIBRATION,2.185794,OK
27840000,PRESSURE,101.3655,OK
27840000,TEMPERATURE,22.42769,OK
27840611,VIBRATION,2.056254,OK
27841861,VIBRATION,2.240498,OK
27843111,VIBRATION,2.235864,OK
27844366,VIBRATION,2.021671,OK
27845611,VIBRATION,1.82443,OK
27846861,VIBRATION,1.78919,OK
27848111,VIBRATION,1.768861,OK
27849361,VIBRATION,0.9178687,OK
27850000,PRESSURE,101.3727,OK
27850000,TEMPERATURE,22.3992,OK
27850611,VIBRATION,0.8152866,OK
27851862,VIBRATION,0.2933208,OK
27853111,VIBRATION,0.6491383,OK
27854361,VIBRATION,0.7595617,OK
27855611,VIBRATION,1.258726,OK
27856861,VIBRATION,1.255822,OK
27858111,VIBRATION,0.9213021,OK
27859381,VIBRATION,1.609178,OK
27860000,PRESSURE,101.3635,OK
27860000,TEMPERATURE,22.33936,OK
27860611,VIBRATION,1.666888,OK
27861861,VIBRATION,0.9812692,OK
27863111,VIBRATION,0.5327808,OK
27864361,VIBRATION,0.265231,OK
27865611,VIBRATION,0.3740613,OK
27866861,VIBRATION,1.074964,OK
27868111,VIBRATION,1.592813,OK
27869361,VIBRATION,1.204319,OK
27870000,PRESSURE,101.4453,OK
27870000,TEMPERATURE,21.92087,OK
27870611,VIBRATION,1.041221,OK
27871861,VIBRATION,1.124183,OK
27873111,VIBRATION,1.256649,OK
27874361,VIBRATION,1.463377,OK
27875611,VIBRATION,1.023628,OK
27876861,VIBRATION,0.9468322,OK
27878111,VIBRATION,0.7290791,OK
27879361,VIBRATION,0.6270916,OK
27880000,PRESSURE,101.3655,OK
27880000,TEMPERATURE,21.81683,OK
27880611,VIBRATION,0.8018981,OK
27881861,VIBRATION,0.7195416,OK
27883111,VIBRATION,0.1562785,OK
27884361,VIBRATION,-0.1700263,OK
27885611,VIBRATION,-0.5122161,OK
27886861,VIBRATION,-0.59474,OK
27888111,VIBRATION,0.03619102,OK
27889361,VIBRATION,-0.1856499,OK
27890000,PRESSURE,101.4161,OK
27890000,TEMPERATURE,21.62048,OK
27890611,VIBRATION,0.2269907,OK
27891861,VIBRATION,0.2597895,OK
27893111,VIBRATION,0.9158029,OK
27894361,VIBRATION,1.149267,OK
27895611,VIBRATION,1.06731,OK
27896861,VIBRATION,1.423538,OK
27898111,VIBRATION,1.197945,OK
27899361,VIBRATION,1.264858,OK
27900001,PRESSURE,101.3975,OK
27900001,TEMPERATURE,21.57178,OK
27900611,VIBRATION,0.7280798,OK
27901861,VIBRATION,0.6753734,OK
27903111,VIBRATION,1.021275,OK
27904361,VIBRATION,0.9314312,OK
27905611,VIBRATION,0.85786,OK
27906861,VIBRATION,0.620737,OK
27908111,VIBRATION,0.3030796,OK
27909361,VIBRATION,0.7074369,OK
27910000,PRESSURE,101.4008,OK
27910000,TEMPERATURE,21.76837,OK
27910611,VIBRATION,0.9079503,OK
27911861,VIBRATION,0.8683293,OK
27913111,VIBRATION,0.7377716,OK
27914361,VIBRATION,0.726864,OK
27915611,VIBRATION,1.12269,OK
27916861,VIBRATION,0.7211776,OK
27918111,VIBRATION,0.3003122,OK
27919361,VIBRATION,0.114925,OK
27920000,PRESSURE,101.4035,OK
27920000,TEMPERATURE,21.74006,OK
27920611,VIBRATION,-0.2106824,OK
27921861,VIBRATION,-0.1323927,OK
27923111,VIBRATION,-0.03978297,OK
27924361,VIBRATION,-0.1252414,OK
27925611,VIBRATION,0.3312624,OK
27926861,VIBRATION,0.07839366,OK
27928111,VIBRATION,-0.1992808,OK
27929361,VIBRATION,-0.3172183,OK
27930000,PRESSURE,101.3459,OK
27930000,TEMPERATURE,21.64137,OK
27930611,VIBRATION,0.086231,OK
27931861,VIBRATION,0.4390758,OK
27933111,VIBRATION,0.4127046,OK
27934361,VIBRATION,0.433334,OK
27935611,VIBRATION,0.7469959,OK
27936861,VIBRATION,0.9520281,OK
27938111,VIBRATION,0.1269888,OK
27939361,VIBRATION,0.3868217,OK
27940000,PRESSURE,101.3203,OK
27940000,TEMPERATURE,21.71648,OK
27940611,VIBRATION,0.2803464,OK
27941861,VIBRATION,0.3553556,OK
27943111,VIBRATION,0.6728529,OK
27944361,VIBRATION,0.4675405,OK
27945611,VIBRATION,0.3320052,OK
27946861,VIBRATION,0.07131022,OK
27948111,VIBRATION,0.09882116,OK
27949361,VIBRATION,0.07511782,OK
27950000,PRESSURE,101.2694,OK
27950000,TEMPERATURE,21.72812,OK
27950611,VIBRATION,-0.2055279,OK
27951861,VIBRATION,0.01216747,OK
27953111,VIBRATION,0.7102449,OK
27954361,VIBRATION,0.9941616,OK
27955611,VIBRATION,0.9076644,OK
27956861,VIBRATION,0.7927718,OK
27958111,VIBRATION,1.110063,OK
27959361,VIBRATION,0.7453472,OK
27960000,PRESSURE,101.2778,OK
27960000,TEMPERATURE,21.68722,OK
27960611,VIBRATION,0.8601904,OK
27961861,VIBRATION,1.182859,OK
27963111,VIBRATION,1.091243,OK
27964361,VIBRATION,1.11306,OK
27965611,VIBRATION,0.7849196,OK
27966861,VIBRATION,0.4246972,OK
27968111,VIBRATION,0.2714919,OK
27969361,VIBRATION,0.3726479,OK
27970000,PRESSURE,101.2133,OK
27970000,TEMPERATURE,21.59134,OK
27970611,VIBRATION,0.5590996,OK
27971861,VIBRATION,0.5812104,OK
27973111,VIBRATION,0.8333858,OK
27974361,VIBRATION,0.8560807,OK
27975612,VIBRATION,1.301836,OK
27976862,VIBRATION,1.279576,OK
27978111,VIBRATION,1.282657,OK
27979361,VIBRATION,1.150212,OK
27980000,PRESSURE,101.1356,OK
27980000,TEMPERATURE,21.73624,OK
27980611,VIBRATION,1.310984,OK
27981861,VIBRATION,0.9719349,OK
27983111,VIBRATION,0.5499777,OK
27984361,VIBRATION,0.6853883,OK
27985611,VIBRATION,0.5218675,OK
27986861,VIBRATION,-0.007346332,OK
27988111,VIBRATION,0.2554804,OK
27989361,VIBRATION,-0.2703477,OK
27990000,PRESSURE,101.127,OK
27990000,TEMPERATURE,21.75684,OK
27990611,VIBRATION,-0.7017227,OK
27991861,VIBRATION,-0.4919261,OK
27993112,VIBRATION,-0.7644346,OK
27994361,VIBRATION,-0.8258911,OK
27995611,VIBRATION,-0.417102,OK
27996861,VIBRATION,-0.8333637,OK
27998111,VIBRATION,-1.19203,OK
27999361,VIBRATION,-1.279513,OK
28000000,PRESSURE,101.1233,OK
28000000,TEMPERATURE,21.81855,OK
28000000,HUMIDITY,44.84774,OK
28000611,VIBRATION,-0.8973549,OK
28001861,VIBRATION,-0.7122968,OK
28003111,VIBRATION,-0.742927,OK
28004361,VIBRATION,-0.6179681,OK
28005611,VIBRATION,-0.7733616,OK
28006861,VIBRATION,-0.9260191,OK
28008111,VIBRATION,-0.5176297,OK
28009361,VIBRATION,-0.6368182,OK
28010000,PRESSURE,101.0452,OK
28010000,TEMPERATURE,21.74545,OK
28010611,VIBRATION,-0.7688732,OK
28011861,VIBRATION,-0.5023037,OK
28013111,VIBRATION,-0.5273342,OK
28014361,VIBRATION,-0.2623602,OK
28015611,VIBRATION,-0.04318407,OK
28016862,VIBRATION,-0.04061997,OK
28018111,VIBRATION,-0.5551948,OK
28019361,VIBRATION,-0.3811036,OK
28020000,PRESSURE,100.9552,OK
28020000,TEMPERATURE,21.90314,OK
28020611,VIBRATION,-0.06341942,OK
28021861,VIBRATION,0.7384326,OK
28023111,VIBRATION,1.001733,OK
28024361,VIBRATION,1.256731,OK
28025611,VIBRATION,1.745198,OK
28026861,VIBRATION,1.719365,OK
28028111,VIBRATION,1.605764,OK
28029361,VIBRATION,1.412911,OK
28030000,PRESSURE,100.9142,OK
28030000,TEMPERATURE,21.82046,OK
28030611,VIBRATION,1.273517,OK
28031861,VIBRATION,1.411582,OK
28033111,VIBRATION,1.546042,OK
28034361,VIBRATION,1.591881,OK
28035611,VIBRATION,1.458546,OK
28036861,VIBRATION,1.114535,OK
28038111,VIBRATION,0.8702475,OK
28039361,VIBRATION,0.7165677,OK
28040035,PRESSURE,100.9207,OK
28040035,TEMPERATURE,21.91714,OK
28040611,VIBRATION,1.058884,OK
28041861,VIBRATION,0.9755438,OK
28043111,VIBRATION,0.9906294,OK
28044361,VIBRATION,1.60814,OK
28045611,VIBRATION,2.041838,OK
28046861,VIBRATION,1.931754,OK
28048111,VIBRATION,1.771813,OK
28049361,VIBRATION,1.691933,OK
28050000,PRESSURE,100.943,OK
28050000,TEMPERATURE,22.00429,OK
28050611,VIBRATION,1.727195,OK
28051861,VIBRATION,1.030264,OK
28053111,VIBRATION,0.9753924,OK
28054361,VIBRATION,0.8815614,OK
28055611,VIBRATION,1.430651,OK
28056861,VIBRATION,0.8731603,OK
28058111,VIBRATION,1.010219,OK
28059361,VIBRATION,0.9868673,OK
28060000,PRESSURE,101.0663,OK
28060000,TEMPERATURE,22.09617,OK
28060611,VIBRATION,1.154105,OK
28061861,VIBRATION,0.7930501,OK
28063111,VIBRATION,0.8409903,OK
28064361,VIBRATION,0.6954912,OK
28065611,VIBRATION,0.3510317,OK
28066861,VIBRATION,0.2729421,OK
28068111,VIBRATION,0.09993511,OK
28069361,VIBRATION,0.4108338,OK
28070000,PRESSURE,101.044,OK
28070000,TEMPERATURE,22.15875,OK
28070611,VIBRATION,0.6042408,OK
28071861,VIBRATION,0.4091129,OK
28073111,VIBRATION,0.454035,OK
28074361,VIBRATION,0.6274796,OK
28075611,VIBRATION,0.3676876,OK
28076861,VIBRATION,0.6058584,OK
28078111,VIBRATION,0.491526,OK
28079361,VIBRATION,0.1741315,OK
28080000,PRESSURE,100.9812,OK
28080000,TEMPERATURE,22.15872,OK
28080611,VIBRATION,0.01305413,OK
28081861,VIBRATION,0.5781417,OK
28083111,VIBRATION,0.6781685,OK
28084361,VIBRATION,-0.1012206,OK
28085611,VIBRATION,-0.1491627,OK
28086861,VIBRATION,-0.05251338,OK
28088111,VIBRATION,0.2867127,OK
28089361,VIBRATION,0.3141663,OK
28090000,PRESSURE,100.9533,OK
28090000,TEMPERATURE,22.24266,OK
28090611,VIBRATION,0.4109931,OK
28091861,VIBRATION,0.6258477,OK
28093111,VIBRATION,0.37552,OK
28094361,VIBRATION,0.4415299,OK
28095611,VIBRATION,0.6818899,OK
28096861,VIBRATION,0.4939994,OK
28098111,VIBRATION,0.482774,OK
28099361,VIBRATION,0.1464297,OK
28100000,PRESSURE,100.9718,OK
28100000,TEMPERATURE,22.50141,OK
28100611,VIBRATION,-0.1112542,OK
28101861,VIBRATION,-0.6616552,OK
28103111,VIBRATION,-0.9006634,OK
28104361,VIBRATION,-1.051686,OK
28105611,VIBRATION,-1.075802,OK
28106861,VIBRATION,-0.8395661,OK
28108111,VIBRATION,-1.045114,OK
28109361,VIBRATION,-1.021246,OK
28110000,PRESSURE,101.0395,OK
28110000,TEMPERATURE,22.52374,OK
28110611,VIBRATION,-0.5138735,OK
28111861,VIBRATION,-0.3751999,OK
28113111,VIBRATION,-0.5278311,OK
28114361,VIBRATION,-0.1119009,OK
28115611,VIBRATION,-0.2003137,OK
28116861,VIBRATION,-0.5449139,OK
28118111,VIBRATION,-0.145948,OK
28119361,VIBRATION,0.2640702,OK
28120000,PRESSURE,101.0676,OK
28120000,TEMPERATURE,22.32154,OK
28120611,VIBRATION,-0.224962,OK
28121861,VIBRATION,-0.5476796,OK
28123111,VIBRATION,-0.0499609,OK
28124361,VIBRATION,-0.04824761,OK
28125611,VIBRATION,0.1153087,OK
28126928,VIBRATION,-0.0498514,OK
28128483,VIBRATION,-0.2671529,OK
28129361,VIBRATION,-0.3051001,OK
28130000,PRESSURE,100.9855,OK
28130000,TEMPERATURE,22.10688,OK
28130611,VIBRATION,-0.3138262,OK
28131861,VIBRATION,-0.2127299,OK
28133111,VIBRATION,-0.2922758,OK
28134361,VIBRATION,-1.018732,OK
28135611,VIBRATION,-0.5882459,OK
28136861,VIBRATION,-0.3339295,OK
28138111,VIBRATION,-0.3197997,OK
28139361,VIBRATION,-0.3724722,OK
28140000,PRESSURE,100.9256,OK
28140000,TEMPERATURE,22.10587,OK
28140611,VIBRATION,-0.3241141,OK
28141861,VIBRATION,-0.1610022,OK
28143111,VIBRATION,-0.9551213,OK
28144361,VIBRATION,-0.7012453,OK
28145611,VIBRATION,-0.8121552,OK
28146861,VIBRATION,-1.071829,OK
28148111,VIBRATION,-1.346663,OK
28149361,VIBRATION,-1.255711,OK
28150000,PRESSURE,100.9312,OK
28150000,TEMPERATURE,22.39166,OK
28150611,VIBRATION,-0.7786342,OK
28151861,VIBRATION,-0.3190444,OK
28153111,VIBRATION,-0.2334246,OK
28154361,VIBRATION,-0.3922999,OK
28155611,VIBRATION,-0.6171024,OK
28156861,VIBRATION,-0.4530384,OK
28158111,VIBRATION,-0.328961,OK
28159361,VIBRATION,-0.07891531,OK
28160000,PRESSURE,101.0277,OK
28160000,TEMPERATURE,22.24871,OK
28160611,VIBRATION,0.006582276,OK
28161861,VIBRATION,0.04986175,OK
28163111,VIBRATION,0.4566343,OK
28164361,VIBRATION,0.4169287,OK
28165611,VIBRATION,0.384466,OK
28166861,VIBRATION,0.4377322,OK
28168111,VIBRATION,-0.1330823,OK
28169361,VIBRATION,-0.04376776,OK
28170000,PRESSURE,101.0047,OK
28170000,TEMPERATURE,22.1596,OK
28170611,VIBRATION,-0.1255232,OK
28171861,VIBRATION,0.2580431,OK
28173111,VIBRATION,0.8048246,OK
28174361,VIBRATION,0.6321068,OK
28175611,VIBRATION,0.4149791,OK
28176861,VIBRATION,0.04355672,OK
28178111,VIBRATION,0.5503999,OK
28179361,VIBRATION,-0.06285485,OK
28180000,PRESSURE,101.0362,OK
28180000,TEMPERATURE,22.2352,OK
28180611,VIBRATION,-0.4248538,OK
28181861,VIBRATION,-0.5934557,OK
28183111,VIBRATION,-1.018379,OK
28184361,VIBRATION,-0.8060116,OK
28185611,VIBRATION,-0.8868157,OK
28186861,VIBRATION,-1.097514,OK
28188111,VIBRATION,-1.167923,OK
28189361,VIBRATION,-0.9895007,OK
28190000,PRESSURE,101.0551,OK
28190000,TEMPERATURE,22.3589,OK
28190611,VIBRATION,-0.4556233,OK
28191861,VIBRATION,-0.09202934,OK
28193111,VIBRATION,-0.05935213,OK
28194361,VIBRATION,0.1500399,OK
28195611,VIBRATION,0.01688579,OK
28196861,VIBRATION,0.08388044,OK
28198111,VIBRATION,0.1566486,OK
28199361,VIBRATION,0.1944106,OK
28200000,PRESSURE,100.9715,OK
28200000,TEMPERATURE,22.32485,OK
28200611,VIBRATION,0.6201691,OK
28201861,VIBRATION,0.5714961,OK
28203111,VIBRATION,0.6346182,OK
28204361,VIBRATION,0.2812353,OK
28205611,VIBRATION,-0.01164357,OK
28206861,VIBRATION,0.2493499,OK
28208111,VIBRATION,0.3235959,OK
28209361,VIBRATION,0.5116226,OK
28210000,PRESSURE,100.9302,OK
28210000,TEMPERATURE,22.24269,OK
28210611,VIBRATION,0.314035,OK
28211861,VIBRATION,0.5368824,OK
28213111,VIBRATION,0.7775991,OK
28214361,VIBRATION,0.4078535,OK
28215611,VIBRATION,0.4572349,OK
28216861,VIBRATION,0.8589205,OK
28218111,VIBRATION,1.133942,OK
28219361,VIBRATION,1.033126,OK
28220000,PRESSURE,101.003,OK
28220000,TEMPERATURE,22.20534,OK
28220611,VIBRATION,0.7093387,OK
28221861,VIBRATION,0.7410658,OK
28223111,VIBRATION,0.6714414,OK
28224361,VIBRATION,0.6397094,OK
28225611,VIBRATION,0.7329321,OK
28226861,VIBRATION,0.4111185,OK
28228142,VIBRATION,0.7487176,OK
28229361,VIBRATION,0.8755579,OK
28230000,PRESSURE,100.9618,OK
28230000,TEMPERATURE,22.33364,OK
28230611,VIBRATION,0.8865448,OK
28231861,VIBRATION,0.6663909,OK
28233111,VIBRATION,0.7018615,OK
28234361,VIBRATION,1.048723,OK
28235611,VIBRATION,0.6330663,OK
28236861,VIBRATION,0.8250479,OK
28238111,VIBRATION,1.347578,OK
28239361,VIBRATION,0.9022964,OK
28240000,PRESSURE,100.9755,OK
28240000,TEMPERATURE,22.53954,OK
28240611,VIBRATION,1.059172,OK
28241861,VIBRATION,1.043852,OK
28243111,VIBRATION,1.459825,OK
28244361,VIBRATION,1.241282,OK
28245611,VIBRATION,1.454969,OK
28246861,VIBRATION,1.375271,OK
28248111,VIBRATION,1.584198,OK
28249361,VIBRATION,1.355466,OK
28250000,PRESSURE,100.9976,OK
28250000,TEMPERATURE,22.55721,OK
28250611,VIBRATION,1.756304,OK
28251861,VIBRATION,1.656541,OK
28253111,VIBRATION,1.937797,OK
28254361,VIBRATION,1.574356,OK
28255611,VIBRATION,0.9857433,OK
28256861,VIBRATION,1.577768,OK
28258111,VIBRATION,1.578169,OK
28259361,VIBRATION,0.9995027,OK
28260000,PRESSURE,101.0359,OK
28260000,TEMPERATURE,22.4765,OK
28260611,VIBRATION,1.187128,OK
28261861,VIBRATION,1.753591,OK
28263111,VIBRATION,1.981657,OK
28264361,VIBRATION,1.484035,OK
28265611,VIBRATION,1.587109,OK
28266861,VIBRATION,0.9730958,OK
28268111,VIBRATION,1.018625,OK
28269361,VIBRATION,0.5862277,OK
28270000,PRESSURE,101.1256,OK
28270000,TEMPERATURE,22.36886,OK
28270611,VIBRATION,0.6572924,OK
28271861,VIBRATION,0.5478006,OK
28273111,VIBRATION,0.577207,OK
28274361,VIBRATION,0.6952042,OK
28275611,VIBRATION,1.000817,OK
28276862,VIBRATION,0.5184334,OK
28278111,VIBRATION,0.5532173,OK
28279361,VIBRATION,0.4771657,OK
28280000,PRESSURE,101.1244,OK
28280000,TEMPERATURE,22.22331,OK
28280611,VIBRATION,0.5164794,OK
28281861,VIBRATION,0.7007937,OK
28283111,VIBRATION,0.5363215,OK
28284361,VIBRATION,0.2283584,OK
28285611,VIBRATION,-0.006045375,OK
28286861,VIBRATION,0.09837673,OK
28288111,VIBRATION,0.9238683,OK
28289361,VIBRATION,1.05847,OK
28290000,PRESSURE,101.1605,OK
28290000,TEMPERATURE,22.17602,OK
28290611,VIBRATION,1.075108,OK
28291861,VIBRATION,0.9061961,OK
28293111,VIBRATION,1.484644,OK
28294361,VIBRATION,1.72835,OK
28295611,VIBRATION,1.157489,OK
28296861,VIBRATION,0.7959793,OK
28298111,VIBRATION,0.2910317,OK
28299361,VIBRATION,0.3299866,OK
28300000,PRESSURE,101.2323,OK
28300000,TEMPERATURE,22.18158,OK
28300611,VIBRATION,0.2940124,OK
28301861,VIBRATION,0.447778,OK
28303111,VIBRATION,0.1125056,OK
28304361,VIBRATION,-0.2511288,OK
28305611,VIBRATION,0.2189105,OK
28306861,VIBRATION,0.05250108,OK
28308111,VIBRATION,0.1911571,OK
28309361,VIBRATION,0.04823271,OK
28310000,PRESSURE,101.1921,OK
28310000,TEMPERATURE,22.15482,OK
28310611,VIBRATION,-0.2674932,OK
28311861,VIBRATION,-0.2520842,OK
28313111,VIBRATION,0.229896,OK
28314361,VIBRATION,-0.6609176,OK
28315611,VIBRATION,-0.1416052,OK
28316861,VIBRATION,-0.5007461,OK
28318111,VIBRATION,-0.173694,OK
28319361,VIBRATION,-0.219911,OK
28320000,PRESSURE,101.2333,OK
28320000,TEMPERATURE,22.07586,OK
28320611,VIBRATION,-0.6213118,OK
28321861,VIBRATION,-0.1218877,OK
28323111,VIBRATION,-0.1083625,OK
28324361,VIBRATION,0.03372396,OK
28325611,VIBRATION,-0.105079,OK
28326861,VIBRATION,0.356054,OK
28328111,VIBRATION,-0.1212296,OK
28329361,VIBRATION,0.1135161,OK
28330000,PRESSURE,101.2731,OK
28330000,TEMPERATURE,22.08266,OK
28330611,VIBRATION,0.1133436,OK
28331861,VIBRATION,0.0247443,OK
28333111,VIBRATION,-0.10335,OK
28334361,VIBRATION,-0.2006823,OK
28335611,VIBRATION,-0.5513266,OK
28336861,VIBRATION,-0.21293,OK
28338111,VIBRATION,0.2317661,OK
28339361,VIBRATION,0.09286391,OK
28340000,PRESSURE,101.3819,OK
28340000,TEMPERATURE,21.97579,OK
28340611,VIBRATION,0.3812459,OK
28341861,VIBRATION,0.04054111,OK
28343111,VIBRATION,0.4921748,OK
28344361,VIBRATION,0.9043838,OK
28345611,VIBRATION,1.04672,OK
28346861,VIBRATION,0.7103721,OK
28348111,VIBRATION,0.2861546,OK
28349361,VIBRATION,0.08280499,OK
28350000,PRESSURE,101.3872,OK
28350000,TEMPERATURE,21.89487,OK
28350611,VIBRATION,0.08839264,OK
28351861,VIBRATION,0.4358658,OK
28353111,VIBRATION,0.4959295,OK
28354361,VIBRATION,0.8006764,OK
28355611,VIBRATION,0.3273966,OK
28356861,VIBRATION,0.1309286,OK
28358111,VIBRATION,-0.2042174,OK
28359361,VIBRATION,-0.1266608,OK
28360000,PRESSURE,101.3516,OK
28360000,TEMPERATURE,21.9573,OK
28360611,VIBRATION,-0.1341128,OK
28361861,VIBRATION,0.2751735,OK
28363111,VIBRATION,-0.01950339,OK
28364361,VIBRATION,-0.1889115,OK
28365611,VIBRATION,-0.1773142,OK
28366861,VIBRATION,-0.3941981,OK
28368111,VIBRATION,-0.4212369,OK
28369361,VIBRATION,-0.8477268,OK
28370000,PRESSURE,101.3574,OK
28370000,TEMPERATURE,21.93056,OK
28370611,VIBRATION,-0.7196087,OK
28371861,VIBRATION,-1.069085,OK
28373111,VIBRATION,-0.9875373,OK
28374361,VIBRATION,-1.448849,OK
28375611,VIBRATION,-0.7141949,OK
28376861,VIBRATION,-0.4095382,OK
28378111,VIBRATION,-1.01919,OK
28379361,VIBRATION,-0.68258,OK
28380000,PRESSURE,101.3216,OK
28380000,TEMPERATURE,21.88034,OK
28380611,VIBRATION,-1.234559,OK
28381861,VIBRATION,-1.000536,OK
28383111,VIBRATION,-1.075164,OK
28384361,VIBRATION,-0.8078419,OK
28385611,VIBRATION,-0.3261302,OK
28386861,VIBRATION,-0.4028212,OK
28388111,VIBRATION,-0.5217335,OK
28389361,VIBRATION,-0.6753593,OK
28390000,PRESSURE,101.2885,OK
28390000,TEMPERATURE,21.89309,OK
28390611,VIBRATION,-0.6600067,OK
28391861,VIBRATION,-1.189426,OK
28393111,VIBRATION,-1.030672,OK
28394361,VIBRATION,-0.384675,OK
28395611,VIBRATION,-0.2688647,OK
28396861,VIBRATION,-0.1466565,OK
28398111,VIBRATION,-0.05423435,OK
28399361,VIBRATION,-0.27472,OK
28400003,PRESSURE,101.2754,OK
28400003,TEMPERATURE,21.86648,OK
28400611,VIBRATION,-0.02066282,OK
28401861,VIBRATION,0.2850824,OK
28403111,VIBRATION,0.2548061,OK
28404368,VIBRATION,0.1802256,OK
28405611,VIBRATION,0.07418338,OK
28406861,VIBRATION,0.5780132,OK
28408111,VIBRATION,0.7239921,OK
28409361,VIBRATION,0.9217635,OK
28410000,PRESSURE,101.3163,OK
28410000,TEMPERATURE,21.85629,OK
28410611,VIBRATION,0.3166078,OK
28411861,VIBRATION,0.6639943,OK
28413111,VIBRATION,1.198704,OK
28414361,VIBRATION,1.189611,OK
28415611,VIBRATION,1.560695,OK
28416861,VIBRATION,1.845539,OK
28418111,VIBRATION,1.568458,OK
28419361,VIBRATION,1.451726,OK
28420000,PRESSURE,101.3468,OK
28420000,TEMPERATURE,21.95837,OK
28420611,VIBRATION,1.613925,OK
28421861,VIBRATION,1.628386,OK
28423111,VIBRATION,1.685687,OK
28424361,VIBRATION,1.723224,OK
28425611,VIBRATION,1.440001,OK
28426861,VIBRATION,1.748719,OK
28428111,VIBRATION,1.354028,OK
28429361,VIBRATION,1.231773,OK
28430000,PRESSURE,101.3877,OK
28430000,TEMPERATURE,21.97095,OK
28430611,VIBRATION,1.822429,OK
28431861,VIBRATION,1.54811,OK
28433111,VIBRATION,1.659698,OK
28434361,VIBRATION,1.326413,OK
28435611,VIBRATION,1.389972,OK
28436861,VIBRATION,1.679137,OK
28438111,VIBRATION,1.97236,OK
28439361,VIBRATION,2.305971,OK
28440000,PRESSURE,101.3847,OK
28440000,TEMPERATURE,22.0823,OK
28440611,VIBRATION,2.116681,OK
28441861,VIBRATION,2.244631,OK
28443111,VIBRATION,1.752671,OK
28444361,VIBRATION,1.56608,OK
28445611,VIBRATION,1.317542,OK
28446861,VIBRATION,0.9576762,OK
28448111,VIBRATION,0.4940797,OK
28449361,VIBRATION,0.6067479,OK
28450000,PRESSURE,101.3425,OK
28450000,TEMPERATURE,22.07458,OK
28450611,VIBRATION,0.4829405,OK
28451861,VIBRATION,0.7352429,OK
28453111,VIBRATION,0.6223717,OK
28454361,VIBRATION,0.5613681,OK
28455611,VIBRATION,0.7034991,OK
28456862,VIBRATION,0.3674754,OK
28458111,VIBRATION,0.672227,OK
28459361,VIBRATION,0.8541035,OK
28460000,PRESSURE,101.2509,OK
28460000,TEMPERATURE,22.06704,OK
28460611,VIBRATION,1.214164,OK
28461861,VIBRATION,1.568098,OK
28463111,VIBRATION,1.092628,OK
28464361,VIBRATION,0.7482948,OK
28465611,VIBRATION,1.397244,OK
28466861,VIBRATION,1.098828,OK
28468111,VIBRATION,1.227861,OK
28469361,VIBRATION,1.167498,OK
28470000,PRESSURE,101.2596,OK
28470000,TEMPERATURE,22.08893,OK
28470611,VIBRATION,1.40714,OK
28471861,VIBRATION,1.316504,OK
28473111,VIBRATION,0.9284855,OK
28474361,VIBRATION,1.108954,OK
28475611,VIBRATION,1.287587,OK
28476861,VIBRATION,1.320668,OK
28478147,VIBRATION,0.9709459,OK
28479361,VIBRATION,1.273266,OK
28480023,PRESSURE,101.2011,OK
28480023,TEMPERATURE,22.20813,OK
28480611,VIBRATION,0.7644782,OK
28481861,VIBRATION,0.3569355,OK
28483111,VIBRATION,0.05066706,OK
28484361,VIBRATION,0.1298071,OK
28485611,VIBRATION,-0.04400492,OK
28486861,VIBRATION,-0.05333097,OK
28488111,VIBRATION,0.1466251,OK
28489361,VIBRATION,0.164261,OK
28490000,PRESSURE,101.2708,OK
28490000,TEMPERATURE,22.20328,OK
28490611,VIBRATION,0.1133278,OK
28491861,VIBRATION,0.2386621,OK
28493111,VIBRATION,0.1144234,OK
28494361,VIBRATION,0.1394543,OK
28495611,VIBRATION,0.42131,OK
28496861,VIBRATION,0.7749909,OK
28498112,VIBRATION,0.6590922,OK
28499514,VIBRATION,0.3180003,OK
28500000,PRESSURE,101.3537,OK
28500000,TEMPERATURE,22.14072,OK
28500611,VIBRATION,0.132694,OK
28501861,VIBRATION,0.2440598,OK
28503111,VIBRATION,-0.1941455,OK
28504361,VIBRATION,-0.5755167,OK
28505611,VIBRATION,-0.8565874,OK
28506861,VIBRATION,-0.5843266,OK
28508111,VIBRATION,-0.1449875,OK
28509361,VIBRATION,-0.3304118,OK
28510000,PRESSURE,101.3529,OK
28510000,TEMPERATURE,22.17287,OK
28510611,VIBRATION,-0.2323931,OK
28511861,VIBRATION,-0.4467242,OK
28513111,VIBRATION,-0.4219123,OK
28514361,VIBRATION,0.3729918,OK
28515611,VIBRATION,0.6063657,OK
28516861,VIBRATION,0.5013876,OK
28518111,VIBRATION,-0.03813042,OK
28519379,VIBRATION,0.429399,OK
28520000,PRESSURE,101.4082,OK
28520000,TEMPERATURE,22.13417,OK
28520611,VIBRATION,0.6519207,OK
28521861,VIBRATION,0.463208,OK
28523111,VIBRATION,1.000965,OK
28524361,VIBRATION,0.6819315,OK
28525611,VIBRATION,1.119734,OK
28526861,VIBRATION,1.106261,OK
28528111,VIBRATION,1.042712,OK
28529361,VIBRATION,0.9999617,OK
28530000,PRESSURE,101.3905,OK
28530000,TEMPERATURE,21.95727,OK
28530611,VIBRATION,1.029068,OK
28531861,VIBRATION,1.06632,OK
28533111,VIBRATION,1.176566,OK
28534361,VIBRATION,0.9363188,OK
28535611,VIBRATION,0.3985569,OK
28536861,VIBRATION,0.4992964,OK
28538111,VIBRATION,0.412973,OK
28539361,VIBRATION,0.559702,OK
28540000,PRESSURE,101.3273,OK
28540000,TEMPERATURE,0,COMM_ERROR
28540611,VIBRATION,0.06169879,OK
28541861,VIBRATION,0.05298109,OK
28543111,VIBRATION,-0.05994769,OK
28544361,VIBRATION,-0.5525734,OK
28545611,VIBRATION,-0.7198066,OK
28546861,VIBRATION,-0.3510987,OK
28548111,VIBRATION,0.2899317,OK
28549361,VIBRATION,-0.2205577,OK
28550000,PRESSURE,101.3597,OK
28550000,TEMPERATURE,21.87449,OK
28550611,VIBRATION,-0.452975,OK
28551939,VIBRATION,-0.3061772,OK
28553111,VIBRATION,-0.316347,OK
28554361,VIBRATION,0.02570399,OK
28555611,VIBRATION,0.2590839,OK
28556861,VIBRATION,0.3192702,OK
28558111,VIBRATION,-0.1757973,OK
28559361,VIBRATION,0.08103511,OK
28560000,PRESSURE,101.3647,OK
28560000,TEMPERATURE,22.12717,OK
28560611,VIBRATION,0.1292319,OK
28561861,VIBRATION,0.1112541,OK
28563111,VIBRATION,-0.3150657,OK
28564361,VIBRATION,-0.8838118,OK
28565611,VIBRATION,-0.8213831,OK
28566861,VIBRATION,-0.512882,OK
28568111,VIBRATION,-0.1314837,OK
28569361,VIBRATION,0.1212894,OK
28570000,PRESSURE,101.3644,OK
28570000,TEMPERATURE,22.1103,OK
28570611,VIBRATION,-0.2776243,OK
28571861,VIBRATION,-0.3081448,OK
28573111,VIBRATION,-0.1551163,OK
28574361,VIBRATION,-0.245068,OK
28575611,VIBRATION,-0.2582575,OK
28576861,VIBRATION,-0.4063315,OK
28578111,VIBRATION,0.06111467,OK
28579361,VIBRATION,-0.2842876,OK
28580000,PRESSURE,101.3204,OK
28580000,TEMPERATURE,22.20988,OK
28580611,VIBRATION,-0.4809834,OK
28581861,VIBRATION,-0.05198171,OK
28583111,VIBRATION,0.111811,OK
28584361,VIBRATION,0.3300456,OK
28585611,VIBRATION,0.09063562,OK
28586861,VIBRATION,0.3459096,OK
28588111,VIBRATION,0.239526,OK
28589361,VIBRATION,0.2854931,OK
28590000,PRESSURE,101.2803,OK
28590000,TEMPERATURE,22.29162,OK
28590611,VIBRATION,0.343062,OK
28591861,VIBRATION,0.3983998,OK
28593111,VIBRATION,-0.1429076,OK
28594361,VIBRATION,0.1201282,OK
28595611,VIBRATION,-0.1190924,OK
28596861,VIBRATION,0.1713311,OK
28598111,VIBRATION,0.4265735,OK
28599361,VIBRATION,0.8187007,OK
28600000,PRESSURE,101.2761,OK
28600000,TEMPERATURE,22.16244,OK
28600611,VIBRATION,1.222151,OK
28601861,VIBRATION,1.047108,OK
28603111,VIBRATION,1.05543,OK
28604361,VIBRATION,1.119451,OK
28605611,VIBRATION,0.9348619,OK
28606861,VIBRATION,0.8892401,OK
28608111,VIBRATION,1.060456,OK
28609361,VIBRATION,0.4167564,OK
28610000,PRESSURE,101.1448,OK
28610000,TEMPERATURE,22.1014,OK
28610611,VIBRATION,0.09497163,OK
28611861,VIBRATION,-0.150239,OK
28613111,VIBRATION,-0.634782,OK
28614361,VIBRATION,-0.6148346,OK
28615611,VIBRATION,-0.8300688,OK
28616861,VIBRATION,-0.6084576,OK
28618111,VIBRATION,-0.6995703,OK
28619361,VIBRATION,-0.5523253,OK
28620001,PRESSURE,101.1892,OK
28620001,TEMPERATURE,21.99171,OK
28620611,VIBRATION,-0.7532274,OK
28621869,VIBRATION,-1.334971,OK
28623111,VIBRATION,-1.827905,OK
28624361,VIBRATION,-2.245705,OK
28625611,VIBRATION,-1.789594,OK
28626861,VIBRATION,-1.392419,OK
28628111,VIBRATION,-1.249765,OK
28629368,VIBRATION,-1.200218,OK
28630005,PRESSURE,101.1877,OK
28630005,TEMPERATURE,22.12939,OK
28630611,VIBRATION,-1.004089,OK
28631861,VIBRATION,-1.033955,OK
28633111,VIBRATION,-1.45017,OK
28634361,VIBRATION,-1.122818,OK
28635611,VIBRATION,-1.477176,OK
28636861,VIBRATION,-1.747043,OK
28638111,VIBRATION,-1.47939,OK
28639361,VIBRATION,-1.684815,OK
28640000,PRESSURE,101.2101,OK
28640000,TEMPERATURE,22.12986,OK
28640611,VIBRATION,-2.00974,OK
28641861,VIBRATION,-2.1172,OK
28643111,VIBRATION,-2.065395,OK
28644361,VIBRATION,-2.185901,OK
28645611,VIBRATION,-1.819883,OK
28646861,VIBRATION,-1.277893,OK
28648111,VIBRATION,-0.9073098,OK
28649361,VIBRATION,-1.408745,OK
28650000,PRESSURE,101.2154,OK
28650000,TEMPERATURE,22.21296,OK
28650611,VIBRATION,-1.530025,OK
28651861,VIBRATION,-1.12642,OK
28653111,VIBRATION,-1.615561,OK
28654361,VIBRATION,-1.228861,OK
28655611,VIBRATION,-1.77803,OK
28656861,VIBRATION,-1.916618,OK
28658111,VIBRATION,-2.040862,OK
28659361,VIBRATION,-2.097872,OK
28660000,PRESSURE,101.2486,OK
28660000,TEMPERATURE,22.2369,OK
28660611,VIBRATION,-2.584054,OK
28661861,VIBRATION,-2.315058,OK
28663111,VIBRATION,-2.065262,OK
28664361,VIBRATION,-2.146968,OK
28665611,VIBRATION,-2.251409,OK
28666866,VIBRATION,-2.118523,OK
28668111,VIBRATION,-2.578192,OK
28669361,VIBRATION,-2.750728,OK
28670000,PRESSURE,101.2577,OK
28670000,TEMPERATURE,22.24101,OK
28670611,VIBRATION,-2.525647,OK
28671861,VIBRATION,-2.183019,OK
28673111,VIBRATION,-2.148968,OK
28674361,VIBRATION,-1.783853,OK
28675611,VIBRATION,-1.725945,OK
28676861,VIBRATION,-1.476302,OK
28678111,VIBRATION,-1.624441,OK
28679361,VIBRATION,-1.270503,OK
28680000,PRESSURE,101.1596,OK
28680000,TEMPERATURE,22.15794,OK
28680611,VIBRATION,-1.037162,OK
28681861,VIBRATION,-1.215043,OK
28683121,VIBRATION,-1.284091,OK
28684361,VIBRATION,-1.105116,OK
28685611,VIBRATION,-0.8875894,OK
28686861,VIBRATION,-0.9490452,OK
28688111,VIBRATION,-0.78552,OK
28689361,VIBRATION,-0.7768654,OK
28690000,PRESSURE,101.1197,OK
28690000,TEMPERATURE,22.19301,OK
28690611,VIBRATION,-0.5793831,OK
28691861,VIBRATION,-0.2049169,OK
28693111,VIBRATION,-0.1953585,OK
28694361,VIBRATION,-0.1306449,OK
28695611,VIBRATION,-0.03011419,OK
28696861,VIBRATION,-0.1095314,OK
28698111,VIBRATION,0.09957806,OK
28699361,VIBRATION,0.117396,OK
28700000,PRESSURE,101.1621,OK
28700000,TEMPERATURE,22.00852,OK
28700611,VIBRATION,0.4144504,OK
28701861,VIBRATION,0.5441636,OK
28703111,VIBRATION,0.5862049,OK
28704361,VIBRATION,0.5044238,OK
28705611,VIBRATION,0.6148675,OK
28706861,VIBRATION,0.6442669,OK
28708111,VIBRATION,0.1372936,OK
28709361,VIBRATION,0.113833,OK
28710000,PRESSURE,101.153,OK
28710000,TEMPERATURE,21.89089,OK
28710611,VIBRATION,-0.1589113,OK
28711861,VIBRATION,0.03165131,OK
28713111,VIBRATION,0.7389594,OK
28714361,VIBRATION,0.2198815,OK
28715611,VIBRATION,-0.4299455,OK
28716861,VIBRATION,-0.5223532,OK
28718111,VIBRATION,-0.7648835,OK
28719361,VIBRATION,-0.2013659,OK
28720000,PRESSURE,101.2155,OK
28720000,TEMPERATURE,21.78674,OK
28720611,VIBRATION,0.2567378,OK
28721861,VIBRATION,0.1295168,OK
28723111,VIBRATION,0.5815334,OK
28724361,VIBRATION,0.7270484,OK
28725611,VIBRATION,0.7120685,OK
28726861,VIBRATION,0.4683926,OK
28728111,VIBRATION,0.0256305,OK
28729361,VIBRATION,-0.2504306,OK
28730000,PRESSURE,101.2256,OK
28730000,TEMPERATURE,21.75542,OK
28730611,VIBRATION,-0.134479,OK
28731861,VIBRATION,-0.236225,OK
28733111,VIBRATION,-0.01444314,OK
28734361,VIBRATION,0.212416,OK
28735611,VIBRATION,0.2497373,OK
28736861,VIBRATION,0.9025365,OK
28738111,VIBRATION,0.9120034,OK
28739361,VIBRATION,1.185249,OK
28740000,PRESSURE,101.1336,OK
28740000,TEMPERATURE,21.66807,OK
28740611,VIBRATION,1.046619,OK
28741861,VIBRATION,0.8700741,OK
28743111,VIBRATION,0.7715572,OK
28744361,VIBRATION,0.9455201,OK
28745611,VIBRATION,0.9036632,OK
28746861,VIBRATION,0.7639191,OK
28748111,VIBRATION,0.9949623,OK
28749361,VIBRATION,0.980761,OK
28750000,PRESSURE,101.1062,OK
28750000,TEMPERATURE,21.69389,OK
28750611,VIBRATION,1.241422,OK
28751861,VIBRATION,1.147491,OK
28753111,VIBRATION,1.419952,OK
28754361,VIBRATION,1.322826,OK
28755611,VIBRATION,1.488628,OK
28756861,VIBRATION,1.528294,OK
28758111,VIBRATION,1.588165,OK
28759361,VIBRATION,1.431399,OK
28760000,PRESSURE,101.103,OK
28760000,TEMPERATURE,21.75452,OK
28760611,VIBRATION,1.521638,OK
28761861,VIBRATION,1.684176,OK
28763111,VIBRATION,0.8824998,OK
28764361,VIBRATION,1.205811,OK
28765611,VIBRATION,1.19544,OK
28766861,VIBRATION,1.389373,OK
28768111,VIBRATION,0.9272186,OK
28769361,VIBRATION,0.7910603,OK
28770000,PRESSURE,101.0728,OK
28770000,TEMPERATURE,21.57473,OK
28770611,VIBRATION,1.097037,OK
28771861,VIBRATION,0.9446694,OK
28773111,VIBRATION,0.9322277,OK
28774361,VIBRATION,0.7328927,OK
28775611,VIBRATION,0.498055,OK
28776861,VIBRATION,-0.106508,OK
28778111,VIBRATION,-0.1710008,OK
28779361,VIBRATION,-0.3812363,OK
28780000,PRESSURE,101.1389,OK
28780000,TEMPERATURE,21.54915,OK
28780611,VIBRATION,-0.02495393,OK
28781861,VIBRATION,-0.0983785,OK
28783111,VIBRATION,0.06610946,OK
28784361,VIBRATION,0.05181303,OK
28785611,VIBRATION,0.09686021,OK
28786861,VIBRATION,0.4227651,OK
28788111,VIBRATION,0.2172196,OK
28789361,VIBRATION,-0.1493531,OK
28790000,PRESSURE,101.0882,OK
28790000,TEMPERATURE,21.72025,OK
28790613,VIBRATION,0.07063318,OK
28791861,VIBRATION,-0.2607793,OK
28793111,VIBRATION,0.2425858,OK
28794361,VIBRATION,1.008436,OK
28795611,VIBRATION,0.9224053,OK
28796861,VIBRATION,0.9418712,OK
28798111,VIBRATION,0.4470299,OK
28799361,VIBRATION,0.2465483,OK
28800000,PRESSURE,101.0545,OK
28800000,TEMPERATURE,21.8137,OK
28800611,VIBRATION,0.4642507,OK
28801861,VIBRATION,0.3916383,OK
28803111,VIBRATION,0.3325739,OK
28804361,VIBRATION,0.1294379,OK
28805611,VIBRATION,-0.08723953,OK
28806861,VIBRATION,0.08605775,OK
28808111,VIBRATION,0.02966463,OK
28809361,VIBRATION,-0.1318993,OK
28810000,PRESSURE,101.1894,OK
28810000,TEMPERATURE,21.85227,OK
28810611,VIBRATION,0.0613329,OK
28811861,VIBRATION,-0.08884665,OK
28813111,VIBRATION,0.1311008,OK
28814361,VIBRATION,0.320642,OK
28815676,VIBRATION,0.6591929,OK
28816861,VIBRATION,0.7361911,OK
28818111,VIBRATION,0.7955178,OK
28819361,VIBRATION,0.9194554,OK
28820000,PRESSURE,101.1984,OK
28820000,TEMPERATURE,21.95963,OK
28820611,VIBRATION,1.047908,OK
28821861,VIBRATION,1.085379,OK
28823111,VIBRATION,0.7704857,OK
28824361,VIBRATION,0.7254862,OK
28825611,VIBRATION,1.082926,OK
28826861,VIBRATION,1.153218,OK
28828111,VIBRATION,1.536126,OK
28829361,VIBRATION,1.755012,OK
28830000,PRESSURE,101.1738,OK
28830000,TEMPERATURE,21.87266,OK
28830611,VIBRATION,1.532673,OK
28831861,VIBRATION,1.065243,OK
28833111,VIBRATION,0.5911887,OK
28834361,VIBRATION,0.9310104,OK
28835616,VIBRATION,1.029597,OK
28836861,VIBRATION,1.001351,OK
28838111,VIBRATION,1.015568,OK
28839361,VIBRATION,0.9528109,OK
28840001,PRESSURE,101.233,OK
28840001,TEMPERATURE,21.73915,OK
28840611,VIBRATION,0.5069812,OK
28841861,VIBRATION,0.4661605,OK
28843111,VIBRATION,0.2661238,OK
28844361,VIBRATION,0.2026036,OK
28845611,VIBRATION,-0.2075624,OK
28846861,VIBRATION,0.09754437,OK
28848111,VIBRATION,0.4183323,OK
28849361,VIBRATION,0.7211386,OK
28850000,PRESSURE,101.1767,OK
28850000,TEMPERATURE,21.7975,OK
28850611,VIBRATION,0.7529069,OK
28851861,VIBRATION,0.8312023,OK
28853111,VIBRATION,1.001481,OK
28854361,VIBRATION,1.232934,OK
28855611,VIBRATION,1.251542,OK
28856861,VIBRATION,1.234018,OK
28858111,VIBRATION,1.439485,OK
28859361,VIBRATION,1.74346,OK
28860000,PRESSURE,101.1874,OK
28860000,TEMPERATURE,21.92756,OK
28860611,VIBRATION,1.065195,OK
28861861,VIBRATION,0.7734767,OK
28863111,VIBRATION,0.8787884,OK
28864361,VIBRATION,0.8599908,OK
28865611,VIBRATION,0.5749716,OK
28866861,VIBRATION,0.5233125,OK
28868111,VIBRATION,0.9541042,OK
28869361,VIBRATION,0.4779752,OK
28870000,PRESSURE,101.2268,OK
28870000,TEMPERATURE,21.81065,OK
28870611,VIBRATION,0.4285601,OK
28871861,VIBRATION,0.8034307,OK
28873112,VIBRATION,0.263299,OK
28874361,VIBRATION,0.2074481,OK
28875611,VIBRATION,0.8637032,OK
28876861,VIBRATION,-0.009087453,OK
28878111,VIBRATION,-0.5459357,OK
28879361,VIBRATION,-0.7826432,OK
28880000,PRESSURE,101.1169,OK
28880000,TEMPERATURE,21.80094,OK
28880611,VIBRATION,-0.7062355,OK
28881861,VIBRATION,-0.4811678,OK
28883111,VIBRATION,-0.5841605,OK
28884361,VIBRATION,-1.279757,OK
28885611,VIBRATION,-1.118665,OK
28886861,VIBRATION,-1.315446,OK
28888111,VIBRATION,-1.230802,OK
28889361,VIBRATION,-1.784236,OK
28890000,PRESSURE,101.1222,OK
28890000,TEMPERATURE,21.88675,OK
28890611,VIBRATION,-1.17687,OK
28891861,VIBRATION,-1.539127,OK
28893111,VIBRATION,-1.058475,OK
28894361,VIBRATION,-1.225184,OK
28895629,VIBRATION,-1.079133,OK
28896861,VIBRATION,-0.9931957,OK
28898111,VIBRATION,-0.9242308,OK
28899361,VIBRATION,-0.3332004,OK
28900000,PRESSURE,101.2199,OK
28900000,TEMPERATURE,21.8563,OK
28900611,VIBRATION,-0.4165691,OK
28901861,VIBRATION,-0.5153902,OK
28903111,VIBRATION,-0.4646217,OK
28904361,VIBRATION,-0.07923172,OK
28905611,VIBRATION,-0.2055913,OK
28906861,VIBRATION,-0.3305128,OK
28908111,VIBRATION,-0.7119447,OK
28909361,VIBRATION,-0.8678093,OK
28910000,PRESSURE,101.2249,OK
28910000,TEMPERATURE,21.7925,OK
28910611,VIBRATION,-1.042981,OK
28911861,VIBRATION,-0.7881789,OK
28913111,VIBRATION,-1.033559,OK
28914361,VIBRATION,-0.5194441,OK
28915611,VIBRATION,-0.4276343,OK
28916861,VIBRATION,-0.5511964,OK
28918111,VIBRATION,-0.7252801,OK
28919361,VIBRATION,-0.5826569,OK
28920000,PRESSURE,101.2004,OK
28920000,TEMPERATURE,21.65553,OK
28920611,VIBRATION,-0.5366071,OK
28921861,VIBRATION,-0.9195364,OK
28923111,VIBRATION,-1.086175,OK
28924361,VIBRATION,-1.165594,OK
28925611,VIBRATION,-1.172853,OK
28926861,VIBRATION,-1.676419,OK
28928111,VIBRATION,-1.460173,OK
28929361,VIBRATION,-0.8090408,OK
28930000,PRESSURE,101.1668,OK
28930000,TEMPERATURE,21.90526,OK
28930611,VIBRATION,-0.7562358,OK
28931861,VIBRATION,-0.3114796,OK
28933111,VIBRATION,-0.166575,OK
28934361,VIBRATION,0.05084488,OK
28935611,VIBRATION,-0.1641879,OK
28936861,VIBRATION,0.1270516,OK
28938111,VIBRATION,-0.3361122,OK
28939361,VIBRATION,0.0418265,OK
28940000,PRESSURE,101.2156,OK
28940000,TEMPERATURE,21.91218,OK
28940611,VIBRATION,-0.2821436,OK
28941861,VIBRATION,-0.2153218,OK
28943111,VIBRATION,-0.3650758,OK
28944361,VIBRATION,-0.4049372,OK
28945611,VIBRATION,-0.278619,OK
28946861,VIBRATION,-0.2946923,OK
28948111,VIBRATION,-0.04532684,OK
28949361,VIBRATION,-0.1221037,OK
28950000,PRESSURE,101.1751,OK
28950000,TEMPERATURE,21.92495,OK
28950611,VIBRATION,0.2877585,OK
28951861,VIBRATION,0.258836,OK
28953111,VIBRATION,0.313187,OK
28954361,VIBRATION,0.2799752,OK
28955611,VIBRATION,0.1777013,OK
28956861,VIBRATION,0.1773691,OK
28958111,VIBRATION,0.04033788,OK
28959361,VIBRATION,0.2410963,OK
28960000,PRESSURE,101.12,OK
28960000,TEMPERATURE,21.86762,OK
28960611,VIBRATION,0.07549158,OK
28961861,VIBRATION,-0.173335,OK
28963111,VIBRATION,-0.4992998,OK
28964361,VIBRATION,-0.2832399,OK
28965611,VIBRATION,-0.1127552,OK
28966861,VIBRATION,-0.3541526,OK
28968111,VIBRATION,-0.1427416,OK
28969361,VIBRATION,-0.2202289,OK
28970000,PRESSURE,101.0546,OK
28970000,TEMPERATURE,21.98681,OK
28970611,VIBRATION,0.1138982,OK
28971861,VIBRATION,-0.05472808,OK
28973111,VIBRATION,-0.0740401,OK
28974361,VIBRATION,-0.4091494,OK
28975611,VIBRATION,-0.6076405,OK
28976861,VIBRATION,-0.2004891,OK
28978111,VIBRATION,-0.5243756,OK
28979361,VIBRATION,0.04152442,OK
28980000,PRESSURE,101.0308,OK
28980000,TEMPERATURE,21.95387,OK
28980611,VIBRATION,-0.6332916,OK
28981861,VIBRATION,-0.9410736,OK
28983111,VIBRATION,-0.8706384,OK
28984361,VIBRATION,-0.8433762,OK
28985611,VIBRATION,-0.8068893,OK
28986861,VIBRATION,-0.3359647,OK
28988111,VIBRATION,-0.3240078,OK
28989361,VIBRATION,-0.4911329,OK
28990000,PRESSURE,101.0492,OK
28990000,TEMPERATURE,22.01589,OK
28990611,VIBRATION,-0.8150209,OK
28991861,VIBRATION,-0.4618843,OK
28993111,VIBRATION,-0.5529037,OK
28994361,VIBRATION,-0.07020767,OK
28995611,VIBRATION,0.1735946,OK
28996861,VIBRATION,-0.1423054,OK
28998111,VIBRATION,-0.505739,OK
28999361,VIBRATION,-0.02838485,OK
29000000,PRESSURE,101.0334,OK
29000000,TEMPERATURE,21.92539,OK
29000000,HUMIDITY,44.81833,OK
29000611,VIBRATION,-0.2864171,OK
29001861,VIBRATION,0.02649947,OK
29003111,VIBRATION,0.3213688,OK
29004361,VIBRATION,1.022969,OK
29005611,VIBRATION,1.01844,OK
29006861,VIBRATION,1.26682,OK
29008111,VIBRATION,0.7689146,OK
29009361,VIBRATION,0.7870465,OK
29010000,PRESSURE,101.1086,OK
29010000,TEMPERATURE,21.93139,OK
29010616,VIBRATION,0.4605978,OK
29011861,VIBRATION,0.2960483,OK
29013111,VIBRATION,-0.2586949,OK
29014361,VIBRATION,-0.355561,OK
29015611,VIBRATION,-0.409489,OK
29016861,VIBRATION,-0.2774056,OK
29018111,VIBRATION,0.3546699,OK
29019361,VIBRATION,0.6861254,OK
29020000,PRESSURE,101.1259,OK
29020000,TEMPERATURE,21.95515,OK
29020611,VIBRATION,0.5291672,OK
29021861,VIBRATION,0.193672,OK
29023111,VIBRATION,0.5613987,OK
29024361,VIBRATION,0.7235427,OK
29025611,VIBRATION,0.5249698,OK
29026861,VIBRATION,0.7893812,OK
29028126,VIBRATION,0.2388344,OK
29029361,VIBRATION,-0.0120888,OK
29030000,PRESSURE,101.1874,OK
29030000,TEMPERATURE,22.2212,OK
29030611,VIBRATION,0.0454884,OK
29031861,VIBRATION,-0.1667656,OK
29033111,VIBRATION,-0.2740294,OK
29034361,VIBRATION,0.08567593,OK
29035611,VIBRATION,-0.1801097,OK
29036861,VIBRATION,-0.5916476,OK
29038111,VIBRATION,-0.2973186,OK
29039361,VIBRATION,-0.05482289,OK
29040000,PRESSURE,101.1805,OK
29040000,TEMPERATURE,22.15746,OK
29040611,VIBRATION,0.1702414,OK
29041861,VIBRATION,0.7262694,OK
29043111,VIBRATION,0.6383523,OK
29044361,VIBRATION,0.6687269,OK
29045611,VIBRATION,0.4724308,OK
29046861,VIBRATION,0.6283638,OK
29048111,VIBRATION,0.3408237,OK
29049361,VIBRATION,0.4965953,OK
29050000,PRESSURE,101.2448,OK
29050000,TEMPERATURE,22.22967,OK
29050611,VIBRATION,0.9564807,OK
29051861,VIBRATION,1.316342,OK
29053111,VIBRATION,1.359666,OK
29054361,VIBRATION,1.487476,OK
29055611,VIBRATION,1.440128,OK
29056861,VIBRATION,1.397879,OK
29058111,VIBRATION,1.230843,OK
29059361,VIBRATION,1.601467,OK
29060000,PRESSURE,101.3344,OK
29060000,TEMPERATURE,22.28086,OK
29060611,VIBRATION,1.751723,OK
29061861,VIBRATION,1.436202,OK
29063111,VIBRATION,1.394392,OK
29064361,VIBRATION,0.8294725,OK
29065611,VIBRATION,0.8680296,OK
29066861,VIBRATION,0.7283721,OK
29068111,VIBRATION,0.8077026,OK
29069361,VIBRATION,0.3536349,OK
29070000,PRESSURE,101.3366,OK
29070000,TEMPERATURE,22.08721,OK
29070611,VIBRATION,0.563268,OK
29071861,VIBRATION,0.752041,OK
29073111,VIBRATION,0.5852737,OK
29074361,VIBRATION,0.9284531,OK
29075611,VIBRATION,0.9124118,OK
29076861,VIBRATION,0.9523569,OK
29078111,VIBRATION,0.7529377,OK
29079361,VIBRATION,1.445017,OK
29080000,PRESSURE,101.421,OK
29080000,TEMPERATURE,22.13032,OK
29080611,VIBRATION,1.285103,OK
29081861,VIBRATION,1.83171,OK
29083111,VIBRATION,1.928676,OK
29084361,VIBRATION,1.467211,OK
29085611,VIBRATION,1.777283,OK
29086861,VIBRATION,1.615923,OK
29088111,VIBRATION,1.548275,OK
29089361,VIBRATION,1.632603,OK
29090000,PRESSURE,101.4144,OK
29090000,TEMPERATURE,22.13381,OK
29090611,VIBRATION,1.619023,OK
29091861,VIBRATION,1.697083,OK
29093111,VIBRATION,1.653759,OK
29094361,VIBRATION,1.106547,OK
29095611,VIBRATION,0.7549508,OK
29096861,VIBRATION,0.6437113,OK
29098111,VIBRATION,0.4808983,OK
29099361,VIBRATION,0.1642259,OK
29100000,PRESSURE,101.431,OK
29100000,TEMPERATURE,22.14022,OK
29100611,VIBRATION,-0.04993032,OK
29101861,VIBRATION,-0.2159619,OK
29103111,VIBRATION,-0.5090165,OK
29104361,VIBRATION,-0.7062202,OK
29105611,VIBRATION,-0.9212983,OK
29106861,VIBRATION,-0.855184,OK
29108111,VIBRATION,-0.6540291,OK
29109361,VIBRATION,-0.732346,OK
29110000,PRESSURE,101.3505,OK
29110000,TEMPERATURE,22.17632,OK
29110611,VIBRATION,-1.464536,OK
29111861,VIBRATION,-1.734584,OK
29113111,VIBRATION,-1.931819,OK
29114361,VIBRATION,-1.616716,OK
29115611,VIBRATION,-1.445839,OK
29116861,VIBRATION,-1.516896,OK
29118111,VIBRATION,-1.128403,OK
29119361,VIBRATION,-1.171995,OK
29120000,PRESSURE,101.3575,OK
29120000,TEMPERATURE,22.28306,OK
29120611,VIBRATION,-1.032329,OK
29121861,VIBRATION,-0.8992808,OK
29123111,VIBRATION,-0.3918309,OK
29124361,VIBRATION,-0.4677005,OK
29125611,VIBRATION,-0.4562369,OK
29126861,VIBRATION,-0.5165255,OK
29128111,VIBRATION,-0.394566,OK
29129361,VIBRATION,-0.02293007,OK
29130000,PRESSURE,101.3587,OK
29130000,TEMPERATURE,22.17729,OK
29130611,VIBRATION,0.09663515,OK
29131861,VIBRATION,-0.07165104,OK
29133111,VIBRATION,-0.005375285,OK
29134361,VIBRATION,-0.07744796,OK
29135612,VIBRATION,-0.1888192,OK
29136861,VIBRATION,0.1326362,OK
29138111,VIBRATION,-0.1125491,OK
29139361,VIBRATION,-0.2883701,OK
29140000,PRESSURE,101.3175,OK
29140000,TEMPERATURE,22.16751,OK
29140611,VIBRATION,-0.6507104,OK
29141861,VIBRATION,-0.8552277,OK
29143112,VIBRATION,-1.103693,OK
29144362,VIBRATION,-1.10495,OK
29145611,VIBRATION,-1.545125,OK
29146861,VIBRATION,-0.9717813,OK
29148111,VIBRATION,-1.115636,OK
29149361,VIBRATION,-1.138477,OK
29150000,PRESSURE,101.2433,OK
29150000,TEMPERATURE,22.17177,OK
29150611,VIBRATION,-1.128502,OK
29151861,VIBRATION,-0.9788978,OK
29153111,VIBRATION,-1.641575,OK
29154362,VIBRATION,-1.847652,OK
29155612,VIBRATION,-1.270379,OK
29156861,VIBRATION,-1.632945,OK
29158111,VIBRATION,-1.594911,OK
29159361,VIBRATION,-2.070555,OK
29160000,PRESSURE,101.1875,OK
29160000,TEMPERATURE,22.25815,OK
29160611,VIBRATION,-1.070892,OK
29161861,VIBRATION,-0.8259492,OK
29163111,VIBRATION,-1.021729,OK
29164361,VIBRATION,-0.4875026,OK
29165611,VIBRATION,-0.4376099,OK
29166861,VIBRATION,-0.3906047,OK
29168111,VIBRATION,-0.2166303,OK
29169361,VIBRATION,-0.529585,OK
29170000,PRESSURE,101.1625,OK
29170000,TEMPERATURE,22.15226,OK
29170611,VIBRATION,-0.6454047,OK
29171861,VIBRATION,-0.5522701,OK
29173111,VIBRATION,-1.092829,OK
29174361,VIBRATION,-0.483274,OK
29175611,VIBRATION,-0.581494,OK
29176861,VIBRATION,-0.1832846,OK
29178111,VIBRATION,-0.0892788,OK
29179361,VIBRATION,0.5075842,OK
29180000,PRESSURE,101.1618,OK
29180000,TEMPERATURE,21.97726,OK
29180611,VIBRATION,0.4477406,OK
29181861,VIBRATION,0.6437436,OK
29183111,VIBRATION,0.559858,OK
29184362,VIBRATION,0.1743495,OK
29185611,VIBRATION,0.6458972,OK
29186861,VIBRATION,0.0186476,OK
29188111,VIBRATION,-0.3603742,OK
29189361,VIBRATION,-0.2722736,OK
29190000,PRESSURE,101.2215,OK
29190000,TEMPERATURE,21.90619,OK
29190611,VIBRATION,-2.575951e-05,OK
29191861,VIBRATION,0.1998156,OK
29193111,VIBRATION,0.3544983,OK
29194361,VIBRATION,-0.2740897,OK
29195611,VIBRATION,-0.4607405,OK
29196861,VIBRATION,-0.4010287,OK
29198111,VIBRATION,-0.8632247,OK
29199361,VIBRATION,-0.694294,OK
29200000,PRESSURE,101.301,OK
29200000,TEMPERATURE,21.91672,OK
29200611,VIBRATION,-0.6643582,OK
29201861,VIBRATION,-0.6908299,OK
29203111,VIBRATION,-0.1171031,OK
29204361,VIBRATION,-0.1303375,OK
29205611,VIBRATION,-0.1519276,OK
29206861,VIBRATION,-0.665101,OK
29208111,VIBRATION,-0.8525251,OK
29209361,VIBRATION,-1.139653,OK
29210000,PRESSURE,101.2672,OK
29210000,TEMPERATURE,21.94195,OK
29210611,VIBRATION,-1.237157,OK
29211861,VIBRATION,-0.8990629,OK
29213111,VIBRATION,-0.7133029,OK
29214361,VIBRATION,-0.6594482,OK
29215611,VIBRATION,-0.8660448,OK
29216861,VIBRATION,-0.8880271,OK
29218111,VIBRATION,-0.6627464,OK
29219361,VIBRATION,-0.4396515,OK
29220000,PRESSURE,101.197,OK
29220000,TEMPERATURE,21.98505,OK
29220611,VIBRATION,-1.222964,OK
29221861,VIBRATION,-1.898816,OK
29223111,VIBRATION,-1.769488,OK
29224361,VIBRATION,-1.559598,OK
29225611,VIBRATION,-2.15464,OK
29226861,VIBRATION,-2.03197,OK
29228111,VIBRATION,-2.129017,OK
29229361,VIBRATION,-1.996768,OK
29230000,PRESSURE,101.2127,OK
29230000,TEMPERATURE,22.17196,OK
29230611,VIBRATION,-2.215997,OK
29231861,VIBRATION,-1.907717,OK
29233111,VIBRATION,-1.682774,OK
29234361,VIBRATION,-1.54012,OK
29235611,VIBRATION,-1.50505,OK
29236861,VIBRATION,-1.312921,OK
29238111,VIBRATION,-0.8809508,OK
29239361,VIBRATION,-0.1606605,OK
29240000,PRESSURE,101.1467,OK
29240000,TEMPERATURE,22.24616,OK
29240611,VIBRATION,-0.5950139,OK
29241861,VIBRATION,-0.7761083,OK
29243111,VIBRATION,-1.172666,OK
29244361,VIBRATION,-1.294997,OK
29245611,VIBRATION,-1.469213,OK
29246861,VIBRATION,-1.230116,OK
29248111,VIBRATION,-1.247402,OK
29249361,VIBRATION,-1.047268,OK
29250000,PRESSURE,101.1646,OK
29250000,TEMPERATURE,22.25675,OK
29250612,VIBRATION,-0.8217779,OK
29251861,VIBRATION,-0.6171812,OK
29253111,VIBRATION,-0.5016577,OK
29254361,VIBRATION,-0.1116307,OK
29255611,VIBRATION,-0.2381565,OK
29256861,VIBRATION,0.01043623,OK
29258111,VIBRATION,-0.2440303,OK
29259361,VIBRATION,-0.3590733,OK
29260000,PRESSURE,101.1487,OK
29260000,TEMPERATURE,22.17824,OK
29260611,VIBRATION,0.07587974,OK
29261861,VIBRATION,0.1458432,OK
29263111,VIBRATION,0.5390399,OK
29264361,VIBRATION,0.7190472,OK
29265726,VIBRATION,0.8437915,OK
29266861,VIBRATION,1.178951,OK
29268111,VIBRATION,1.417806,OK
29269361,VIBRATION,1.338862,OK
29270000,PRESSURE,101.1417,OK
29270000,TEMPERATURE,22.11497,OK
29270611,VIBRATION,1.762842,OK
29271861,VIBRATION,1.757726,OK
29273111,VIBRATION,1.206384,OK
29274361,VIBRATION,1.318397,OK
29275611,VIBRATION,1.150307,OK
29276861,VIBRATION,1.228673,OK
29278111,VIBRATION,1.115276,OK
29279361,VIBRATION,1.825529,OK
29280000,PRESSURE,101.1187,OK
29280000,TEMPERATURE,22.24005,OK
29280611,VIBRATION,2.151362,OK
29281861,VIBRATION,1.989618,OK
29283111,VIBRATION,1.792944,OK
29284361,VIBRATION,1.719396,OK
29285611,VIBRATION,1.798703,OK
29286861,VIBRATION,1.782925,OK
29288111,VIBRATION,1.121614,OK
29289361,VIBRATION,1.329635,OK
29290000,PRESSURE,101.0813,OK
29290000,TEMPERATURE,22.25923,OK
29290611,VIBRATION,1.620676,OK
29291861,VIBRATION,1.494726,OK
29293111,VIBRATION,2.203328,OK
29294361,VIBRATION,2.67405,OK
29295612,VIBRATION,2.773954,OK
29296861,VIBRATION,2.917991,OK
29298111,VIBRATION,2.272412,OK
29299361,VIBRATION,2.384398,OK
29300000,PRESSURE,101.0514,OK
29300000,TEMPERATURE,22.12904,OK
29300612,VIBRATION,2.774593,OK
29301861,VIBRATION,2.562113,OK
29303111,VIBRATION,3.130716,OK
29304361,VIBRATION,2.987506,OK
29305611,VIBRATION,3.052479,OK
29306861,VIBRATION,2.371582,OK
29308111,VIBRATION,2.706299,OK
29309361,VIBRATION,2.484476,OK
29310000,PRESSURE,101.0132,OK
29310000,TEMPERATURE,22.17108,OK
29310611,VIBRATION,2.296281,OK
29311861,VIBRATION,2.774517,OK
29313111,VIBRATION,2.919235,OK
29314361,VIBRATION,2.604585,OK
29315611,VIBRATION,2.348247,OK
29316861,VIBRATION,2.1964,OK
29318111,VIBRATION,2.192958,OK
29319361,VIBRATION,1.146287,OK
29320000,PRESSURE,100.9695,OK
29320000,TEMPERATURE,22.19432,OK
29320611,VIBRATION,1.408845,OK
29321861,VIBRATION,1.462981,OK
29323111,VIBRATION,1.549271,OK
29324361,VIBRATION,1.614892,OK
29325611,VIBRATION,1.805767,OK
29326861,VIBRATION,1.299467,OK
29328111,VIBRATION,1.196865,OK
29329361,VIBRATION,1.085219,OK
29330000,PRESSURE,100.9755,OK
29330000,TEMPERATURE,22.25627,OK
29330611,VIBRATION,0.9653924,OK
29331861,VIBRATION,0.875472,OK
29333111,VIBRATION,0.5807293,OK
29334361,VIBRATION,0.5678692,OK
29335611,VIBRATION,0.4640791,OK
29336861,VIBRATION,0.4616495,OK
29338112,VIBRATION,0.5827894,OK
29339361,VIBRATION,0.3612195,OK
29340000,PRESSURE,100.9301,OK
29340000,TEMPERATURE,22.10198,OK
29340611,VIBRATION,0.2405896,OK
29341862,VIBRATION,0.386894,OK
29343111,VIBRATION,0.6970644,OK
29344361,VIBRATION,0.6574777,OK
29345612,VIBRATION,0.5037864,OK
29346861,VIBRATION,0.1185391,OK
29348111,VIBRATION,0.294785,OK
29349361,VIBRATION,0.5989747,OK
29350000,PRESSURE,100.9234,OK
29350000,TEMPERATURE,22.14883,OK
29350611,VIBRATION,1.054951,OK
29351861,VIBRATION,1.038759,OK
29353111,VIBRATION,0.8719085,OK
29354361,VIBRATION,1.028147,OK
29355611,VIBRATION,0.8048385,OK
29356861,VIBRATION,1.375905,OK
29358111,VIBRATION,1.326255,OK
29359361,VIBRATION,1.518412,OK
29360000,PRESSURE,100.9448,OK
29360000,TEMPERATURE,22.07525,OK
29360611,VIBRATION,1.451233,OK
29361861,VIBRATION,0.9830638,OK
29363111,VIBRATION,0.556277,OK
29364361,VIBRATION,0.248113,OK
29365611,VIBRATION,-0.1041122,OK
29366861,VIBRATION,-0.4605293,OK
29368111,VIBRATION,-0.2571111,OK
29369361,VIBRATION,-0.5868365,OK
29370000,PRESSURE,100.9824,OK
29370000,TEMPERATURE,22.00829,OK
29370611,VIBRATION,-0.989901,OK
29371861,VIBRATION,-0.8132358,OK
29373111,VIBRATION,-0.5115363,OK
29374361,VIBRATION,-0.888947,OK
29375611,VIBRATION,-0.9665364,OK
29376861,VIBRATION,-0.5706194,OK
29378111,VIBRATION,-0.8120959,OK
29379361,VIBRATION,-0.3296109,OK
29380000,PRESSURE,101.0147,OK
29380000,TEMPERATURE,22.07325,OK
29380611,VIBRATION,-0.325379,OK
29381861,VIBRATION,-0.5006095,OK
29383111,VIBRATION,-0.3594129,OK
29384362,VIBRATION,-0.6236141,OK
29385611,VIBRATION,-0.5737041,OK
29386861,VIBRATION,-0.9750464,OK
29388111,VIBRATION,-0.777991,OK
29389361,VIBRATION,-0.9806998,OK
29390000,PRESSURE,101.091,OK
29390000,TEMPERATURE,22.17193,OK
29390611,VIBRATION,-0.5751586,OK
29391861,VIBRATION,-0.9967223,OK
29393111,VIBRATION,-1.26507,OK
29394361,VIBRATION,-0.6389273,OK
29395611,VIBRATION,-0.186766,OK
29396861,VIBRATION,-0.7113168,OK
29398111,VIBRATION,-0.6712945,OK
29399361,VIBRATION,-1.019486,OK
29400000,PRESSURE,101.1835,OK
29400000,TEMPERATURE,22.18909,OK
29400611,VIBRATION,-1.032626,OK
29401861,VIBRATION,-0.7473957,OK
29403111,VIBRATION,-0.2712397,OK
29404361,VIBRATION,-0.3314498,OK
29405611,VIBRATION,-0.2430307,OK
29406862,VIBRATION,-0.4970001,OK
29408111,VIBRATION,-0.2255808,OK
29409361,VIBRATION,-0.7975933,OK
29410000,PRESSURE,101.1194,OK
29410000,TEMPERATURE,22.03008,OK
29410611,VIBRATION,-0.8582124,OK
29411861,VIBRATION,-0.9576777,OK
29413112,VIBRATION,-1.031638,OK
29414361,VIBRATION,-1.535061,OK
29415611,VIBRATION,-1.533386,OK
29416861,VIBRATION,-1.647752,OK
29418111,VIBRATION,-1.383845,OK
29419361,VIBRATION,-1.829165,OK
29420000,PRESSURE,101.1128,OK
29420000,TEMPERATURE,21.88184,OK
29420611,VIBRATION,-1.609328,OK
29421861,VIBRATION,-1.917413,OK
29423111,VIBRATION,-2.128462,OK
29424361,VIBRATION,-1.619289,OK
29425611,VIBRATION,-1.626351,OK
29426861,VIBRATION,-1.871878,OK
29428111,VIBRATION,-1.881331,OK
29429361,VIBRATION,-2.032319,OK
29430000,PRESSURE,101.1114,OK
29430000,TEMPERATURE,21.88511,OK
29430611,VIBRATION,-2.010554,OK
29431861,VIBRATION,-1.564189,OK
29433111,VIBRATION,-1.99323,OK
29434361,VIBRATION,-2.29226,OK
29435611,VIBRATION,-2.041452,OK
29436861,VIBRATION,-2.309939,OK
29438111,VIBRATION,-1.827333,OK
29439361,VIBRATION,-1.366994,OK
29440000,PRESSURE,101.1791,OK
29440000,TEMPERATURE,21.8289,OK
29440611,VIBRATION,-1.003427,OK
29441861,VIBRATION,-1.275615,OK
29443111,VIBRATION,-1.208787,OK
29444361,VIBRATION,-1.328658,OK
29445611,VIBRATION,-1.290952,OK
29446861,VIBRATION,-1.213277,OK
29448111,VIBRATION,-0.9997864,OK
29449361,VIBRATION,-0.587167,OK
29450000,PRESSURE,101.1827,OK
29450000,TEMPERATURE,21.62333,OK
29450612,VIBRATION,-0.2918383,OK
29451888,VIBRATION,-0.4363987,OK
29453111,VIBRATION,-0.1599551,OK
29454361,VIBRATION,-0.7886228,OK
29455611,VIBRATION,-0.5707589,OK
29456861,VIBRATION,-0.2939199,OK
29458111,VIBRATION,0.198874,OK
29459361,VIBRATION,0.5141065,OK
29460000,PRESSURE,101.2456,OK
29460000,TEMPERATURE,21.69074,OK
29460611,VIBRATION,0.8097368,OK
29461861,VIBRATION,0.5929998,OK
29463111,VIBRATION,0.4485363,OK
29464361,VIBRATION,0.4190108,OK
29465611,VIBRATION,0.310903,OK
29466861,VIBRATION,0.2662855,OK
29468111,VIBRATION,0.0258959,OK
29469361,VIBRATION,0.1849578,OK
29470000,PRESSURE,101.2998,OK
29470000,TEMPERATURE,21.7194,OK
29470611,VIBRATION,-0.0640326,OK
29471861,VIBRATION,-0.1248956,OK
29473111,VIBRATION,0.295114,OK
29474361,VIBRATION,0.4166584,OK
29475611,VIBRATION,0.2591388,OK
29476861,VIBRATION,0.2422923,OK
29478111,VIBRATION,0.1221123,OK
29479361,VIBRATION,-0.1057994,OK
29480000,PRESSURE,101.312,OK
29480000,TEMPERATURE,21.67053,OK
29480611,VIBRATION,-0.01784672,OK
29481861,VIBRATION,0.1132585,OK
29483111,VIBRATION,-0.1828218,OK
29484361,VIBRATION,-0.1093212,OK
29485611,VIBRATION,0.09610943,OK
29486861,VIBRATION,-0.1267593,OK
29488111,VIBRATION,0.4300031,OK
29489361,VIBRATION,0.7033373,OK
29490000,PRESSURE,101.3393,OK
29490000,TEMPERATURE,21.68692,OK
29490611,VIBRATION,0.9183046,OK
29491861,VIBRATION,0.7649707,OK
29493111,VIBRATION,0.7355229,OK
29494361,VIBRATION,0.4806417,OK
29495611,VIBRATION,0.1431663,OK
29496861,VIBRATION,0.5126505,OK
29498111,VIBRATION,0.6342858,OK
29499361,VIBRATION,1.091975,OK
29500000,PRESSURE,101.292,OK
29500000,TEMPERATURE,21.78263,OK
29500611,VIBRATION,1.037652,OK
29501861,VIBRATION,0.6047174,OK
29503111,VIBRATION,0.8370491,OK
29504362,VIBRATION,0.858646,OK
29505611,VIBRATION,0.8394306,OK
29506861,VIBRATION,0.4786744,OK
29508111,VIBRATION,0.2104831,OK
29509361,VIBRATION,0.5133947,OK
29510000,PRESSURE,101.3029,OK
29510000,TEMPERATURE,21.73301,OK
29510611,VIBRATION,0.2583694,OK
29511861,VIBRATION,0.1810448,OK
29513111,VIBRATION,0.5902511,OK
29514361,VIBRATION,0.7782672,OK
29515611,VIBRATION,1.023233,OK
29516861,VIBRATION,0.532892,OK
29518111,VIBRATION,0.4119778,OK
29519361,VIBRATION,0.3717347,OK
29520000,PRESSURE,101.129,OK
29520000,TEMPERATURE,21.81151,OK
29520611,VIBRATION,0.1539562,OK
29521861,VIBRATION,-0.07263906,OK
29523111,VIBRATION,0.08904734,OK
29524361,VIBRATION,0.1744392,OK
29525611,VIBRATION,0.1887131,OK
29526861,VIBRATION,0.2036232,OK
29528111,VIBRATION,0.4367795,OK
29529361,VIBRATION,0.2363937,OK
29530000,PRESSURE,101.0978,OK
29530000,TEMPERATURE,22.02625,OK
29530611,VIBRATION,0.07508275,OK
29531861,VIBRATION,0.0004737773,OK
29533111,VIBRATION,-0.3823924,OK
29534361,VIBRATION,-0.2395143,OK
29535611,VIBRATION,-0.2372972,OK
29536861,VIBRATION,-0.1003026,OK
29538111,VIBRATION,-0.009753686,OK
29539361,VIBRATION,0.2619479,OK
29540000,PRESSURE,101.112,OK
29540000,TEMPERATURE,22.02167,OK
29540611,VIBRATION,0.3885023,OK
29541861,VIBRATION,0.2699882,OK
29543111,VIBRATION,0.002949303,OK
29544361,VIBRATION,0.1534799,OK
29545611,VIBRATION,0.5257615,OK
29546861,VIBRATION,0.612412,OK
29548111,VIBRATION,0.9657714,OK
29549361,VIBRATION,1.462438,OK
29550000,PRESSURE,100.9932,OK
29550000,TEMPERATURE,21.99474,OK
29550611,VIBRATION,0.8253165,OK
29551861,VIBRATION,0.8164263,OK
29553111,VIBRATION,1.117569,OK
29554361,VIBRATION,0.6920414,OK
29555611,VIBRATION,0.240024,OK
29556861,VIBRATION,-0.2848085,OK
29558111,VIBRATION,-0.4743679,OK
29559361,VIBRATION,-0.7717216,OK
29560000,PRESSURE,101.004,OK
29560000,TEMPERATURE,22.00666,OK
29560611,VIBRATION,-0.7544851,OK
29561861,VIBRATION,-0.7474553,OK
29563111,VIBRATION,-0.696012,OK
29564361,VIBRATION,-0.6825365,OK
29565611,VIBRATION,-0.5481051,OK
29566861,VIBRATION,-0.2596468,OK
29568111,VIBRATION,0,COMM_ERROR
29569456,VIBRATION,-0.1014696,OK
29570015,PRESSURE,101.0235,OK
29570015,TEMPERATURE,22.15309,OK
29570611,VIBRATION,0.3367572,OK
29571861,VIBRATION,0.5805627,OK
29573111,VIBRATION,0.9863724,OK
29574361,VIBRATION,0.7899804,OK
29575611,VIBRATION,0.6829632,OK
29576861,VIBRATION,0.6337794,OK
29578111,VIBRATION,0.3638618,OK
29579361,VIBRATION,0.3070119,OK
29580000,PRESSURE,101.0186,OK
29580000,TEMPERATURE,22.02846,OK
29580611,VIBRATION,-0.4004584,OK
29581861,VIBRATION,-0.8944297,OK
29583111,VIBRATION,-0.432282,OK
29584361,VIBRATION,-0.4720139,OK
29585611,VIBRATION,0.2978305,OK
29586861,VIBRATION,0.4665408,OK
29588111,VIBRATION,0.6380108,OK
29589361,VIBRATION,0.9782118,OK
29590000,PRESSURE,101.0594,OK
29590000,TEMPERATURE,21.92832,OK
29590611,VIBRATION,1.120159,OK
29591861,VIBRATION,0.4549977,OK
29593111,VIBRATION,0.1393569,OK
29594361,VIBRATION,0.4386995,OK
29595611,VIBRATION,0.420259,OK
29596861,VIBRATION,0.2220747,OK
29598111,VIBRATION,0.6555977,OK
29599361,VIBRATION,1.102138,OK
29600000,PRESSURE,101.1034,OK
29600000,TEMPERATURE,22.00314,OK
29600611,VIBRATION,0.8223187,OK
29601861,VIBRATION,0.1552057,OK
29603111,VIBRATION,-0.03447292,OK
29604361,VIBRATION,0.1537278,OK
29605611,VIBRATION,0.4497184,OK
29606861,VIBRATION,0.2384291,OK
29608111,VIBRATION,0.6802535,OK
29609361,VIBRATION,0.3027155,OK
29610000,PRESSURE,101.1316,OK
29610000,TEMPERATURE,21.9477,OK
29610611,VIBRATION,0.7963048,OK
29611861,VIBRATION,0.5356405,OK
29613111,VIBRATION,0.1172138,OK
29614361,VIBRATION,0.07568645,OK
29615611,VIBRATION,0.2711747,OK
29616861,VIBRATION,0.1255359,OK
29618111,VIBRATION,0.5549974,OK
29619361,VIBRATION,0.1877248,OK
29620000,PRESSURE,101.0343,OK
29620000,TEMPERATURE,21.8286,OK
29620611,VIBRATION,-0.6531679,OK
29621861,VIBRATION,-0.8459916,OK
29623111,VIBRATION,-0.6585572,OK
29624361,VIBRATION,-0.3192061,OK
29625611,VIBRATION,-0.1491402,OK
29626861,VIBRATION,0.3007293,OK
29628111,VIBRATION,-0.123615,OK
29629361,VIBRATION,-0.1438787,OK
29630000,PRESSURE,101.0444,OK
29630000,TEMPERATURE,21.78813,OK
29630611,VIBRATION,-0.242557,OK
29631861,VIBRATION,-0.7869091,OK
29633111,VIBRATION,-0.4420765,OK
29634361,VIBRATION,-1.025081,OK
29635611,VIBRATION,-0.8637493,OK
29636861,VIBRATION,-1.240574,OK
29638111,VIBRATION,-1.412897,OK
29639361,VIBRATION,-1.138097,OK
29640000,PRESSURE,101.0451,OK
29640000,TEMPERATURE,21.77961,OK
29640611,VIBRATION,-0.9545729,OK
29641861,VIBRATION,-0.9171118,OK
29643111,VIBRATION,-0.9365888,OK
29644361,VIBRATION,-0.6696371,OK
29645611,VIBRATION,-0.6926163,OK
29646861,VIBRATION,-0.9804469,OK
29648111,VIBRATION,-1.293253,OK
29649361,VIBRATION,-1.603876,OK
29650000,PRESSURE,101.0622,OK
29650000,TEMPERATURE,21.95652,OK
29650611,VIBRATION,-1.294024,OK
29651861,VIBRATION,-1.0182,OK
29653111,VIBRATION,-0.8910241,OK
29654361,VIBRATION,-1.41452,OK
29655611,VIBRATION,-0.9350464,OK
29656861,VIBRATION,-1.144551,OK
29658111,VIBRATION,-1.401248,OK
29659361,VIBRATION,-1.897011,OK
29660000,PRESSURE,101.0853,OK
29660000,TEMPERATURE,21.9362,OK
29660611,VIBRATION,-1.403513,OK
29661861,VIBRATION,-0.8859329,OK
29663111,VIBRATION,-0.6694195,OK
29664361,VIBRATION,-0.3076833,OK
29665611,VIBRATION,0.2438061,OK
29666861,VIBRATION,0.2554861,OK
29668111,VIBRATION,0.5173579,OK
29669361,VIBRATION,0.5850943,OK
29670000,PRESSURE,101.0188,OK
29670000,TEMPERATURE,21.9624,OK
29670611,VIBRATION,0.7416817,OK
29671861,VIBRATION,0.390658,OK
29673111,VIBRATION,0.5279605,OK
29674361,VIBRATION,0.5902218,OK
29675611,VIBRATION,0.7707635,OK
29676861,VIBRATION,1.077358,OK
29678111,VIBRATION,1.00825,OK
29679361,VIBRATION,0.8698044,OK
29680000,PRESSURE,100.9371,OK
29680000,TEMPERATURE,21.76184,OK
29680611,VIBRATION,0.9389848,OK
29681861,VIBRATION,1.05057,OK
29683111,VIBRATION,0.8003874,OK
29684361,VIBRATION,0.7812264,OK
29685611,VIBRATION,0.6197249,OK
29686861,VIBRATION,-0.157292,OK
29688111,VIBRATION,-0.5170231,OK
29689361,VIBRATION,-0.7882395,OK
29690000,PRESSURE,100.8883,OK
29690000,TEMPERATURE,21.80545,OK
29690611,VIBRATION,-0.8299854,OK
29691861,VIBRATION,-0.7429357,OK
29693111,VIBRATION,-0.6690606,OK
29694361,VIBRATION,-0.8671494,OK
29695611,VIBRATION,-0.9576108,OK
29696861,VIBRATION,-1.016087,OK
29698111,VIBRATION,-0.7678948,OK
29699361,VIBRATION,-0.624179,OK
29700000,PRESSURE,100.9376,OK
29700000,TEMPERATURE,21.84753,OK
29700611,VIBRATION,-0.6993114,OK
29701861,VIBRATION,-1.026847,OK
29703111,VIBRATION,-0.8914111,OK
29704361,VIBRATION,-0.8809412,OK
29705611,VIBRATION,-1.093257,OK
29706861,VIBRATION,-1.408513,OK
29708111,VIBRATION,-1.018576,OK
29709361,VIBRATION,-1.232399,OK
29710000,PRESSURE,101.0033,OK
29710000,TEMPERATURE,21.86653,OK
29710611,VIBRATION,-0.9842433,OK
29711861,VIBRATION,-0.8184014,OK
29713111,VIBRATION,-0.7419116,OK
29714361,VIBRATION,-0.4113298,OK
29715611,VIBRATION,-0.3760554,OK
29716861,VIBRATION,-0.3089109,OK
29718111,VIBRATION,-0.0280457,OK
29719361,VIBRATION,-0.2994002,OK
29720000,PRESSURE,101.0802,OK
29720000,TEMPERATURE,21.79581,OK
29720611,VIBRATION,-0.154312,OK
29721861,VIBRATION,0.01311139,OK
29723111,VIBRATION,0.4693383,OK
29724361,VIBRATION,0.4874973,OK
29725611,VIBRATION,0.7721099,OK
29726861,VIBRATION,1.014581,OK
29728111,VIBRATION,0.7872544,OK
29729361,VIBRATION,0.7402494,OK
29730000,PRESSURE,101.1089,OK
29730000,TEMPERATURE,21.70028,OK
29730611,VIBRATION,0.902231,OK
29731861,VIBRATION,0.8991776,OK
29733111,VIBRATION,1.046084,OK
29734361,VIBRATION,0.9725867,OK
29735611,VIBRATION,0.7136173,OK
29736861,VIBRATION,0.6902415,OK
29738111,VIBRATION,0.1225928,OK
29739361,VIBRATION,-0.4604517,OK
29740000,PRESSURE,101.2185,OK
29740000,TEMPERATURE,21.62619,OK
29740611,VIBRATION,-0.2610562,OK
29741861,VIBRATION,0.3389341,OK
29743111,VIBRATION,0.6845639,OK
29744361,VIBRATION,0.1904323,OK
29745611,VIBRATION,0.4148671,OK
29746861,VIBRATION,0.666122,OK
29748111,VIBRATION,0.691182,OK
29749361,VIBRATION,0.8158453,OK
29750000,PRESSURE,101.3109,OK
29750000,TEMPERATURE,21.49459,OK
29750611,VIBRATION,1.027516,OK
29751861,VIBRATION,1.412986,OK
29753111,VIBRATION,1.721674,OK
29754361,VIBRATION,1.782378,OK
29755611,VIBRATION,1.856154,OK
29756861,VIBRATION,1.845516,OK
29758111,VIBRATION,1.679725,OK
29759361,VIBRATION,1.963807,OK
29760000,PRESSURE,101.3274,OK
29760000,TEMPERATURE,21.55857,OK
29760611,VIBRATION,2.257766,OK
29761861,VIBRATION,2.216381,OK
29763111,VIBRATION,2.043275,OK
29764361,VIBRATION,2.505921,OK
29765611,VIBRATION,2.264418,OK
29766861,VIBRATION,2.80129,OK
29768111,VIBRATION,2.968313,OK
29769361,VIBRATION,2.903396,OK
29770000,PRESSURE,101.2956,OK
29770000,TEMPERATURE,21.47442,OK
29770611,VIBRATION,2.16018,OK
29771861,VIBRATION,2.286096,OK
29773111,VIBRATION,1.78171,OK
29774361,VIBRATION,1.914848,OK
29775611,VIBRATION,1.92998,OK
29776861,VIBRATION,1.905322,OK
29778111,VIBRATION,2.293504,OK
29779361,VIBRATION,2.493653,OK
29780000,PRESSURE,101.3921,OK
29780000,TEMPERATURE,21.5062,OK
29780628,VIBRATION,2.213927,OK
29781861,VIBRATION,2.213466,OK
29783111,VIBRATION,1.99042,OK
29784361,VIBRATION,1.842792,OK
29785611,VIBRATION,1.520348,OK
29786861,VIBRATION,1.22837,OK
29788111,VIBRATION,1.182246,OK
29789361,VIBRATION,1.147679,OK
29790000,PRESSURE,101.3871,OK
29790000,TEMPERATURE,21.57412,OK
29790611,VIBRATION,1.130762,OK
29791861,VIBRATION,0.5355773,OK
29793111,VIBRATION,0.2597184,OK
29794361,VIBRATION,0.4183528,OK
29795611,VIBRATION,0.4576557,OK
29796861,VIBRATION,0.2043275,OK
29798111,VIBRATION,0.1243479,OK
29799361,VIBRATION,0.3305463,OK
29800000,PRESSURE,101.2955,OK
29800000,TEMPERATURE,21.77973,OK
29800611,VIBRATION,0.1777921,OK
29801861,VIBRATION,0.2790382,OK
29803111,VIBRATION,0.6390319,OK
29804361,VIBRATION,0.9850195,OK
29805611,VIBRATION,0.9628768,OK
29806862,VIBRATION,0.8749535,OK
29808111,VIBRATION,0.5095014,OK
29809361,VIBRATION,0.7528212,OK
29810000,PRESSURE,101.3179,OK
29810000,TEMPERATURE,21.73108,OK
29810611,VIBRATION,0.8784632,OK
29811861,VIBRATION,0.1821179,OK
29813111,VIBRATION,-0.3495766,OK
29814421,VIBRATION,-0.7958367,OK
29815611,VIBRATION,-1.065418,OK
29816861,VIBRATION,-0.7656699,OK
29818111,VIBRATION,-1.025886,OK
29819361,VIBRATION,-1.474119,OK
29820000,PRESSURE,101.3656,OK
29820000,TEMPERATURE,21.57245,OK
29820611,VIBRATION,-1.595637,OK
29821861,VIBRATION,-1.081291,OK
29823111,VIBRATION,-0.9983373,OK
29824361,VIBRATION,-1.466193,OK
29825611,VIBRATION,-1.84724,OK
29826861,VIBRATION,-1.647652,OK
29828111,VIBRATION,-1.266918,OK
29829361,VIBRATION,-1.089353,OK
29830000,PRESSURE,101.2268,OK
29830000,TEMPERATURE,21.4504,OK
29830611,VIBRATION,-0.6444043,OK
29831861,VIBRATION,-0.4594696,OK
29833111,VIBRATION,-0.4844318,OK
29834361,VIBRATION,-0.3338271,OK
29835611,VIBRATION,-0.3637454,OK
29836861,VIBRATION,-0.5713998,OK
29838111,VIBRATION,-1.231182,OK
29839361,VIBRATION,-0.9302528,OK
29840000,PRESSURE,101.3244,OK
29840000,TEMPERATURE,21.43215,OK
29840611,VIBRATION,-1.346613,OK
29841861,VIBRATION,-1.548737,OK
29843111,VIBRATION,-1.620478,OK
29844361,VIBRATION,-1.365158,OK
29845611,VIBRATION,-1.297204,OK
29846861,VIBRATION,-1.341268,OK
29848111,VIBRATION,-1.44518,OK
29849379,VIBRATION,-1.149213,OK
29850000,PRESSURE,101.3496,OK
29850000,TEMPERATURE,21.53803,OK
29850611,VIBRATION,-0.9756168,OK
29851861,VIBRATION,-0.6930317,OK
29853111,VIBRATION,-0.867104,OK
29854361,VIBRATION,-1.301877,OK
29855611,VIBRATION,-1.395174,OK
29856861,VIBRATION,-1.160458,OK
29858111,VIBRATION,-0.7776354,OK
29859361,VIBRATION,-0.6753456,OK
29860000,PRESSURE,101.3478,OK
29860000,TEMPERATURE,21.44465,OK
29860611,VIBRATION,-0.643862,OK
29861861,VIBRATION,-1.161713,OK
29863111,VIBRATION,-1.118297,OK
29864361,VIBRATION,-0.3438746,OK
29865611,VIBRATION,-0.06566727,OK
29866861,VIBRATION,-0.1851957,OK
29868111,VIBRATION,-0.5103572,OK
29869361,VIBRATION,-0.3571136,OK
29870000,PRESSURE,101.289,OK
29870000,TEMPERATURE,21.38709,OK
29870611,VIBRATION,0.2565744,OK
29871861,VIBRATION,-0.03859401,OK
29873111,VIBRATION,-0.09870803,OK
29874361,VIBRATION,0.03631809,OK
29875611,VIBRATION,0.08794853,OK
29876861,VIBRATION,0.02767661,OK
29878111,VIBRATION,0.5115914,OK
29879361,VIBRATION,0.4537149,OK
29880000,PRESSURE,101.2375,OK
29880000,TEMPERATURE,21.40146,OK
29880611,VIBRATION,0.04594225,OK
29881861,VIBRATION,-0.2308744,OK
29883111,VIBRATION,-0.2753726,OK
29884361,VIBRATION,-0.7178249,OK
29885611,VIBRATION,-0.5184004,OK
29886861,VIBRATION,-0.7095285,OK
29888111,VIBRATION,-0.5880801,OK
29889361,VIBRATION,-1.072683,OK
29890000,PRESSURE,101.1887,OK
29890000,TEMPERATURE,21.38846,OK
29890611,VIBRATION,-1.554087,OK
29891861,VIBRATION,-1.802478,OK
29893111,VIBRATION,-2.078277,OK
29894361,VIBRATION,-2.194982,OK
29895611,VIBRATION,-2.026509,OK
29896861,VIBRATION,-1.52602,OK
29898111,VIBRATION,-1.54865,OK
29899361,VIBRATION,-1.131642,OK
29900000,PRESSURE,101.2203,OK
29900000,TEMPERATURE,21.59578,OK
29900611,VIBRATION,-0.8605305,OK
29901861,VIBRATION,-1.402947,OK
29903111,VIBRATION,-0.5453729,OK
29904361,VIBRATION,-0.1246773,OK
29905611,VIBRATION,0.004520585,OK
29906861,VIBRATION,-0.2909959,OK
29908111,VIBRATION,-0.6121043,OK
29909361,VIBRATION,-0.3693446,OK
29910000,PRESSURE,101.2026,OK
29910000,TEMPERATURE,21.56709,OK
29910611,VIBRATION,-0.0419345,OK
29911861,VIBRATION,0.2659572,OK
29913111,VIBRATION,0.383883,OK
29914361,VIBRATION,-0.08980373,OK
29915611,VIBRATION,-0.1387265,OK
29916861,VIBRATION,0.1365049,OK
29918111,VIBRATION,0.1962502,OK
29919361,VIBRATION,-0.4197339,OK
29920000,PRESSURE,101.156,OK
29920000,TEMPERATURE,21.72307,OK
29920611,VIBRATION,0.1522833,OK
29921861,VIBRATION,0.2325689,OK
29923111,VIBRATION,0.5079823,OK
29924361,VIBRATION,-0.04639551,OK
29925611,VIBRATION,-0.4873893,OK
29926861,VIBRATION,-0.5643745,OK
29928111,VIBRATION,-0.7713884,OK
29929361,VIBRATION,-1.123053,OK
29930000,PRESSURE,101.1508,OK
29930000,TEMPERATURE,21.69528,OK
29930611,VIBRATION,-0.889388,OK
29931861,VIBRATION,-0.8296198,OK
29933111,VIBRATION,-0.8907064,OK
29934361,VIBRATION,-0.1341477,OK
29935611,VIBRATION,-0.477004,OK
29936861,VIBRATION,-0.3509671,OK
29938111,VIBRATION,-0.2914669,OK
29939361,VIBRATION,-0.4533909,OK
29940000,PRESSURE,101.1798,OK
29940000,TEMPERATURE,21.57783,OK
29940611,VIBRATION,-0.5118615,OK
29941861,VIBRATION,0.04039366,OK
29943111,VIBRATION,-0.6476347,OK
29944361,VIBRATION,-0.2271665,OK
29945611,VIBRATION,-0.5974362,OK
29946861,VIBRATION,-0.6746666,OK
29948111,VIBRATION,-0.9776473,OK
29949361,VIBRATION,-1.304414,OK
29950000,PRESSURE,101.2369,OK
29950000,TEMPERATURE,21.79834,OK
29950611,VIBRATION,-1.229644,OK
29951861,VIBRATION,-1.351326,OK
29953111,VIBRATION,-0.8955501,OK
29954361,VIBRATION,-0.5829645,OK
29955611,VIBRATION,-0.4539319,OK
29956861,VIBRATION,-0.413553,OK
29958111,VIBRATION,-0.2812697,OK
29959361,VIBRATION,0.4357637,OK
29960000,PRESSURE,101.2388,OK
29960000,TEMPERATURE,21.72047,OK
29960611,VIBRATION,0.7419312,OK
29961861,VIBRATION,1.112541,OK
29963111,VIBRATION,0.8774299,OK
29964361,VIBRATION,1.131412,OK
29965611,VIBRATION,1.335216,OK
29966861,VIBRATION,1.242579,OK
29968111,VIBRATION,1.868433,OK
29969361,VIBRATION,1.753317,OK
29970000,PRESSURE,101.2378,OK
29970000,TEMPERATURE,21.76591,OK
29970611,VIBRATION,1.649314,OK
29971861,VIBRATION,2.102658,OK
29973111,VIBRATION,2.102429,OK
29974361,VIBRATION,1.916434,OK
29975611,VIBRATION,1.745855,OK
29976861,VIBRATION,1.560054,OK
29978111,VIBRATION,1.426,OK
29979361,VIBRATION,1.193762,OK
29980000,PRESSURE,101.2039,OK
29980000,TEMPERATURE,21.67549,OK
29980611,VIBRATION,1.138141,OK
29981861,VIBRATION,0.7808291,OK
29983111,VIBRATION,0.7112097,OK
29984361,VIBRATION,0.2084707,OK
29985611,VIBRATION,-0.04674431,OK
29986867,VIBRATION,0.2850512,OK
29988111,VIBRATION,0.545062,OK
29989361,VIBRATION,0.3371702,OK
29990000,PRESSURE,101.2294,OK
29990000,TEMPERATURE,21.74718,OK
29990611,VIBRATION,0.3414272,OK
29991861,VIBRATION,0.3896341,OK
29993111,VIBRATION,0.6425759,OK
29994361,VIBRATION,0.5405657,OK
29995611,VIBRATION,0.7462985,OK
29996861,VIBRATION,0.5190517,OK
29998111,VIBRATION,0.2929719,OK
29999361,VIBRATION,0.3965121,OK
